lookback_1,label,duration,file,position
0,65600,0.25,"Agnew, Roy, 2 Piano Pieces, FxJoaQcBkvw.mid",0
65600,16,5/12,"Agnew, Roy, 2 Piano Pieces, FxJoaQcBkvw.mid",1
16,16,1/12,"Agnew, Roy, 2 Piano Pieces, FxJoaQcBkvw.mid",2
16,32,2/3,"Agnew, Roy, 2 Piano Pieces, FxJoaQcBkvw.mid",3
32,131584,2/3,"Agnew, Roy, 2 Piano Pieces, FxJoaQcBkvw.mid",4
131584,135680,0.25,"Agnew, Roy, 2 Piano Pieces, FxJoaQcBkvw.mid",5
135680,135680,1/6,"Agnew, Roy, 2 Piano Pieces, FxJoaQcBkvw.mid",6
135680,4608,1/6,"Agnew, Roy, 2 Piano Pieces, FxJoaQcBkvw.mid",7
4608,71680,1/12,"Agnew, Roy, 2 Piano Pieces, FxJoaQcBkvw.mid",8
71680,67584,1/6,"Agnew, Roy, 2 Piano Pieces, FxJoaQcBkvw.mid",9
67584,16,0.25,"Agnew, Roy, 2 Piano Pieces, FxJoaQcBkvw.mid",10
16,65664,7/12,"Agnew, Roy, 2 Piano Pieces, FxJoaQcBkvw.mid",11
65664,69760,5/12,"Agnew, Roy, 2 Piano Pieces, FxJoaQcBkvw.mid",12
69760,69760,0.25,"Agnew, Roy, 2 Piano Pieces, FxJoaQcBkvw.mid",13
69760,69760,0.5,"Agnew, Roy, 2 Piano Pieces, FxJoaQcBkvw.mid",14
69760,86144,0.5,"Agnew, Roy, 2 Piano Pieces, FxJoaQcBkvw.mid",15
86144,86144,2/3,"Agnew, Roy, 2 Piano Pieces, FxJoaQcBkvw.mid",16
86144,530432,1/12,"Agnew, Roy, 2 Piano Pieces, FxJoaQcBkvw.mid",17
530432,530432,1/6,"Agnew, Roy, 2 Piano Pieces, FxJoaQcBkvw.mid",18
530432,4224,1/3,"Agnew, Roy, 2 Piano Pieces, FxJoaQcBkvw.mid",19
4224,4256,0.75,"Agnew, Roy, 2 Piano Pieces, FxJoaQcBkvw.mid",20
4256,4768,5/12,"Agnew, Roy, 2 Piano Pieces, FxJoaQcBkvw.mid",21
4768,4640,1/12,"Agnew, Roy, 2 Piano Pieces, FxJoaQcBkvw.mid",22
4640,4608,1/6,"Agnew, Roy, 2 Piano Pieces, FxJoaQcBkvw.mid",23
4608,4112,1/3,"Agnew, Roy, 2 Piano Pieces, FxJoaQcBkvw.mid",24
4112,4112,5/3,"Agnew, Roy, 2 Piano Pieces, FxJoaQcBkvw.mid",25
4112,4100,1.25,"Agnew, Roy, 2 Piano Pieces, FxJoaQcBkvw.mid",26
4100,4,1/3,"Agnew, Roy, 2 Piano Pieces, FxJoaQcBkvw.mid",27
4,2052,1/12,"Agnew, Roy, 2 Piano Pieces, FxJoaQcBkvw.mid",28
2052,2048,2/3,"Agnew, Roy, 2 Piano Pieces, FxJoaQcBkvw.mid",29
2048,1,1.0,"Agnew, Roy, 2 Piano Pieces, FxJoaQcBkvw.mid",30
1,17,0.25,"Agnew, Roy, 2 Piano Pieces, FxJoaQcBkvw.mid",31
17,71680,5/12,"Agnew, Roy, 2 Piano Pieces, FxJoaQcBkvw.mid",32
71680,595968,1/3,"Agnew, Roy, 2 Piano Pieces, FxJoaQcBkvw.mid",33
595968,144,1/6,"Agnew, Roy, 2 Piano Pieces, FxJoaQcBkvw.mid",34
144,16,1/12,"Agnew, Roy, 2 Piano Pieces, FxJoaQcBkvw.mid",35
16,2048,0.5,"Agnew, Roy, 2 Piano Pieces, FxJoaQcBkvw.mid",36
2048,2052,0.75,"Agnew, Roy, 2 Piano Pieces, FxJoaQcBkvw.mid",37
2052,2564,0.5,"Agnew, Roy, 2 Piano Pieces, FxJoaQcBkvw.mid",38
2564,2692,0.75,"Agnew, Roy, 2 Piano Pieces, FxJoaQcBkvw.mid",39
2692,2692,0.25,"Agnew, Roy, 2 Piano Pieces, FxJoaQcBkvw.mid",40
2692,2756,0.5,"Agnew, Roy, 2 Piano Pieces, FxJoaQcBkvw.mid",41
2756,2756,0.5,"Agnew, Roy, 2 Piano Pieces, FxJoaQcBkvw.mid",42
2756,128,2/3,"Agnew, Roy, 2 Piano Pieces, FxJoaQcBkvw.mid",43
128,128,7/12,"Agnew, Roy, 2 Piano Pieces, FxJoaQcBkvw.mid",44
128,16512,0.5,"Agnew, Roy, 2 Piano Pieces, FxJoaQcBkvw.mid",45
16512,18560,0.25,"Agnew, Roy, 2 Piano Pieces, FxJoaQcBkvw.mid",46
18560,18560,1/3,"Agnew, Roy, 2 Piano Pieces, FxJoaQcBkvw.mid",47
18560,18560,5/12,"Agnew, Roy, 2 Piano Pieces, FxJoaQcBkvw.mid",48
18560,16512,0.25,"Agnew, Roy, 2 Piano Pieces, FxJoaQcBkvw.mid",49
16512,16512,1/3,"Agnew, Roy, 2 Piano Pieces, FxJoaQcBkvw.mid",50
16512,16512,1/12,"Agnew, Roy, 2 Piano Pieces, FxJoaQcBkvw.mid",51
16512,132,1/12,"Agnew, Roy, 2 Piano Pieces, FxJoaQcBkvw.mid",52
132,16512,1/6,"Agnew, Roy, 2 Piano Pieces, FxJoaQcBkvw.mid",53
16512,67616,0.25,"Agnew, Roy, 2 Piano Pieces, FxJoaQcBkvw.mid",54
67616,65568,1/3,"Agnew, Roy, 2 Piano Pieces, FxJoaQcBkvw.mid",55
65568,81952,0.5,"Agnew, Roy, 2 Piano Pieces, FxJoaQcBkvw.mid",56
81952,81952,1/6,"Agnew, Roy, 2 Piano Pieces, FxJoaQcBkvw.mid",57
81952,81952,1/6,"Agnew, Roy, 2 Piano Pieces, FxJoaQcBkvw.mid",58
81952,32,1/12,"Agnew, Roy, 2 Piano Pieces, FxJoaQcBkvw.mid",59
32,4240,2/3,"Agnew, Roy, 2 Piano Pieces, FxJoaQcBkvw.mid",60
4240,4240,1/3,"Agnew, Roy, 2 Piano Pieces, FxJoaQcBkvw.mid",61
4240,144,1/6,"Agnew, Roy, 2 Piano Pieces, FxJoaQcBkvw.mid",62
144,4240,1/3,"Agnew, Roy, 2 Piano Pieces, FxJoaQcBkvw.mid",63
4240,1,1/6,"Agnew, Roy, 2 Piano Pieces, FxJoaQcBkvw.mid",64
1,4128,0.25,"Agnew, Roy, 2 Piano Pieces, FxJoaQcBkvw.mid",65
4128,4132,0.5,"Agnew, Roy, 2 Piano Pieces, FxJoaQcBkvw.mid",66
4132,4644,1/6,"Agnew, Roy, 2 Piano Pieces, FxJoaQcBkvw.mid",67
4644,4644,1/12,"Agnew, Roy, 2 Piano Pieces, FxJoaQcBkvw.mid",68
4644,4644,1/3,"Agnew, Roy, 2 Piano Pieces, FxJoaQcBkvw.mid",69
4644,549,1/12,"Agnew, Roy, 2 Piano Pieces, FxJoaQcBkvw.mid",70
549,549,0.25,"Agnew, Roy, 2 Piano Pieces, FxJoaQcBkvw.mid",71
549,517,1/12,"Agnew, Roy, 2 Piano Pieces, FxJoaQcBkvw.mid",72
517,513,1/12,"Agnew, Roy, 2 Piano Pieces, FxJoaQcBkvw.mid",73
513,542720,0.5,"Agnew, Roy, 2 Piano Pieces, FxJoaQcBkvw.mid",74
542720,542720,0.5,"Agnew, Roy, 2 Piano Pieces, FxJoaQcBkvw.mid",75
542720,542720,0.25,"Agnew, Roy, 2 Piano Pieces, FxJoaQcBkvw.mid",76
542720,18576,0.5,"Agnew, Roy, 2 Piano Pieces, FxJoaQcBkvw.mid",77
18576,591872,1/6,"Agnew, Roy, 2 Piano Pieces, FxJoaQcBkvw.mid",78
591872,2048,1/12,"Agnew, Roy, 2 Piano Pieces, FxJoaQcBkvw.mid",79
2048,18464,2/3,"Agnew, Roy, 2 Piano Pieces, FxJoaQcBkvw.mid",80
18464,18464,0.5,"Agnew, Roy, 2 Piano Pieces, FxJoaQcBkvw.mid",81
18464,18464,1/12,"Agnew, Roy, 2 Piano Pieces, FxJoaQcBkvw.mid",82
18464,18592,5/12,"Agnew, Roy, 2 Piano Pieces, FxJoaQcBkvw.mid",83
18592,132,1/12,"Agnew, Roy, 2 Piano Pieces, FxJoaQcBkvw.mid",84
132,144,7/12,"Agnew, Roy, 2 Piano Pieces, FxJoaQcBkvw.mid",85
144,4240,2/3,"Agnew, Roy, 2 Piano Pieces, FxJoaQcBkvw.mid",86
4240,4240,0.5,"Agnew, Roy, 2 Piano Pieces, FxJoaQcBkvw.mid",87
4240,129,1/12,"Agnew, Roy, 2 Piano Pieces, FxJoaQcBkvw.mid",88
129,128,1/6,"Agnew, Roy, 2 Piano Pieces, FxJoaQcBkvw.mid",89
128,4644,0.75,"Agnew, Roy, 2 Piano Pieces, FxJoaQcBkvw.mid",90
4644,4644,0.25,"Agnew, Roy, 2 Piano Pieces, FxJoaQcBkvw.mid",91
4644,152192,7/12,"Agnew, Roy, 2 Piano Pieces, FxJoaQcBkvw.mid",92
152192,154240,2/3,"Agnew, Roy, 2 Piano Pieces, FxJoaQcBkvw.mid",93
154240,23040,1/12,"Agnew, Roy, 2 Piano Pieces, FxJoaQcBkvw.mid",94
23040,2560,1/6,"Agnew, Roy, 2 Piano Pieces, FxJoaQcBkvw.mid",95
2560,512,1/12,"Agnew, Roy, 2 Piano Pieces, FxJoaQcBkvw.mid",96
512,659968,2/3,"Agnew, Roy, 2 Piano Pieces, FxJoaQcBkvw.mid",97
659968,659968,0.25,"Agnew, Roy, 2 Piano Pieces, FxJoaQcBkvw.mid",98
659968,725504,0.5,"Agnew, Roy, 2 Piano Pieces, FxJoaQcBkvw.mid",99
725504,4272,1/12,"Agnew, Roy, 2 Piano Pieces, FxJoaQcBkvw.mid",100
4272,4112,1/6,"Agnew, Roy, 2 Piano Pieces, FxJoaQcBkvw.mid",101
4112,67712,1.0,"Agnew, Roy, 2 Piano Pieces, FxJoaQcBkvw.mid",102
67712,4640,1.0,"Agnew, Roy, 2 Piano Pieces, FxJoaQcBkvw.mid",103
4640,4640,0.5,"Agnew, Roy, 2 Piano Pieces, FxJoaQcBkvw.mid",104
4640,4640,1/3,"Agnew, Roy, 2 Piano Pieces, FxJoaQcBkvw.mid",105
4640,6688,2/3,"Agnew, Roy, 2 Piano Pieces, FxJoaQcBkvw.mid",106
6688,6688,1/12,"Agnew, Roy, 2 Piano Pieces, FxJoaQcBkvw.mid",107
6688,6688,0.25,"Agnew, Roy, 2 Piano Pieces, FxJoaQcBkvw.mid",108
6688,6688,7/6,"Agnew, Roy, 2 Piano Pieces, FxJoaQcBkvw.mid",109
6688,72224,1.5,"Agnew, Roy, 2 Piano Pieces, FxJoaQcBkvw.mid",110
72224,4640,5/6,"Agnew, Roy, 2 Piano Pieces, FxJoaQcBkvw.mid",111
4640,71680,0.75,"Agnew, Roy, 2 Piano Pieces, FxJoaQcBkvw.mid",112
71680,6144,1/12,"Agnew, Roy, 2 Piano Pieces, FxJoaQcBkvw.mid",113
6144,2048,1/6,"Agnew, Roy, 2 Piano Pieces, FxJoaQcBkvw.mid",114
2048,512,0.75,"Agnew, Roy, 2 Piano Pieces, FxJoaQcBkvw.mid",115
512,4608,0.25,"Agnew, Roy, 2 Piano Pieces, FxJoaQcBkvw.mid",116
4608,4608,5/12,"Agnew, Roy, 2 Piano Pieces, FxJoaQcBkvw.mid",117
4608,4624,7/12,"Agnew, Roy, 2 Piano Pieces, FxJoaQcBkvw.mid",118
4624,4752,5/12,"Agnew, Roy, 2 Piano Pieces, FxJoaQcBkvw.mid",119
4752,640,1/12,"Agnew, Roy, 2 Piano Pieces, FxJoaQcBkvw.mid",120
640,2048,0.25,"Agnew, Roy, 2 Piano Pieces, FxJoaQcBkvw.mid",121
2048,2048,1/3,"Agnew, Roy, 2 Piano Pieces, FxJoaQcBkvw.mid",122
2048,2052,5/12,"Agnew, Roy, 2 Piano Pieces, FxJoaQcBkvw.mid",123
2052,2564,0.75,"Agnew, Roy, 2 Piano Pieces, FxJoaQcBkvw.mid",124
2564,2692,0.5,"Agnew, Roy, 2 Piano Pieces, FxJoaQcBkvw.mid",125
2692,2692,1/3,"Agnew, Roy, 2 Piano Pieces, FxJoaQcBkvw.mid",126
2692,2756,5/12,"Agnew, Roy, 2 Piano Pieces, FxJoaQcBkvw.mid",127
2756,2756,1/3,"Agnew, Roy, 2 Piano Pieces, FxJoaQcBkvw.mid",128
2756,2688,1/12,"Agnew, Roy, 2 Piano Pieces, FxJoaQcBkvw.mid",129
2688,2560,1/12,"Agnew, Roy, 2 Piano Pieces, FxJoaQcBkvw.mid",130
2560,2048,1/12,"Agnew, Roy, 2 Piano Pieces, FxJoaQcBkvw.mid",131
2048,526336,1/6,"Agnew, Roy, 2 Piano Pieces, FxJoaQcBkvw.mid",132
526336,128,0.5,"Agnew, Roy, 2 Piano Pieces, FxJoaQcBkvw.mid",133
128,128,1/3,"Agnew, Roy, 2 Piano Pieces, FxJoaQcBkvw.mid",134
128,16512,2/3,"Agnew, Roy, 2 Piano Pieces, FxJoaQcBkvw.mid",135
16512,18560,2/3,"Agnew, Roy, 2 Piano Pieces, FxJoaQcBkvw.mid",136
18560,84096,7/12,"Agnew, Roy, 2 Piano Pieces, FxJoaQcBkvw.mid",137
84096,84096,1/12,"Agnew, Roy, 2 Piano Pieces, FxJoaQcBkvw.mid",138
84096,2048,1/6,"Agnew, Roy, 2 Piano Pieces, FxJoaQcBkvw.mid",139
2048,65664,2/3,"Agnew, Roy, 2 Piano Pieces, FxJoaQcBkvw.mid",140
65664,36,2/3,"Agnew, Roy, 2 Piano Pieces, FxJoaQcBkvw.mid",141
36,36,0.25,"Agnew, Roy, 2 Piano Pieces, FxJoaQcBkvw.mid",142
36,548,0.25,"Agnew, Roy, 2 Piano Pieces, FxJoaQcBkvw.mid",143
548,548,0.25,"Agnew, Roy, 2 Piano Pieces, FxJoaQcBkvw.mid",144
548,4644,0.25,"Agnew, Roy, 2 Piano Pieces, FxJoaQcBkvw.mid",145
4644,4644,1/12,"Agnew, Roy, 2 Piano Pieces, FxJoaQcBkvw.mid",146
4644,4608,1/6,"Agnew, Roy, 2 Piano Pieces, FxJoaQcBkvw.mid",147
4608,16,0.5,"Agnew, Roy, 2 Piano Pieces, FxJoaQcBkvw.mid",148
16,65664,2/3,"Agnew, Roy, 2 Piano Pieces, FxJoaQcBkvw.mid",149
65664,196736,7/12,"Agnew, Roy, 2 Piano Pieces, FxJoaQcBkvw.mid",150
196736,198784,0.5,"Agnew, Roy, 2 Piano Pieces, FxJoaQcBkvw.mid",151
198784,215168,0.25,"Agnew, Roy, 2 Piano Pieces, FxJoaQcBkvw.mid",152
215168,215168,0.5,"Agnew, Roy, 2 Piano Pieces, FxJoaQcBkvw.mid",153
215168,215168,0.5,"Agnew, Roy, 2 Piano Pieces, FxJoaQcBkvw.mid",154
215168,215168,1/12,"Agnew, Roy, 2 Piano Pieces, FxJoaQcBkvw.mid",155
215168,198784,1/12,"Agnew, Roy, 2 Piano Pieces, FxJoaQcBkvw.mid",156
198784,67712,1/12,"Agnew, Roy, 2 Piano Pieces, FxJoaQcBkvw.mid",157
67712,1,5/12,"Agnew, Roy, 2 Piano Pieces, FxJoaQcBkvw.mid",158
1,1,7/12,"Agnew, Roy, 2 Piano Pieces, FxJoaQcBkvw.mid",159
1,129,0.5,"Agnew, Roy, 2 Piano Pieces, FxJoaQcBkvw.mid",160
129,145,0.75,"Agnew, Roy, 2 Piano Pieces, FxJoaQcBkvw.mid",161
145,145,0.5,"Agnew, Roy, 2 Piano Pieces, FxJoaQcBkvw.mid",162
145,145,0.5,"Agnew, Roy, 2 Piano Pieces, FxJoaQcBkvw.mid",163
145,129,1/6,"Agnew, Roy, 2 Piano Pieces, FxJoaQcBkvw.mid",164
129,4224,1/12,"Agnew, Roy, 2 Piano Pieces, FxJoaQcBkvw.mid",165
4224,529,0.5,"Agnew, Roy, 2 Piano Pieces, FxJoaQcBkvw.mid",166
529,657,1/6,"Agnew, Roy, 2 Piano Pieces, FxJoaQcBkvw.mid",167
657,657,1/3,"Agnew, Roy, 2 Piano Pieces, FxJoaQcBkvw.mid",168
657,657,1/3,"Agnew, Roy, 2 Piano Pieces, FxJoaQcBkvw.mid",169
657,145,1/6,"Agnew, Roy, 2 Piano Pieces, FxJoaQcBkvw.mid",170
145,542720,0.5,"Agnew, Roy, 2 Piano Pieces, FxJoaQcBkvw.mid",171
542720,18432,1/12,"Agnew, Roy, 2 Piano Pieces, FxJoaQcBkvw.mid",172
18432,542720,0.5,"Agnew, Roy, 2 Piano Pieces, FxJoaQcBkvw.mid",173
542720,542720,0.25,"Agnew, Roy, 2 Piano Pieces, FxJoaQcBkvw.mid",174
542720,542720,1/6,"Agnew, Roy, 2 Piano Pieces, FxJoaQcBkvw.mid",175
542720,132,1/12,"Agnew, Roy, 2 Piano Pieces, FxJoaQcBkvw.mid",176
132,128,1/12,"Agnew, Roy, 2 Piano Pieces, FxJoaQcBkvw.mid",177
128,528896,1/12,"Agnew, Roy, 2 Piano Pieces, FxJoaQcBkvw.mid",178
528896,528896,7/12,"Agnew, Roy, 2 Piano Pieces, FxJoaQcBkvw.mid",179
528896,594432,0.5,"Agnew, Roy, 2 Piano Pieces, FxJoaQcBkvw.mid",180
594432,70272,0.5,"Agnew, Roy, 2 Piano Pieces, FxJoaQcBkvw.mid",181
70272,16960,0.5,"Agnew, Roy, 2 Piano Pieces, FxJoaQcBkvw.mid",182
16960,16960,0.25,"Agnew, Roy, 2 Piano Pieces, FxJoaQcBkvw.mid",183
16960,516,1/3,"Agnew, Roy, 2 Piano Pieces, FxJoaQcBkvw.mid",184
516,2564,5/12,"Agnew, Roy, 2 Piano Pieces, FxJoaQcBkvw.mid",185
2564,2564,1/12,"Agnew, Roy, 2 Piano Pieces, FxJoaQcBkvw.mid",186
2564,16896,1/6,"Agnew, Roy, 2 Piano Pieces, FxJoaQcBkvw.mid",187
16896,577,2/3,"Agnew, Roy, 2 Piano Pieces, FxJoaQcBkvw.mid",188
577,577,7/12,"Agnew, Roy, 2 Piano Pieces, FxJoaQcBkvw.mid",189
577,581,0.25,"Agnew, Roy, 2 Piano Pieces, FxJoaQcBkvw.mid",190
581,16896,1/6,"Agnew, Roy, 2 Piano Pieces, FxJoaQcBkvw.mid",191
16896,4,1/12,"Agnew, Roy, 2 Piano Pieces, FxJoaQcBkvw.mid",192
4,18432,0.75,"Agnew, Roy, 2 Piano Pieces, FxJoaQcBkvw.mid",193
18432,542720,0.25,"Agnew, Roy, 2 Piano Pieces, FxJoaQcBkvw.mid",194
542720,18560,0.25,"Agnew, Roy, 2 Piano Pieces, FxJoaQcBkvw.mid",195
18560,18560,5/12,"Agnew, Roy, 2 Piano Pieces, FxJoaQcBkvw.mid",196
18560,16512,1/12,"Agnew, Roy, 2 Piano Pieces, FxJoaQcBkvw.mid",197
16512,70208,0.25,"Agnew, Roy, 2 Piano Pieces, FxJoaQcBkvw.mid",198
70208,70144,1/3,"Agnew, Roy, 2 Piano Pieces, FxJoaQcBkvw.mid",199
70144,4628,1/12,"Agnew, Roy, 2 Piano Pieces, FxJoaQcBkvw.mid",200
4628,4628,1/12,"Agnew, Roy, 2 Piano Pieces, FxJoaQcBkvw.mid",201
4628,6676,0.25,"Agnew, Roy, 2 Piano Pieces, FxJoaQcBkvw.mid",202
6676,4628,0.25,"Agnew, Roy, 2 Piano Pieces, FxJoaQcBkvw.mid",203
4628,4692,1/3,"Agnew, Roy, 2 Piano Pieces, FxJoaQcBkvw.mid",204
4692,328192,1/6,"Agnew, Roy, 2 Piano Pieces, FxJoaQcBkvw.mid",205
328192,592,1/6,"Agnew, Roy, 2 Piano Pieces, FxJoaQcBkvw.mid",206
592,16,1/12,"Agnew, Roy, 2 Piano Pieces, FxJoaQcBkvw.mid",207
16,20624,11/12,"Agnew, Roy, 2 Piano Pieces, FxJoaQcBkvw.mid",208
20624,22672,5/12,"Agnew, Roy, 2 Piano Pieces, FxJoaQcBkvw.mid",209
22672,2192,1/12,"Agnew, Roy, 2 Piano Pieces, FxJoaQcBkvw.mid",210
2192,526336,0.25,"Agnew, Roy, 2 Piano Pieces, FxJoaQcBkvw.mid",211
526336,280704,0.5,"Agnew, Roy, 2 Piano Pieces, FxJoaQcBkvw.mid",212
280704,280704,7/12,"Agnew, Roy, 2 Piano Pieces, FxJoaQcBkvw.mid",213
280704,2116,1/12,"Agnew, Roy, 2 Piano Pieces, FxJoaQcBkvw.mid",214
2116,280576,1/12,"Agnew, Roy, 2 Piano Pieces, FxJoaQcBkvw.mid",215
280576,595968,1/6,"Agnew, Roy, 2 Piano Pieces, FxJoaQcBkvw.mid",216
595968,595968,13/12,"Agnew, Roy, 2 Piano Pieces, FxJoaQcBkvw.mid",217
595968,145,0.75,"Agnew, Roy, 2 Piano Pieces, FxJoaQcBkvw.mid",218
145,209,0.5,"Agnew, Roy, 2 Piano Pieces, FxJoaQcBkvw.mid",219
209,145,1/6,"Agnew, Roy, 2 Piano Pieces, FxJoaQcBkvw.mid",220
145,16,1/12,"Agnew, Roy, 2 Piano Pieces, FxJoaQcBkvw.mid",221
16,65664,0.5,"Agnew, Roy, 2 Piano Pieces, FxJoaQcBkvw.mid",222
65664,65664,0.75,"Agnew, Roy, 2 Piano Pieces, FxJoaQcBkvw.mid",223
65664,67712,3.25,"Agnew, Roy, 2 Piano Pieces, FxJoaQcBkvw.mid",224
67712,16,1.0,"Agnew, Roy, 2 Piano Pieces, FxJoaQcBkvw.mid",225
16,591872,0.25,"Agnew, Roy, 2 Piano Pieces, FxJoaQcBkvw.mid",226
591872,144,0.5,"Agnew, Roy, 2 Piano Pieces, FxJoaQcBkvw.mid",227
144,591872,0.5,"Agnew, Roy, 2 Piano Pieces, FxJoaQcBkvw.mid",228
591872,608256,0.5,"Agnew, Roy, 2 Piano Pieces, FxJoaQcBkvw.mid",229
608256,264192,0.25,"Agnew, Roy, 2 Piano Pieces, FxJoaQcBkvw.mid",230
264192,64,5/12,"Agnew, Roy, 2 Piano Pieces, FxJoaQcBkvw.mid",231
64,262656,1/3,"Agnew, Roy, 2 Piano Pieces, FxJoaQcBkvw.mid",232
262656,262656,0.25,"Agnew, Roy, 2 Piano Pieces, FxJoaQcBkvw.mid",233
262656,786944,0.75,"Agnew, Roy, 2 Piano Pieces, FxJoaQcBkvw.mid",234
786944,795136,1/3,"Agnew, Roy, 2 Piano Pieces, FxJoaQcBkvw.mid",235
795136,860672,1/6,"Agnew, Roy, 2 Piano Pieces, FxJoaQcBkvw.mid",236
860672,860672,0.25,"Agnew, Roy, 2 Piano Pieces, FxJoaQcBkvw.mid",237
860672,860672,0.25,"Agnew, Roy, 2 Piano Pieces, FxJoaQcBkvw.mid",238
860672,860672,1/6,"Agnew, Roy, 2 Piano Pieces, FxJoaQcBkvw.mid",239
860672,860672,1/12,"Agnew, Roy, 2 Piano Pieces, FxJoaQcBkvw.mid",240
860672,860672,1/3,"Agnew, Roy, 2 Piano Pieces, FxJoaQcBkvw.mid",241
860672,795136,1/12,"Agnew, Roy, 2 Piano Pieces, FxJoaQcBkvw.mid",242
795136,65664,1/12,"Agnew, Roy, 2 Piano Pieces, FxJoaQcBkvw.mid",243
65664,16,0.5,"Agnew, Roy, 2 Piano Pieces, FxJoaQcBkvw.mid",244
16,20,0.5,"Agnew, Roy, 2 Piano Pieces, FxJoaQcBkvw.mid",245
20,4116,0.25,"Agnew, Roy, 2 Piano Pieces, FxJoaQcBkvw.mid",246
4116,4116,0.5,"Agnew, Roy, 2 Piano Pieces, FxJoaQcBkvw.mid",247
4116,4628,0.5,"Agnew, Roy, 2 Piano Pieces, FxJoaQcBkvw.mid",248
4628,4692,2/3,"Agnew, Roy, 2 Piano Pieces, FxJoaQcBkvw.mid",249
4692,4692,1/12,"Agnew, Roy, 2 Piano Pieces, FxJoaQcBkvw.mid",250
4692,4692,2/3,"Agnew, Roy, 2 Piano Pieces, FxJoaQcBkvw.mid",251
4692,580,1/12,"Agnew, Roy, 2 Piano Pieces, FxJoaQcBkvw.mid",252
580,16,1/6,"Agnew, Roy, 2 Piano Pieces, FxJoaQcBkvw.mid",253
16,52,1/12,"Agnew, Roy, 2 Piano Pieces, FxJoaQcBkvw.mid",254
52,36,11/12,"Agnew, Roy, 2 Piano Pieces, FxJoaQcBkvw.mid",255
36,548,1/3,"Agnew, Roy, 2 Piano Pieces, FxJoaQcBkvw.mid",256
548,548,1/3,"Agnew, Roy, 2 Piano Pieces, FxJoaQcBkvw.mid",257
548,4644,1/3,"Agnew, Roy, 2 Piano Pieces, FxJoaQcBkvw.mid",258
4644,4608,0.25,"Agnew, Roy, 2 Piano Pieces, FxJoaQcBkvw.mid",259
4608,1,1/12,"Agnew, Roy, 2 Piano Pieces, FxJoaQcBkvw.mid",260
1,67584,0.25,"Agnew, Roy, 2 Piano Pieces, FxJoaQcBkvw.mid",261
67584,16,0.25,"Agnew, Roy, 2 Piano Pieces, FxJoaQcBkvw.mid",262
16,65664,0.5,"Agnew, Roy, 2 Piano Pieces, FxJoaQcBkvw.mid",263
65664,196736,2/3,"Agnew, Roy, 2 Piano Pieces, FxJoaQcBkvw.mid",264
196736,198784,2/3,"Agnew, Roy, 2 Piano Pieces, FxJoaQcBkvw.mid",265
198784,215168,1/3,"Agnew, Roy, 2 Piano Pieces, FxJoaQcBkvw.mid",266
215168,215168,1/3,"Agnew, Roy, 2 Piano Pieces, FxJoaQcBkvw.mid",267
215168,215168,0.5,"Agnew, Roy, 2 Piano Pieces, FxJoaQcBkvw.mid",268
215168,18560,1/6,"Agnew, Roy, 2 Piano Pieces, FxJoaQcBkvw.mid",269
18560,128,1/12,"Agnew, Roy, 2 Piano Pieces, FxJoaQcBkvw.mid",270
128,1,0.5,"Agnew, Roy, 2 Piano Pieces, FxJoaQcBkvw.mid",271
1,1,0.5,"Agnew, Roy, 2 Piano Pieces, FxJoaQcBkvw.mid",272
1,129,0.75,"Agnew, Roy, 2 Piano Pieces, FxJoaQcBkvw.mid",273
129,145,0.5,"Agnew, Roy, 2 Piano Pieces, FxJoaQcBkvw.mid",274
145,149,2/3,"Agnew, Roy, 2 Piano Pieces, FxJoaQcBkvw.mid",275
149,149,1/12,"Agnew, Roy, 2 Piano Pieces, FxJoaQcBkvw.mid",276
149,149,0.25,"Agnew, Roy, 2 Piano Pieces, FxJoaQcBkvw.mid",277
149,149,1/3,"Agnew, Roy, 2 Piano Pieces, FxJoaQcBkvw.mid",278
149,129,1/12,"Agnew, Roy, 2 Piano Pieces, FxJoaQcBkvw.mid",279
129,1,1/12,"Agnew, Roy, 2 Piano Pieces, FxJoaQcBkvw.mid",280
1,2164736,5/6,"Agnew, Roy, 2 Piano Pieces, FxJoaQcBkvw.mid",281
2164736,2689024,2/3,"Agnew, Roy, 2 Piano Pieces, FxJoaQcBkvw.mid",282
2689024,591872,1/12,"Agnew, Roy, 2 Piano Pieces, FxJoaQcBkvw.mid",283
591872,2689024,5/12,"Agnew, Roy, 2 Piano Pieces, FxJoaQcBkvw.mid",284
2689024,640,1/12,"Agnew, Roy, 2 Piano Pieces, FxJoaQcBkvw.mid",285
640,2099200,0.25,"Agnew, Roy, 2 Piano Pieces, FxJoaQcBkvw.mid",286
2099200,70144,1.0,"Agnew, Roy, 2 Piano Pieces, FxJoaQcBkvw.mid",287
70144,70144,0.5,"Agnew, Roy, 2 Piano Pieces, FxJoaQcBkvw.mid",288
70144,70144,0.5,"Agnew, Roy, 2 Piano Pieces, FxJoaQcBkvw.mid",289
70144,1,0.25,"Agnew, Roy, 2 Piano Pieces, FxJoaQcBkvw.mid",290
1,69760,0.75,"Agnew, Roy, 2 Piano Pieces, FxJoaQcBkvw.mid",291
69760,71808,2/3,"Agnew, Roy, 2 Piano Pieces, FxJoaQcBkvw.mid",292
71808,71808,1/12,"Agnew, Roy, 2 Piano Pieces, FxJoaQcBkvw.mid",293
71808,71808,0.75,"Agnew, Roy, 2 Piano Pieces, FxJoaQcBkvw.mid",294
71808,17,0.25,"Agnew, Roy, 2 Piano Pieces, FxJoaQcBkvw.mid",295
17,70176,0.25,"Agnew, Roy, 2 Piano Pieces, FxJoaQcBkvw.mid",296
70176,70176,0.75,"Agnew, Roy, 2 Piano Pieces, FxJoaQcBkvw.mid",297
70176,72224,2/3,"Agnew, Roy, 2 Piano Pieces, FxJoaQcBkvw.mid",298
72224,68128,1/12,"Agnew, Roy, 2 Piano Pieces, FxJoaQcBkvw.mid",299
68128,72224,0.5,"Agnew, Roy, 2 Piano Pieces, FxJoaQcBkvw.mid",300
72224,2593,1/12,"Agnew, Roy, 2 Piano Pieces, FxJoaQcBkvw.mid",301
2593,545,1/6,"Agnew, Roy, 2 Piano Pieces, FxJoaQcBkvw.mid",302
545,545,0.75,"Agnew, Roy, 2 Piano Pieces, FxJoaQcBkvw.mid",303
545,2593,1.0,"Agnew, Roy, 2 Piano Pieces, FxJoaQcBkvw.mid",304
2593,2049,1/6,"Agnew, Roy, 2 Piano Pieces, FxJoaQcBkvw.mid",305
2049,2049,1/12,"Agnew, Roy, 2 Piano Pieces, FxJoaQcBkvw.mid",306
2049,18464,1.0,"Agnew, Roy, 2 Piano Pieces, FxJoaQcBkvw.mid",307
18464,18432,1/12,"Agnew, Roy, 2 Piano Pieces, FxJoaQcBkvw.mid",308
18432,83968,1/6,"Agnew, Roy, 2 Piano Pieces, FxJoaQcBkvw.mid",309
83968,83968,1/12,"Agnew, Roy, 2 Piano Pieces, FxJoaQcBkvw.mid",310
83968,18448,1/12,"Agnew, Roy, 2 Piano Pieces, FxJoaQcBkvw.mid",311
18448,18576,13/12,"Agnew, Roy, 2 Piano Pieces, FxJoaQcBkvw.mid",312
18576,16528,1.25,"Agnew, Roy, 2 Piano Pieces, FxJoaQcBkvw.mid",313
16528,16528,10/3,"Agnew, Roy, 2 Piano Pieces, FxJoaQcBkvw.mid",314
16528,18576,2/3,"Agnew, Roy, 2 Piano Pieces, FxJoaQcBkvw.mid",315
18576,18576,1/3,"Agnew, Roy, 2 Piano Pieces, FxJoaQcBkvw.mid",316
18576,18576,1/6,"Agnew, Roy, 2 Piano Pieces, FxJoaQcBkvw.mid",317
18576,18576,7/12,"Agnew, Roy, 2 Piano Pieces, FxJoaQcBkvw.mid",318
18576,16528,1/6,"Agnew, Roy, 2 Piano Pieces, FxJoaQcBkvw.mid",319
16528,149,1/12,"Agnew, Roy, 2 Piano Pieces, FxJoaQcBkvw.mid",320
149,17,11/12,"Agnew, Roy, 2 Piano Pieces, FxJoaQcBkvw.mid",321
17,145,0.5,"Agnew, Roy, 2 Piano Pieces, FxJoaQcBkvw.mid",322
145,594432,0.5,"Agnew, Roy, 2 Piano Pieces, FxJoaQcBkvw.mid",323
594432,596480,0.75,"Agnew, Roy, 2 Piano Pieces, FxJoaQcBkvw.mid",324
596480,596480,11/12,"Agnew, Roy, 2 Piano Pieces, FxJoaQcBkvw.mid",325
596480,592384,1/12,"Agnew, Roy, 2 Piano Pieces, FxJoaQcBkvw.mid",326
592384,69760,0.25,"Agnew, Roy, 2 Piano Pieces, FxJoaQcBkvw.mid",327
69760,145,2.75,"Agnew, Roy, 2 Piano Pieces, FxJoaQcBkvw.mid",328
145,16,5.25,"Agnew, Roy, 2 Piano Pieces, FxJoaQcBkvw.mid",329
16,145,4.0,"Agnew, Roy, 2 Piano Pieces, FxJoaQcBkvw.mid",330
145,145,4.0,"Agnew, Roy, 2 Piano Pieces, FxJoaQcBkvw.mid",331
145,145,1.0,"Agnew, Roy, 2 Piano Pieces, FxJoaQcBkvw.mid",332
145,1,1/3,"Agnew, Roy, 2 Piano Pieces, FxJoaQcBkvw.mid",333
1,1,5/12,"Agnew, Roy, 2 Piano Pieces, FxJoaQcBkvw.mid",334
1,32,0.25,"Agnew, Roy, 2 Piano Pieces, FxJoaQcBkvw.mid",335
32,131328,1.0,"Agnew, Roy, 2 Piano Pieces, FxJoaQcBkvw.mid",336
131328,417,0.75,"Agnew, Roy, 2 Piano Pieces, FxJoaQcBkvw.mid",337
417,417,5/6,"Agnew, Roy, 2 Piano Pieces, FxJoaQcBkvw.mid",338
417,425,5/12,"Agnew, Roy, 2 Piano Pieces, FxJoaQcBkvw.mid",339
425,37152,1/12,"Agnew, Roy, 2 Piano Pieces, FxJoaQcBkvw.mid",340
37152,4136,1/6,"Agnew, Roy, 2 Piano Pieces, FxJoaQcBkvw.mid",341
4136,16512,0.75,"Agnew, Roy, 2 Piano Pieces, FxJoaQcBkvw.mid",342
16512,16512,0.25,"Agnew, Roy, 2 Piano Pieces, FxJoaQcBkvw.mid",343
16512,17536,2/3,"Agnew, Roy, 2 Piano Pieces, FxJoaQcBkvw.mid",344
17536,17408,1/12,"Agnew, Roy, 2 Piano Pieces, FxJoaQcBkvw.mid",345
17408,151808,1.0,"Agnew, Roy, 2 Piano Pieces, FxJoaQcBkvw.mid",346
151808,151936,0.75,"Agnew, Roy, 2 Piano Pieces, FxJoaQcBkvw.mid",347
151936,151936,0.5,"Agnew, Roy, 2 Piano Pieces, FxJoaQcBkvw.mid",348
151936,151936,0.25,"Agnew, Roy, 2 Piano Pieces, FxJoaQcBkvw.mid",349
151936,1725440,5/12,"Agnew, Roy, 2 Piano Pieces, FxJoaQcBkvw.mid",350
1725440,1758208,1/12,"Agnew, Roy, 2 Piano Pieces, FxJoaQcBkvw.mid",351
1758208,1610752,1/12,"Agnew, Roy, 2 Piano Pieces, FxJoaQcBkvw.mid",352
1610752,562176,1/12,"Agnew, Roy, 2 Piano Pieces, FxJoaQcBkvw.mid",353
562176,558080,1/12,"Agnew, Roy, 2 Piano Pieces, FxJoaQcBkvw.mid",354
558080,574464,0.5,"Agnew, Roy, 2 Piano Pieces, FxJoaQcBkvw.mid",355
574464,574464,0.25,"Agnew, Roy, 2 Piano Pieces, FxJoaQcBkvw.mid",356
574464,574464,0.25,"Agnew, Roy, 2 Piano Pieces, FxJoaQcBkvw.mid",357
574464,521,2/3,"Agnew, Roy, 2 Piano Pieces, FxJoaQcBkvw.mid",358
521,649,2/3,"Agnew, Roy, 2 Piano Pieces, FxJoaQcBkvw.mid",359
649,649,1/12,"Agnew, Roy, 2 Piano Pieces, FxJoaQcBkvw.mid",360
649,649,1/3,"Agnew, Roy, 2 Piano Pieces, FxJoaQcBkvw.mid",361
649,136,0.25,"Agnew, Roy, 2 Piano Pieces, FxJoaQcBkvw.mid",362
136,4,0.25,"Agnew, Roy, 2 Piano Pieces, FxJoaQcBkvw.mid",363
4,1060,0.75,"Agnew, Roy, 2 Piano Pieces, FxJoaQcBkvw.mid",364
1060,1060,0.25,"Agnew, Roy, 2 Piano Pieces, FxJoaQcBkvw.mid",365
1060,1060,0.5,"Agnew, Roy, 2 Piano Pieces, FxJoaQcBkvw.mid",366
1060,4260,1.0,"Agnew, Roy, 2 Piano Pieces, FxJoaQcBkvw.mid",367
4260,4772,0.5,"Agnew, Roy, 2 Piano Pieces, FxJoaQcBkvw.mid",368
4772,4612,0.25,"Agnew, Roy, 2 Piano Pieces, FxJoaQcBkvw.mid",369
4612,4628,1/12,"Agnew, Roy, 2 Piano Pieces, FxJoaQcBkvw.mid",370
4628,4628,5/12,"Agnew, Roy, 2 Piano Pieces, FxJoaQcBkvw.mid",371
4628,4628,2/3,"Agnew, Roy, 2 Piano Pieces, FxJoaQcBkvw.mid",372
4628,4756,0.75,"Agnew, Roy, 2 Piano Pieces, FxJoaQcBkvw.mid",373
4756,660,1/12,"Agnew, Roy, 2 Piano Pieces, FxJoaQcBkvw.mid",374
660,164,1/6,"Agnew, Roy, 2 Piano Pieces, FxJoaQcBkvw.mid",375
164,160,1/12,"Agnew, Roy, 2 Piano Pieces, FxJoaQcBkvw.mid",376
160,37024,1.25,"Agnew, Roy, 2 Piano Pieces, FxJoaQcBkvw.mid",377
37024,53408,0.75,"Agnew, Roy, 2 Piano Pieces, FxJoaQcBkvw.mid",378
53408,37024,0.25,"Agnew, Roy, 2 Piano Pieces, FxJoaQcBkvw.mid",379
37024,558080,0.25,"Agnew, Roy, 2 Piano Pieces, FxJoaQcBkvw.mid",380
558080,558080,0.5,"Agnew, Roy, 2 Piano Pieces, FxJoaQcBkvw.mid",381
558080,562176,1/6,"Agnew, Roy, 2 Piano Pieces, FxJoaQcBkvw.mid",382
562176,562176,7/12,"Agnew, Roy, 2 Piano Pieces, FxJoaQcBkvw.mid",383
562176,2675712,1/6,"Agnew, Roy, 2 Piano Pieces, FxJoaQcBkvw.mid",384
2675712,5772,7/12,"Agnew, Roy, 2 Piano Pieces, FxJoaQcBkvw.mid",385
5772,5804,5/12,"Agnew, Roy, 2 Piano Pieces, FxJoaQcBkvw.mid",386
5804,5804,0.25,"Agnew, Roy, 2 Piano Pieces, FxJoaQcBkvw.mid",387
5804,5772,1/12,"Agnew, Roy, 2 Piano Pieces, FxJoaQcBkvw.mid",388
5772,1024,1/6,"Agnew, Roy, 2 Piano Pieces, FxJoaQcBkvw.mid",389
1024,4744,0.75,"Agnew, Roy, 2 Piano Pieces, FxJoaQcBkvw.mid",390
4744,4748,0.5,"Agnew, Roy, 2 Piano Pieces, FxJoaQcBkvw.mid",391
4748,4748,1/12,"Agnew, Roy, 2 Piano Pieces, FxJoaQcBkvw.mid",392
4748,4748,2/3,"Agnew, Roy, 2 Piano Pieces, FxJoaQcBkvw.mid",393
4748,4748,1/12,"Agnew, Roy, 2 Piano Pieces, FxJoaQcBkvw.mid",394
4748,4748,5/12,"Agnew, Roy, 2 Piano Pieces, FxJoaQcBkvw.mid",395
4748,128,0.25,"Agnew, Roy, 2 Piano Pieces, FxJoaQcBkvw.mid",396
128,2769920,2/3,"Agnew, Roy, 2 Piano Pieces, FxJoaQcBkvw.mid",397
2769920,2769920,1/12,"Agnew, Roy, 2 Piano Pieces, FxJoaQcBkvw.mid",398
2769920,17536,0.25,"Agnew, Roy, 2 Piano Pieces, FxJoaQcBkvw.mid",399
17536,83072,5/12,"Agnew, Roy, 2 Piano Pieces, FxJoaQcBkvw.mid",400
83072,82048,1/12,"Agnew, Roy, 2 Piano Pieces, FxJoaQcBkvw.mid",401
82048,83072,0.5,"Agnew, Roy, 2 Piano Pieces, FxJoaQcBkvw.mid",402
83072,83072,1/6,"Agnew, Roy, 2 Piano Pieces, FxJoaQcBkvw.mid",403
83072,83072,1/12,"Agnew, Roy, 2 Piano Pieces, FxJoaQcBkvw.mid",404
83072,83072,1/12,"Agnew, Roy, 2 Piano Pieces, FxJoaQcBkvw.mid",405
83072,83072,5/12,"Agnew, Roy, 2 Piano Pieces, FxJoaQcBkvw.mid",406
83072,17424,1/12,"Agnew, Roy, 2 Piano Pieces, FxJoaQcBkvw.mid",407
17424,1028,1/6,"Agnew, Roy, 2 Piano Pieces, FxJoaQcBkvw.mid",408
1028,135680,0.75,"Agnew, Roy, 2 Piano Pieces, FxJoaQcBkvw.mid",409
135680,135680,7/12,"Agnew, Roy, 2 Piano Pieces, FxJoaQcBkvw.mid",410
135680,33,1/12,"Agnew, Roy, 2 Piano Pieces, FxJoaQcBkvw.mid",411
33,1,1/12,"Agnew, Roy, 2 Piano Pieces, FxJoaQcBkvw.mid",412
1,1,1/6,"Agnew, Roy, 2 Piano Pieces, FxJoaQcBkvw.mid",413
1,1169,1/12,"Agnew, Roy, 2 Piano Pieces, FxJoaQcBkvw.mid",414
1169,1169,0.75,"Agnew, Roy, 2 Piano Pieces, FxJoaQcBkvw.mid",415
1169,1681,1/12,"Agnew, Roy, 2 Piano Pieces, FxJoaQcBkvw.mid",416
1681,1680,1/12,"Agnew, Roy, 2 Piano Pieces, FxJoaQcBkvw.mid",417
1680,1681,1/3,"Agnew, Roy, 2 Piano Pieces, FxJoaQcBkvw.mid",418
1681,1681,1/6,"Agnew, Roy, 2 Piano Pieces, FxJoaQcBkvw.mid",419
1681,129,1/3,"Agnew, Roy, 2 Piano Pieces, FxJoaQcBkvw.mid",420
129,1153,11/12,"Agnew, Roy, 2 Piano Pieces, FxJoaQcBkvw.mid",421
1153,1025,1/12,"Agnew, Roy, 2 Piano Pieces, FxJoaQcBkvw.mid",422
1025,792576,1/6,"Agnew, Roy, 2 Piano Pieces, FxJoaQcBkvw.mid",423
792576,788480,1/12,"Agnew, Roy, 2 Piano Pieces, FxJoaQcBkvw.mid",424
788480,128,5/12,"Agnew, Roy, 2 Piano Pieces, FxJoaQcBkvw.mid",425
128,16928,11/12,"Agnew, Roy, 2 Piano Pieces, FxJoaQcBkvw.mid",426
16928,16928,1/12,"Agnew, Roy, 2 Piano Pieces, FxJoaQcBkvw.mid",427
16928,16928,0.5,"Agnew, Roy, 2 Piano Pieces, FxJoaQcBkvw.mid",428
16928,16896,1/6,"Agnew, Roy, 2 Piano Pieces, FxJoaQcBkvw.mid",429
16896,16904,0.5,"Agnew, Roy, 2 Piano Pieces, FxJoaQcBkvw.mid",430
16904,17032,1/6,"Agnew, Roy, 2 Piano Pieces, FxJoaQcBkvw.mid",431
17032,21128,11/12,"Agnew, Roy, 2 Piano Pieces, FxJoaQcBkvw.mid",432
21128,4744,1/12,"Agnew, Roy, 2 Piano Pieces, FxJoaQcBkvw.mid",433
4744,17032,1/12,"Agnew, Roy, 2 Piano Pieces, FxJoaQcBkvw.mid",434
17032,21128,0.75,"Agnew, Roy, 2 Piano Pieces, FxJoaQcBkvw.mid",435
21128,21128,2/3,"Agnew, Roy, 2 Piano Pieces, FxJoaQcBkvw.mid",436
21128,21128,1/12,"Agnew, Roy, 2 Piano Pieces, FxJoaQcBkvw.mid",437
21128,21128,0.25,"Agnew, Roy, 2 Piano Pieces, FxJoaQcBkvw.mid",438
21128,4780,1/6,"Agnew, Roy, 2 Piano Pieces, FxJoaQcBkvw.mid",439
4780,4268,1/12,"Agnew, Roy, 2 Piano Pieces, FxJoaQcBkvw.mid",440
4268,4644,1/12,"Agnew, Roy, 2 Piano Pieces, FxJoaQcBkvw.mid",441
4644,4644,1/6,"Agnew, Roy, 2 Piano Pieces, FxJoaQcBkvw.mid",442
4644,4644,0.75,"Agnew, Roy, 2 Piano Pieces, FxJoaQcBkvw.mid",443
4644,4644,11/12,"Agnew, Roy, 2 Piano Pieces, FxJoaQcBkvw.mid",444
4644,549,1/12,"Agnew, Roy, 2 Piano Pieces, FxJoaQcBkvw.mid",445
549,9,0.25,"Agnew, Roy, 2 Piano Pieces, FxJoaQcBkvw.mid",446
9,137,1/12,"Agnew, Roy, 2 Piano Pieces, FxJoaQcBkvw.mid",447
137,137,11/12,"Agnew, Roy, 2 Piano Pieces, FxJoaQcBkvw.mid",448
137,141,0.5,"Agnew, Roy, 2 Piano Pieces, FxJoaQcBkvw.mid",449
141,653,0.5,"Agnew, Roy, 2 Piano Pieces, FxJoaQcBkvw.mid",450
653,653,1/6,"Agnew, Roy, 2 Piano Pieces, FxJoaQcBkvw.mid",451
653,16520,1/12,"Agnew, Roy, 2 Piano Pieces, FxJoaQcBkvw.mid",452
16520,16520,1/12,"Agnew, Roy, 2 Piano Pieces, FxJoaQcBkvw.mid",453
16520,5128,5/3,"Agnew, Roy, 2 Piano Pieces, FxJoaQcBkvw.mid",454
5128,5256,1/12,"Agnew, Roy, 2 Piano Pieces, FxJoaQcBkvw.mid",455
5256,32896,5/12,"Agnew, Roy, 2 Piano Pieces, FxJoaQcBkvw.mid",456
32896,128,0.25,"Agnew, Roy, 2 Piano Pieces, FxJoaQcBkvw.mid",457
128,32,0.25,"Agnew, Roy, 2 Piano Pieces, FxJoaQcBkvw.mid",458
32,37408,1.0,"Agnew, Roy, 2 Piano Pieces, FxJoaQcBkvw.mid",459
37408,4128,0.25,"Agnew, Roy, 2 Piano Pieces, FxJoaQcBkvw.mid",460
4128,1,1/12,"Agnew, Roy, 2 Piano Pieces, FxJoaQcBkvw.mid",461
1,20608,1/3,"Agnew, Roy, 2 Piano Pieces, FxJoaQcBkvw.mid",462
20608,20608,1/3,"Agnew, Roy, 2 Piano Pieces, FxJoaQcBkvw.mid",463
20608,152704,1.0,"Agnew, Roy, 2 Piano Pieces, FxJoaQcBkvw.mid",464
152704,152704,0.25,"Agnew, Roy, 2 Piano Pieces, FxJoaQcBkvw.mid",465
152704,152704,0.25,"Agnew, Roy, 2 Piano Pieces, FxJoaQcBkvw.mid",466
152704,185472,1/12,"Agnew, Roy, 2 Piano Pieces, FxJoaQcBkvw.mid",467
185472,5160,1/12,"Agnew, Roy, 2 Piano Pieces, FxJoaQcBkvw.mid",468
5160,8,1/12,"Agnew, Roy, 2 Piano Pieces, FxJoaQcBkvw.mid",469
8,4648,11/12,"Agnew, Roy, 2 Piano Pieces, FxJoaQcBkvw.mid",470
4648,4648,1/12,"Agnew, Roy, 2 Piano Pieces, FxJoaQcBkvw.mid",471
4648,4648,0.25,"Agnew, Roy, 2 Piano Pieces, FxJoaQcBkvw.mid",472
4648,4648,0.25,"Agnew, Roy, 2 Piano Pieces, FxJoaQcBkvw.mid",473
4648,164352,1/12,"Agnew, Roy, 2 Piano Pieces, FxJoaQcBkvw.mid",474
164352,164352,1/6,"Agnew, Roy, 2 Piano Pieces, FxJoaQcBkvw.mid",475
164352,688640,5/6,"Agnew, Roy, 2 Piano Pieces, FxJoaQcBkvw.mid",476
688640,692736,2/3,"Agnew, Roy, 2 Piano Pieces, FxJoaQcBkvw.mid",477
692736,4260,0.25,"Agnew, Roy, 2 Piano Pieces, FxJoaQcBkvw.mid",478
4260,4772,0.75,"Agnew, Roy, 2 Piano Pieces, FxJoaQcBkvw.mid",479
4772,4772,0.75,"Agnew, Roy, 2 Piano Pieces, FxJoaQcBkvw.mid",480
4772,4772,0.25,"Agnew, Roy, 2 Piano Pieces, FxJoaQcBkvw.mid",481
4772,4772,2/3,"Agnew, Roy, 2 Piano Pieces, FxJoaQcBkvw.mid",482
4772,4772,1/12,"Agnew, Roy, 2 Piano Pieces, FxJoaQcBkvw.mid",483
4772,4772,0.75,"Agnew, Roy, 2 Piano Pieces, FxJoaQcBkvw.mid",484
4772,4260,1/12,"Agnew, Roy, 2 Piano Pieces, FxJoaQcBkvw.mid",485
4260,4260,1/12,"Agnew, Roy, 2 Piano Pieces, FxJoaQcBkvw.mid",486
4260,160,1/12,"Agnew, Roy, 2 Piano Pieces, FxJoaQcBkvw.mid",487
160,1197056,1.0,"Agnew, Roy, 2 Piano Pieces, FxJoaQcBkvw.mid",488
1197056,1721344,11/12,"Agnew, Roy, 2 Piano Pieces, FxJoaQcBkvw.mid",489
1721344,1721344,1/3,"Agnew, Roy, 2 Piano Pieces, FxJoaQcBkvw.mid",490
1721344,1721344,0.5,"Agnew, Roy, 2 Piano Pieces, FxJoaQcBkvw.mid",491
1721344,1725440,0.5,"Agnew, Roy, 2 Piano Pieces, FxJoaQcBkvw.mid",492
1725440,1725440,1/12,"Agnew, Roy, 2 Piano Pieces, FxJoaQcBkvw.mid",493
1725440,20608,1/12,"Agnew, Roy, 2 Piano Pieces, FxJoaQcBkvw.mid",494
20608,16512,7/12,"Agnew, Roy, 2 Piano Pieces, FxJoaQcBkvw.mid",495
16512,17536,7/12,"Agnew, Roy, 2 Piano Pieces, FxJoaQcBkvw.mid",496
17536,1024,1/6,"Agnew, Roy, 2 Piano Pieces, FxJoaQcBkvw.mid",497
1024,4388,1/6,"Agnew, Roy, 2 Piano Pieces, FxJoaQcBkvw.mid",498
4388,151808,1/12,"Agnew, Roy, 2 Piano Pieces, FxJoaQcBkvw.mid",499
151808,151808,7/12,"Agnew, Roy, 2 Piano Pieces, FxJoaQcBkvw.mid",500
151808,151936,2/3,"Agnew, Roy, 2 Piano Pieces, FxJoaQcBkvw.mid",501
151936,151936,0.5,"Agnew, Roy, 2 Piano Pieces, FxJoaQcBkvw.mid",502
151936,147840,1/6,"Agnew, Roy, 2 Piano Pieces, FxJoaQcBkvw.mid",503
147840,151936,1/12,"Agnew, Roy, 2 Piano Pieces, FxJoaQcBkvw.mid",504
151936,20904,0.25,"Agnew, Roy, 2 Piano Pieces, FxJoaQcBkvw.mid",505
20904,4264,1/12,"Agnew, Roy, 2 Piano Pieces, FxJoaQcBkvw.mid",506
4264,4136,1/12,"Agnew, Roy, 2 Piano Pieces, FxJoaQcBkvw.mid",507
4136,40,1/12,"Agnew, Roy, 2 Piano Pieces, FxJoaQcBkvw.mid",508
40,17544,0.25,"Agnew, Roy, 2 Piano Pieces, FxJoaQcBkvw.mid",509
17544,17544,0.5,"Agnew, Roy, 2 Piano Pieces, FxJoaQcBkvw.mid",510
17544,17544,0.25,"Agnew, Roy, 2 Piano Pieces, FxJoaQcBkvw.mid",511
17544,1165,1/12,"Agnew, Roy, 2 Piano Pieces, FxJoaQcBkvw.mid",512
1165,1677,1/6,"Agnew, Roy, 2 Piano Pieces, FxJoaQcBkvw.mid",513
1677,513,0.25,"Agnew, Roy, 2 Piano Pieces, FxJoaQcBkvw.mid",514
513,649,11/12,"Agnew, Roy, 2 Piano Pieces, FxJoaQcBkvw.mid",515
649,649,1/12,"Agnew, Roy, 2 Piano Pieces, FxJoaQcBkvw.mid",516
649,557568,0.25,"Agnew, Roy, 2 Piano Pieces, FxJoaQcBkvw.mid",517
557568,557568,1/12,"Agnew, Roy, 2 Piano Pieces, FxJoaQcBkvw.mid",518
557568,557568,1/12,"Agnew, Roy, 2 Piano Pieces, FxJoaQcBkvw.mid",519
557568,512,1/12,"Agnew, Roy, 2 Piano Pieces, FxJoaQcBkvw.mid",520
512,1572,1/12,"Agnew, Roy, 2 Piano Pieces, FxJoaQcBkvw.mid",521
1572,1060,11/12,"Agnew, Roy, 2 Piano Pieces, FxJoaQcBkvw.mid",522
1060,1060,0.25,"Agnew, Roy, 2 Piano Pieces, FxJoaQcBkvw.mid",523
1060,1060,1/12,"Agnew, Roy, 2 Piano Pieces, FxJoaQcBkvw.mid",524
1060,132096,1/12,"Agnew, Roy, 2 Piano Pieces, FxJoaQcBkvw.mid",525
132096,1568,1/12,"Agnew, Roy, 2 Piano Pieces, FxJoaQcBkvw.mid",526
1568,544,0.25,"Agnew, Roy, 2 Piano Pieces, FxJoaQcBkvw.mid",527
544,37408,0.75,"Agnew, Roy, 2 Piano Pieces, FxJoaQcBkvw.mid",528
37408,53792,5/12,"Agnew, Roy, 2 Piano Pieces, FxJoaQcBkvw.mid",529
53792,4140,1/6,"Agnew, Roy, 2 Piano Pieces, FxJoaQcBkvw.mid",530
4140,4100,1/6,"Agnew, Roy, 2 Piano Pieces, FxJoaQcBkvw.mid",531
4100,4104,0.5,"Agnew, Roy, 2 Piano Pieces, FxJoaQcBkvw.mid",532
4104,4104,0.25,"Agnew, Roy, 2 Piano Pieces, FxJoaQcBkvw.mid",533
4104,1,0.25,"Agnew, Roy, 2 Piano Pieces, FxJoaQcBkvw.mid",534
1,1,0.5,"Agnew, Roy, 2 Piano Pieces, FxJoaQcBkvw.mid",535
1,5120,1/6,"Agnew, Roy, 2 Piano Pieces, FxJoaQcBkvw.mid",536
5120,1024,1/6,"Agnew, Roy, 2 Piano Pieces, FxJoaQcBkvw.mid",537
1024,541696,1.0,"Agnew, Roy, 2 Piano Pieces, FxJoaQcBkvw.mid",538
541696,541696,1/6,"Agnew, Roy, 2 Piano Pieces, FxJoaQcBkvw.mid",539
541696,1156,1/12,"Agnew, Roy, 2 Piano Pieces, FxJoaQcBkvw.mid",540
1156,132,1/6,"Agnew, Roy, 2 Piano Pieces, FxJoaQcBkvw.mid",541
132,540928,0.75,"Agnew, Roy, 2 Piano Pieces, FxJoaQcBkvw.mid",542
540928,676096,1/12,"Agnew, Roy, 2 Piano Pieces, FxJoaQcBkvw.mid",543
676096,676096,5/12,"Agnew, Roy, 2 Piano Pieces, FxJoaQcBkvw.mid",544
676096,676096,0.5,"Agnew, Roy, 2 Piano Pieces, FxJoaQcBkvw.mid",545
676096,676096,1/12,"Agnew, Roy, 2 Piano Pieces, FxJoaQcBkvw.mid",546
676096,676096,2/3,"Agnew, Roy, 2 Piano Pieces, FxJoaQcBkvw.mid",547
676096,676096,1/12,"Agnew, Roy, 2 Piano Pieces, FxJoaQcBkvw.mid",548
676096,676096,0.25,"Agnew, Roy, 2 Piano Pieces, FxJoaQcBkvw.mid",549
676096,676096,5/12,"Agnew, Roy, 2 Piano Pieces, FxJoaQcBkvw.mid",550
676096,676096,0.5,"Agnew, Roy, 2 Piano Pieces, FxJoaQcBkvw.mid",551
676096,148608,1/12,"Agnew, Roy, 2 Piano Pieces, FxJoaQcBkvw.mid",552
148608,148608,1/6,"Agnew, Roy, 2 Piano Pieces, FxJoaQcBkvw.mid",553
148608,148608,11/12,"Agnew, Roy, 2 Piano Pieces, FxJoaQcBkvw.mid",554
148608,148608,1/12,"Agnew, Roy, 2 Piano Pieces, FxJoaQcBkvw.mid",555
148608,148608,0.25,"Agnew, Roy, 2 Piano Pieces, FxJoaQcBkvw.mid",556
148608,148608,1/6,"Agnew, Roy, 2 Piano Pieces, FxJoaQcBkvw.mid",557
148608,1060,0.25,"Agnew, Roy, 2 Piano Pieces, FxJoaQcBkvw.mid",558
1060,4384,1.0,"Agnew, Roy, 2 Piano Pieces, FxJoaQcBkvw.mid",559
4384,20896,0.25,"Agnew, Roy, 2 Piano Pieces, FxJoaQcBkvw.mid",560
20896,20896,1/3,"Agnew, Roy, 2 Piano Pieces, FxJoaQcBkvw.mid",561
20896,20896,2/3,"Agnew, Roy, 2 Piano Pieces, FxJoaQcBkvw.mid",562
20896,132,1/12,"Agnew, Roy, 2 Piano Pieces, FxJoaQcBkvw.mid",563
132,168,1.0,"Agnew, Roy, 2 Piano Pieces, FxJoaQcBkvw.mid",564
168,168,1/3,"Agnew, Roy, 2 Piano Pieces, FxJoaQcBkvw.mid",565
168,40,5/12,"Agnew, Roy, 2 Piano Pieces, FxJoaQcBkvw.mid",566
40,1,7/12,"Agnew, Roy, 2 Piano Pieces, FxJoaQcBkvw.mid",567
1,5120,1/12,"Agnew, Roy, 2 Piano Pieces, FxJoaQcBkvw.mid",568
5120,1024,0.25,"Agnew, Roy, 2 Piano Pieces, FxJoaQcBkvw.mid",569
1024,1065984,1.0,"Agnew, Roy, 2 Piano Pieces, FxJoaQcBkvw.mid",570
1065984,1180672,0.5,"Agnew, Roy, 2 Piano Pieces, FxJoaQcBkvw.mid",571
1180672,132096,1/12,"Agnew, Roy, 2 Piano Pieces, FxJoaQcBkvw.mid",572
132096,699392,1/12,"Agnew, Roy, 2 Piano Pieces, FxJoaQcBkvw.mid",573
699392,698368,1/6,"Agnew, Roy, 2 Piano Pieces, FxJoaQcBkvw.mid",574
698368,168,1/12,"Agnew, Roy, 2 Piano Pieces, FxJoaQcBkvw.mid",575
168,131200,1/6,"Agnew, Roy, 2 Piano Pieces, FxJoaQcBkvw.mid",576
131200,132224,0.25,"Agnew, Roy, 2 Piano Pieces, FxJoaQcBkvw.mid",577
132224,132224,0.75,"Agnew, Roy, 2 Piano Pieces, FxJoaQcBkvw.mid",578
132224,164992,0.5,"Agnew, Roy, 2 Piano Pieces, FxJoaQcBkvw.mid",579
164992,1032,1/6,"Agnew, Roy, 2 Piano Pieces, FxJoaQcBkvw.mid",580
1032,8,1/12,"Agnew, Roy, 2 Piano Pieces, FxJoaQcBkvw.mid",581
8,148736,5/6,"Agnew, Roy, 2 Piano Pieces, FxJoaQcBkvw.mid",582
148736,148736,1/6,"Agnew, Roy, 2 Piano Pieces, FxJoaQcBkvw.mid",583
148736,148736,0.25,"Agnew, Roy, 2 Piano Pieces, FxJoaQcBkvw.mid",584
148736,148736,1/3,"Agnew, Roy, 2 Piano Pieces, FxJoaQcBkvw.mid",585
148736,16640,1/12,"Agnew, Roy, 2 Piano Pieces, FxJoaQcBkvw.mid",586
16640,1201152,2/3,"Agnew, Roy, 2 Piano Pieces, FxJoaQcBkvw.mid",587
1201152,1201152,1/3,"Agnew, Roy, 2 Piano Pieces, FxJoaQcBkvw.mid",588
1201152,1201152,2/3,"Agnew, Roy, 2 Piano Pieces, FxJoaQcBkvw.mid",589
1201152,152960,1/12,"Agnew, Roy, 2 Piano Pieces, FxJoaQcBkvw.mid",590
152960,151680,0.25,"Agnew, Roy, 2 Piano Pieces, FxJoaQcBkvw.mid",591
151680,136320,1/6,"Agnew, Roy, 2 Piano Pieces, FxJoaQcBkvw.mid",592
136320,152704,5/6,"Agnew, Roy, 2 Piano Pieces, FxJoaQcBkvw.mid",593
152704,152704,7/6,"Agnew, Roy, 2 Piano Pieces, FxJoaQcBkvw.mid",594
152704,152704,1/6,"Agnew, Roy, 2 Piano Pieces, FxJoaQcBkvw.mid",595
152704,152704,1/12,"Agnew, Roy, 2 Piano Pieces, FxJoaQcBkvw.mid",596
152704,152704,1/12,"Agnew, Roy, 2 Piano Pieces, FxJoaQcBkvw.mid",597
152704,152704,1/6,"Agnew, Roy, 2 Piano Pieces, FxJoaQcBkvw.mid",598
152704,148608,7/12,"Agnew, Roy, 2 Piano Pieces, FxJoaQcBkvw.mid",599
148608,17536,13/12,"Agnew, Roy, 2 Piano Pieces, FxJoaQcBkvw.mid",600
17536,17536,1/12,"Agnew, Roy, 2 Piano Pieces, FxJoaQcBkvw.mid",601
17536,17536,1/12,"Agnew, Roy, 2 Piano Pieces, FxJoaQcBkvw.mid",602
17536,16512,1/12,"Agnew, Roy, 2 Piano Pieces, FxJoaQcBkvw.mid",603
16512,128,1.0,"Agnew, Roy, 2 Piano Pieces, FxJoaQcBkvw.mid",604
128,4256,1/3,"Agnew, Roy, 2 Piano Pieces, FxJoaQcBkvw.mid",605
4256,37024,2/3,"Agnew, Roy, 2 Piano Pieces, FxJoaQcBkvw.mid",606
37024,37024,0.5,"Agnew, Roy, 2 Piano Pieces, FxJoaQcBkvw.mid",607
37024,53408,1/12,"Agnew, Roy, 2 Piano Pieces, FxJoaQcBkvw.mid",608
53408,53408,2/3,"Agnew, Roy, 2 Piano Pieces, FxJoaQcBkvw.mid",609
53408,53280,1/12,"Agnew, Roy, 2 Piano Pieces, FxJoaQcBkvw.mid",610
53280,53408,2/3,"Agnew, Roy, 2 Piano Pieces, FxJoaQcBkvw.mid",611
53408,53408,1/6,"Agnew, Roy, 2 Piano Pieces, FxJoaQcBkvw.mid",612
53408,53408,1/12,"Agnew, Roy, 2 Piano Pieces, FxJoaQcBkvw.mid",613
53408,53408,0.25,"Agnew, Roy, 2 Piano Pieces, FxJoaQcBkvw.mid",614
53408,53408,1/6,"Agnew, Roy, 2 Piano Pieces, FxJoaQcBkvw.mid",615
53408,53408,1/12,"Agnew, Roy, 2 Piano Pieces, FxJoaQcBkvw.mid",616
53408,16520,1/12,"Agnew, Roy, 2 Piano Pieces, FxJoaQcBkvw.mid",617
16520,1028,0.75,"Agnew, Roy, 2 Piano Pieces, FxJoaQcBkvw.mid",618
1028,5152,0.25,"Agnew, Roy, 2 Piano Pieces, FxJoaQcBkvw.mid",619
5152,5152,0.25,"Agnew, Roy, 2 Piano Pieces, FxJoaQcBkvw.mid",620
5152,5152,0.25,"Agnew, Roy, 2 Piano Pieces, FxJoaQcBkvw.mid",621
5152,21536,0.5,"Agnew, Roy, 2 Piano Pieces, FxJoaQcBkvw.mid",622
21536,21536,1/3,"Agnew, Roy, 2 Piano Pieces, FxJoaQcBkvw.mid",623
21536,54304,1/12,"Agnew, Roy, 2 Piano Pieces, FxJoaQcBkvw.mid",624
54304,1068,1/12,"Agnew, Roy, 2 Piano Pieces, FxJoaQcBkvw.mid",625
1068,8,1/6,"Agnew, Roy, 2 Piano Pieces, FxJoaQcBkvw.mid",626
8,4744,1.0,"Agnew, Roy, 2 Piano Pieces, FxJoaQcBkvw.mid",627
4744,4748,2/3,"Agnew, Roy, 2 Piano Pieces, FxJoaQcBkvw.mid",628
4748,4740,1/6,"Agnew, Roy, 2 Piano Pieces, FxJoaQcBkvw.mid",629
4740,4748,0.5,"Agnew, Roy, 2 Piano Pieces, FxJoaQcBkvw.mid",630
4748,4748,1/6,"Agnew, Roy, 2 Piano Pieces, FxJoaQcBkvw.mid",631
4748,4620,1/12,"Agnew, Roy, 2 Piano Pieces, FxJoaQcBkvw.mid",632
4620,4748,2/3,"Agnew, Roy, 2 Piano Pieces, FxJoaQcBkvw.mid",633
4748,140,1/12,"Agnew, Roy, 2 Piano Pieces, FxJoaQcBkvw.mid",634
140,2245632,0.75,"Agnew, Roy, 2 Piano Pieces, FxJoaQcBkvw.mid",635
2245632,148480,0.25,"Agnew, Roy, 2 Piano Pieces, FxJoaQcBkvw.mid",636
148480,148608,0.5,"Agnew, Roy, 2 Piano Pieces, FxJoaQcBkvw.mid",637
148608,214144,7/12,"Agnew, Roy, 2 Piano Pieces, FxJoaQcBkvw.mid",638
214144,196736,1/6,"Agnew, Roy, 2 Piano Pieces, FxJoaQcBkvw.mid",639
196736,214144,0.75,"Agnew, Roy, 2 Piano Pieces, FxJoaQcBkvw.mid",640
214144,214144,1/3,"Agnew, Roy, 2 Piano Pieces, FxJoaQcBkvw.mid",641
214144,214016,1/6,"Agnew, Roy, 2 Piano Pieces, FxJoaQcBkvw.mid",642
214016,214144,0.5,"Agnew, Roy, 2 Piano Pieces, FxJoaQcBkvw.mid",643
214144,214144,0.25,"Agnew, Roy, 2 Piano Pieces, FxJoaQcBkvw.mid",644
214144,214656,1/6,"Agnew, Roy, 2 Piano Pieces, FxJoaQcBkvw.mid",645
214656,83584,1/12,"Agnew, Roy, 2 Piano Pieces, FxJoaQcBkvw.mid",646
83584,67072,1/12,"Agnew, Roy, 2 Piano Pieces, FxJoaQcBkvw.mid",647
67072,512,1/12,"Agnew, Roy, 2 Piano Pieces, FxJoaQcBkvw.mid",648
512,135680,1.0,"Agnew, Roy, 2 Piano Pieces, FxJoaQcBkvw.mid",649
135680,135680,7/12,"Agnew, Roy, 2 Piano Pieces, FxJoaQcBkvw.mid",650
135680,135680,1/12,"Agnew, Roy, 2 Piano Pieces, FxJoaQcBkvw.mid",651
135680,4608,1/6,"Agnew, Roy, 2 Piano Pieces, FxJoaQcBkvw.mid",652
4608,149,1/6,"Agnew, Roy, 2 Piano Pieces, FxJoaQcBkvw.mid",653
149,1173,1/3,"Agnew, Roy, 2 Piano Pieces, FxJoaQcBkvw.mid",654
1173,1173,0.5,"Agnew, Roy, 2 Piano Pieces, FxJoaQcBkvw.mid",655
1173,1685,7/6,"Agnew, Roy, 2 Piano Pieces, FxJoaQcBkvw.mid",656
1685,661,1/12,"Agnew, Roy, 2 Piano Pieces, FxJoaQcBkvw.mid",657
661,1685,1.0,"Agnew, Roy, 2 Piano Pieces, FxJoaQcBkvw.mid",658
1685,1,1/6,"Agnew, Roy, 2 Piano Pieces, FxJoaQcBkvw.mid",659
1,128,0.5,"Agnew, Roy, 2 Piano Pieces, FxJoaQcBkvw.mid",660
128,160,0.25,"Agnew, Roy, 2 Piano Pieces, FxJoaQcBkvw.mid",661
160,32,0.25,"Agnew, Roy, 2 Piano Pieces, FxJoaQcBkvw.mid",662
32,37408,1.0,"Agnew, Roy, 2 Piano Pieces, FxJoaQcBkvw.mid",663
37408,37408,0.25,"Agnew, Roy, 2 Piano Pieces, FxJoaQcBkvw.mid",664
37408,37408,0.5,"Agnew, Roy, 2 Piano Pieces, FxJoaQcBkvw.mid",665
37408,2282496,1/12,"Agnew, Roy, 2 Piano Pieces, FxJoaQcBkvw.mid",666
2282496,2282496,1/6,"Agnew, Roy, 2 Piano Pieces, FxJoaQcBkvw.mid",667
2282496,152576,0.5,"Agnew, Roy, 2 Piano Pieces, FxJoaQcBkvw.mid",668
152576,152576,1.0,"Agnew, Roy, 2 Piano Pieces, FxJoaQcBkvw.mid",669
152576,152576,0.25,"Agnew, Roy, 2 Piano Pieces, FxJoaQcBkvw.mid",670
152576,152576,0.25,"Agnew, Roy, 2 Piano Pieces, FxJoaQcBkvw.mid",671
152576,152576,0.25,"Agnew, Roy, 2 Piano Pieces, FxJoaQcBkvw.mid",672
152576,136192,1/12,"Agnew, Roy, 2 Piano Pieces, FxJoaQcBkvw.mid",673
136192,1572,1/6,"Agnew, Roy, 2 Piano Pieces, FxJoaQcBkvw.mid",674
1572,516,1/6,"Agnew, Roy, 2 Piano Pieces, FxJoaQcBkvw.mid",675
516,548,13/12,"Agnew, Roy, 2 Piano Pieces, FxJoaQcBkvw.mid",676
548,548,1/6,"Agnew, Roy, 2 Piano Pieces, FxJoaQcBkvw.mid",677
548,548,11/12,"Agnew, Roy, 2 Piano Pieces, FxJoaQcBkvw.mid",678
548,32,1/6,"Agnew, Roy, 2 Piano Pieces, FxJoaQcBkvw.mid",679
32,145,0.75,"Agnew, Roy, 2 Piano Pieces, FxJoaQcBkvw.mid",680
145,145,2/3,"Agnew, Roy, 2 Piano Pieces, FxJoaQcBkvw.mid",681
145,1169,19/12,"Agnew, Roy, 2 Piano Pieces, FxJoaQcBkvw.mid",682
1169,1057,1/12,"Agnew, Roy, 2 Piano Pieces, FxJoaQcBkvw.mid",683
1057,33,5/3,"Agnew, Roy, 2 Piano Pieces, FxJoaQcBkvw.mid",684
33,33,1.5,"Agnew, Roy, 2 Piano Pieces, FxJoaQcBkvw.mid",685
33,49,1/12,"Agnew, Roy, 2 Piano Pieces, FxJoaQcBkvw.mid",686
49,49,29/12,"Agnew, Roy, 2 Piano Pieces, FxJoaQcBkvw.mid",687
49,49,4.0,"Agnew, Roy, 2 Piano Pieces, FxJoaQcBkvw.mid",688
49,49,2.25,"Agnew, Roy, 2 Piano Pieces, FxJoaQcBkvw.mid",689
49,17,7/12,"Agnew, Roy, 2 Piano Pieces, FxJoaQcBkvw.mid",690
0,65600,0.25,"Agnew, Roy, 2 Piano Solos, FxJoaQcBkvw.mid",0
65600,16,5/12,"Agnew, Roy, 2 Piano Solos, FxJoaQcBkvw.mid",1
16,16,1/12,"Agnew, Roy, 2 Piano Solos, FxJoaQcBkvw.mid",2
16,32,2/3,"Agnew, Roy, 2 Piano Solos, FxJoaQcBkvw.mid",3
32,131584,2/3,"Agnew, Roy, 2 Piano Solos, FxJoaQcBkvw.mid",4
131584,135680,0.25,"Agnew, Roy, 2 Piano Solos, FxJoaQcBkvw.mid",5
135680,135680,1/6,"Agnew, Roy, 2 Piano Solos, FxJoaQcBkvw.mid",6
135680,4608,1/6,"Agnew, Roy, 2 Piano Solos, FxJoaQcBkvw.mid",7
4608,71680,1/12,"Agnew, Roy, 2 Piano Solos, FxJoaQcBkvw.mid",8
71680,67584,1/6,"Agnew, Roy, 2 Piano Solos, FxJoaQcBkvw.mid",9
67584,16,0.25,"Agnew, Roy, 2 Piano Solos, FxJoaQcBkvw.mid",10
16,65664,7/12,"Agnew, Roy, 2 Piano Solos, FxJoaQcBkvw.mid",11
65664,69760,5/12,"Agnew, Roy, 2 Piano Solos, FxJoaQcBkvw.mid",12
69760,69760,0.25,"Agnew, Roy, 2 Piano Solos, FxJoaQcBkvw.mid",13
69760,69760,0.5,"Agnew, Roy, 2 Piano Solos, FxJoaQcBkvw.mid",14
69760,86144,0.5,"Agnew, Roy, 2 Piano Solos, FxJoaQcBkvw.mid",15
86144,86144,2/3,"Agnew, Roy, 2 Piano Solos, FxJoaQcBkvw.mid",16
86144,530432,1/12,"Agnew, Roy, 2 Piano Solos, FxJoaQcBkvw.mid",17
530432,530432,1/6,"Agnew, Roy, 2 Piano Solos, FxJoaQcBkvw.mid",18
530432,4224,1/3,"Agnew, Roy, 2 Piano Solos, FxJoaQcBkvw.mid",19
4224,4256,0.75,"Agnew, Roy, 2 Piano Solos, FxJoaQcBkvw.mid",20
4256,4768,5/12,"Agnew, Roy, 2 Piano Solos, FxJoaQcBkvw.mid",21
4768,4640,1/12,"Agnew, Roy, 2 Piano Solos, FxJoaQcBkvw.mid",22
4640,4608,1/6,"Agnew, Roy, 2 Piano Solos, FxJoaQcBkvw.mid",23
4608,4112,1/3,"Agnew, Roy, 2 Piano Solos, FxJoaQcBkvw.mid",24
4112,4112,5/3,"Agnew, Roy, 2 Piano Solos, FxJoaQcBkvw.mid",25
4112,4100,1.25,"Agnew, Roy, 2 Piano Solos, FxJoaQcBkvw.mid",26
4100,4,1/3,"Agnew, Roy, 2 Piano Solos, FxJoaQcBkvw.mid",27
4,2052,1/12,"Agnew, Roy, 2 Piano Solos, FxJoaQcBkvw.mid",28
2052,2048,2/3,"Agnew, Roy, 2 Piano Solos, FxJoaQcBkvw.mid",29
2048,1,1.0,"Agnew, Roy, 2 Piano Solos, FxJoaQcBkvw.mid",30
1,17,0.25,"Agnew, Roy, 2 Piano Solos, FxJoaQcBkvw.mid",31
17,71680,5/12,"Agnew, Roy, 2 Piano Solos, FxJoaQcBkvw.mid",32
71680,595968,1/3,"Agnew, Roy, 2 Piano Solos, FxJoaQcBkvw.mid",33
595968,144,1/6,"Agnew, Roy, 2 Piano Solos, FxJoaQcBkvw.mid",34
144,16,1/12,"Agnew, Roy, 2 Piano Solos, FxJoaQcBkvw.mid",35
16,2048,0.5,"Agnew, Roy, 2 Piano Solos, FxJoaQcBkvw.mid",36
2048,2052,0.75,"Agnew, Roy, 2 Piano Solos, FxJoaQcBkvw.mid",37
2052,2564,0.5,"Agnew, Roy, 2 Piano Solos, FxJoaQcBkvw.mid",38
2564,2692,0.75,"Agnew, Roy, 2 Piano Solos, FxJoaQcBkvw.mid",39
2692,2692,0.25,"Agnew, Roy, 2 Piano Solos, FxJoaQcBkvw.mid",40
2692,2756,0.5,"Agnew, Roy, 2 Piano Solos, FxJoaQcBkvw.mid",41
2756,2756,0.5,"Agnew, Roy, 2 Piano Solos, FxJoaQcBkvw.mid",42
2756,128,2/3,"Agnew, Roy, 2 Piano Solos, FxJoaQcBkvw.mid",43
128,128,7/12,"Agnew, Roy, 2 Piano Solos, FxJoaQcBkvw.mid",44
128,16512,0.5,"Agnew, Roy, 2 Piano Solos, FxJoaQcBkvw.mid",45
16512,18560,0.25,"Agnew, Roy, 2 Piano Solos, FxJoaQcBkvw.mid",46
18560,18560,1/3,"Agnew, Roy, 2 Piano Solos, FxJoaQcBkvw.mid",47
18560,18560,5/12,"Agnew, Roy, 2 Piano Solos, FxJoaQcBkvw.mid",48
18560,16512,0.25,"Agnew, Roy, 2 Piano Solos, FxJoaQcBkvw.mid",49
16512,16512,1/3,"Agnew, Roy, 2 Piano Solos, FxJoaQcBkvw.mid",50
16512,16512,1/12,"Agnew, Roy, 2 Piano Solos, FxJoaQcBkvw.mid",51
16512,132,1/12,"Agnew, Roy, 2 Piano Solos, FxJoaQcBkvw.mid",52
132,16512,1/6,"Agnew, Roy, 2 Piano Solos, FxJoaQcBkvw.mid",53
16512,67616,0.25,"Agnew, Roy, 2 Piano Solos, FxJoaQcBkvw.mid",54
67616,65568,1/3,"Agnew, Roy, 2 Piano Solos, FxJoaQcBkvw.mid",55
65568,81952,0.5,"Agnew, Roy, 2 Piano Solos, FxJoaQcBkvw.mid",56
81952,81952,1/6,"Agnew, Roy, 2 Piano Solos, FxJoaQcBkvw.mid",57
81952,81952,1/6,"Agnew, Roy, 2 Piano Solos, FxJoaQcBkvw.mid",58
81952,32,1/12,"Agnew, Roy, 2 Piano Solos, FxJoaQcBkvw.mid",59
32,4240,2/3,"Agnew, Roy, 2 Piano Solos, FxJoaQcBkvw.mid",60
4240,4240,1/3,"Agnew, Roy, 2 Piano Solos, FxJoaQcBkvw.mid",61
4240,144,1/6,"Agnew, Roy, 2 Piano Solos, FxJoaQcBkvw.mid",62
144,4240,1/3,"Agnew, Roy, 2 Piano Solos, FxJoaQcBkvw.mid",63
4240,1,1/6,"Agnew, Roy, 2 Piano Solos, FxJoaQcBkvw.mid",64
1,4128,0.25,"Agnew, Roy, 2 Piano Solos, FxJoaQcBkvw.mid",65
4128,4132,0.5,"Agnew, Roy, 2 Piano Solos, FxJoaQcBkvw.mid",66
4132,4644,1/6,"Agnew, Roy, 2 Piano Solos, FxJoaQcBkvw.mid",67
4644,4644,1/12,"Agnew, Roy, 2 Piano Solos, FxJoaQcBkvw.mid",68
4644,4644,1/3,"Agnew, Roy, 2 Piano Solos, FxJoaQcBkvw.mid",69
4644,549,1/12,"Agnew, Roy, 2 Piano Solos, FxJoaQcBkvw.mid",70
549,549,0.25,"Agnew, Roy, 2 Piano Solos, FxJoaQcBkvw.mid",71
549,517,1/12,"Agnew, Roy, 2 Piano Solos, FxJoaQcBkvw.mid",72
517,513,1/12,"Agnew, Roy, 2 Piano Solos, FxJoaQcBkvw.mid",73
513,542720,0.5,"Agnew, Roy, 2 Piano Solos, FxJoaQcBkvw.mid",74
542720,542720,0.5,"Agnew, Roy, 2 Piano Solos, FxJoaQcBkvw.mid",75
542720,542720,0.25,"Agnew, Roy, 2 Piano Solos, FxJoaQcBkvw.mid",76
542720,18576,0.5,"Agnew, Roy, 2 Piano Solos, FxJoaQcBkvw.mid",77
18576,591872,1/6,"Agnew, Roy, 2 Piano Solos, FxJoaQcBkvw.mid",78
591872,2048,1/12,"Agnew, Roy, 2 Piano Solos, FxJoaQcBkvw.mid",79
2048,18464,2/3,"Agnew, Roy, 2 Piano Solos, FxJoaQcBkvw.mid",80
18464,18464,0.5,"Agnew, Roy, 2 Piano Solos, FxJoaQcBkvw.mid",81
18464,18464,1/12,"Agnew, Roy, 2 Piano Solos, FxJoaQcBkvw.mid",82
18464,18592,5/12,"Agnew, Roy, 2 Piano Solos, FxJoaQcBkvw.mid",83
18592,132,1/12,"Agnew, Roy, 2 Piano Solos, FxJoaQcBkvw.mid",84
132,144,7/12,"Agnew, Roy, 2 Piano Solos, FxJoaQcBkvw.mid",85
144,4240,2/3,"Agnew, Roy, 2 Piano Solos, FxJoaQcBkvw.mid",86
4240,4240,0.5,"Agnew, Roy, 2 Piano Solos, FxJoaQcBkvw.mid",87
4240,129,1/12,"Agnew, Roy, 2 Piano Solos, FxJoaQcBkvw.mid",88
129,128,1/6,"Agnew, Roy, 2 Piano Solos, FxJoaQcBkvw.mid",89
128,4644,0.75,"Agnew, Roy, 2 Piano Solos, FxJoaQcBkvw.mid",90
4644,4644,0.25,"Agnew, Roy, 2 Piano Solos, FxJoaQcBkvw.mid",91
4644,152192,7/12,"Agnew, Roy, 2 Piano Solos, FxJoaQcBkvw.mid",92
152192,154240,2/3,"Agnew, Roy, 2 Piano Solos, FxJoaQcBkvw.mid",93
154240,23040,1/12,"Agnew, Roy, 2 Piano Solos, FxJoaQcBkvw.mid",94
23040,2560,1/6,"Agnew, Roy, 2 Piano Solos, FxJoaQcBkvw.mid",95
2560,512,1/12,"Agnew, Roy, 2 Piano Solos, FxJoaQcBkvw.mid",96
512,659968,2/3,"Agnew, Roy, 2 Piano Solos, FxJoaQcBkvw.mid",97
659968,659968,0.25,"Agnew, Roy, 2 Piano Solos, FxJoaQcBkvw.mid",98
659968,725504,0.5,"Agnew, Roy, 2 Piano Solos, FxJoaQcBkvw.mid",99
725504,4272,1/12,"Agnew, Roy, 2 Piano Solos, FxJoaQcBkvw.mid",100
4272,4112,1/6,"Agnew, Roy, 2 Piano Solos, FxJoaQcBkvw.mid",101
4112,67712,1.0,"Agnew, Roy, 2 Piano Solos, FxJoaQcBkvw.mid",102
67712,4640,1.0,"Agnew, Roy, 2 Piano Solos, FxJoaQcBkvw.mid",103
4640,4640,0.5,"Agnew, Roy, 2 Piano Solos, FxJoaQcBkvw.mid",104
4640,4640,1/3,"Agnew, Roy, 2 Piano Solos, FxJoaQcBkvw.mid",105
4640,6688,2/3,"Agnew, Roy, 2 Piano Solos, FxJoaQcBkvw.mid",106
6688,6688,1/12,"Agnew, Roy, 2 Piano Solos, FxJoaQcBkvw.mid",107
6688,6688,0.25,"Agnew, Roy, 2 Piano Solos, FxJoaQcBkvw.mid",108
6688,6688,7/6,"Agnew, Roy, 2 Piano Solos, FxJoaQcBkvw.mid",109
6688,72224,1.5,"Agnew, Roy, 2 Piano Solos, FxJoaQcBkvw.mid",110
72224,4640,5/6,"Agnew, Roy, 2 Piano Solos, FxJoaQcBkvw.mid",111
4640,71680,0.75,"Agnew, Roy, 2 Piano Solos, FxJoaQcBkvw.mid",112
71680,6144,1/12,"Agnew, Roy, 2 Piano Solos, FxJoaQcBkvw.mid",113
6144,2048,1/6,"Agnew, Roy, 2 Piano Solos, FxJoaQcBkvw.mid",114
2048,512,0.75,"Agnew, Roy, 2 Piano Solos, FxJoaQcBkvw.mid",115
512,4608,0.25,"Agnew, Roy, 2 Piano Solos, FxJoaQcBkvw.mid",116
4608,4608,5/12,"Agnew, Roy, 2 Piano Solos, FxJoaQcBkvw.mid",117
4608,4624,7/12,"Agnew, Roy, 2 Piano Solos, FxJoaQcBkvw.mid",118
4624,4752,5/12,"Agnew, Roy, 2 Piano Solos, FxJoaQcBkvw.mid",119
4752,640,1/12,"Agnew, Roy, 2 Piano Solos, FxJoaQcBkvw.mid",120
640,2048,0.25,"Agnew, Roy, 2 Piano Solos, FxJoaQcBkvw.mid",121
2048,2048,1/3,"Agnew, Roy, 2 Piano Solos, FxJoaQcBkvw.mid",122
2048,2052,5/12,"Agnew, Roy, 2 Piano Solos, FxJoaQcBkvw.mid",123
2052,2564,0.75,"Agnew, Roy, 2 Piano Solos, FxJoaQcBkvw.mid",124
2564,2692,0.5,"Agnew, Roy, 2 Piano Solos, FxJoaQcBkvw.mid",125
2692,2692,1/3,"Agnew, Roy, 2 Piano Solos, FxJoaQcBkvw.mid",126
2692,2756,5/12,"Agnew, Roy, 2 Piano Solos, FxJoaQcBkvw.mid",127
2756,2756,1/3,"Agnew, Roy, 2 Piano Solos, FxJoaQcBkvw.mid",128
2756,2688,1/12,"Agnew, Roy, 2 Piano Solos, FxJoaQcBkvw.mid",129
2688,2560,1/12,"Agnew, Roy, 2 Piano Solos, FxJoaQcBkvw.mid",130
2560,2048,1/12,"Agnew, Roy, 2 Piano Solos, FxJoaQcBkvw.mid",131
2048,526336,1/6,"Agnew, Roy, 2 Piano Solos, FxJoaQcBkvw.mid",132
526336,128,0.5,"Agnew, Roy, 2 Piano Solos, FxJoaQcBkvw.mid",133
128,128,1/3,"Agnew, Roy, 2 Piano Solos, FxJoaQcBkvw.mid",134
128,16512,2/3,"Agnew, Roy, 2 Piano Solos, FxJoaQcBkvw.mid",135
16512,18560,2/3,"Agnew, Roy, 2 Piano Solos, FxJoaQcBkvw.mid",136
18560,84096,7/12,"Agnew, Roy, 2 Piano Solos, FxJoaQcBkvw.mid",137
84096,84096,1/12,"Agnew, Roy, 2 Piano Solos, FxJoaQcBkvw.mid",138
84096,2048,1/6,"Agnew, Roy, 2 Piano Solos, FxJoaQcBkvw.mid",139
2048,65664,2/3,"Agnew, Roy, 2 Piano Solos, FxJoaQcBkvw.mid",140
65664,36,2/3,"Agnew, Roy, 2 Piano Solos, FxJoaQcBkvw.mid",141
36,36,0.25,"Agnew, Roy, 2 Piano Solos, FxJoaQcBkvw.mid",142
36,548,0.25,"Agnew, Roy, 2 Piano Solos, FxJoaQcBkvw.mid",143
548,548,0.25,"Agnew, Roy, 2 Piano Solos, FxJoaQcBkvw.mid",144
548,4644,0.25,"Agnew, Roy, 2 Piano Solos, FxJoaQcBkvw.mid",145
4644,4644,1/12,"Agnew, Roy, 2 Piano Solos, FxJoaQcBkvw.mid",146
4644,4608,1/6,"Agnew, Roy, 2 Piano Solos, FxJoaQcBkvw.mid",147
4608,16,0.5,"Agnew, Roy, 2 Piano Solos, FxJoaQcBkvw.mid",148
16,65664,2/3,"Agnew, Roy, 2 Piano Solos, FxJoaQcBkvw.mid",149
65664,196736,7/12,"Agnew, Roy, 2 Piano Solos, FxJoaQcBkvw.mid",150
196736,198784,0.5,"Agnew, Roy, 2 Piano Solos, FxJoaQcBkvw.mid",151
198784,215168,0.25,"Agnew, Roy, 2 Piano Solos, FxJoaQcBkvw.mid",152
215168,215168,0.5,"Agnew, Roy, 2 Piano Solos, FxJoaQcBkvw.mid",153
215168,215168,0.5,"Agnew, Roy, 2 Piano Solos, FxJoaQcBkvw.mid",154
215168,215168,1/12,"Agnew, Roy, 2 Piano Solos, FxJoaQcBkvw.mid",155
215168,198784,1/12,"Agnew, Roy, 2 Piano Solos, FxJoaQcBkvw.mid",156
198784,67712,1/12,"Agnew, Roy, 2 Piano Solos, FxJoaQcBkvw.mid",157
67712,1,5/12,"Agnew, Roy, 2 Piano Solos, FxJoaQcBkvw.mid",158
1,1,7/12,"Agnew, Roy, 2 Piano Solos, FxJoaQcBkvw.mid",159
1,129,0.5,"Agnew, Roy, 2 Piano Solos, FxJoaQcBkvw.mid",160
129,145,0.75,"Agnew, Roy, 2 Piano Solos, FxJoaQcBkvw.mid",161
145,145,0.5,"Agnew, Roy, 2 Piano Solos, FxJoaQcBkvw.mid",162
145,145,0.5,"Agnew, Roy, 2 Piano Solos, FxJoaQcBkvw.mid",163
145,129,1/6,"Agnew, Roy, 2 Piano Solos, FxJoaQcBkvw.mid",164
129,4224,1/12,"Agnew, Roy, 2 Piano Solos, FxJoaQcBkvw.mid",165
4224,529,0.5,"Agnew, Roy, 2 Piano Solos, FxJoaQcBkvw.mid",166
529,657,1/6,"Agnew, Roy, 2 Piano Solos, FxJoaQcBkvw.mid",167
657,657,1/3,"Agnew, Roy, 2 Piano Solos, FxJoaQcBkvw.mid",168
657,657,1/3,"Agnew, Roy, 2 Piano Solos, FxJoaQcBkvw.mid",169
657,145,1/6,"Agnew, Roy, 2 Piano Solos, FxJoaQcBkvw.mid",170
145,542720,0.5,"Agnew, Roy, 2 Piano Solos, FxJoaQcBkvw.mid",171
542720,18432,1/12,"Agnew, Roy, 2 Piano Solos, FxJoaQcBkvw.mid",172
18432,542720,0.5,"Agnew, Roy, 2 Piano Solos, FxJoaQcBkvw.mid",173
542720,542720,0.25,"Agnew, Roy, 2 Piano Solos, FxJoaQcBkvw.mid",174
542720,542720,1/6,"Agnew, Roy, 2 Piano Solos, FxJoaQcBkvw.mid",175
542720,132,1/12,"Agnew, Roy, 2 Piano Solos, FxJoaQcBkvw.mid",176
132,128,1/12,"Agnew, Roy, 2 Piano Solos, FxJoaQcBkvw.mid",177
128,528896,1/12,"Agnew, Roy, 2 Piano Solos, FxJoaQcBkvw.mid",178
528896,528896,7/12,"Agnew, Roy, 2 Piano Solos, FxJoaQcBkvw.mid",179
528896,594432,0.5,"Agnew, Roy, 2 Piano Solos, FxJoaQcBkvw.mid",180
594432,70272,0.5,"Agnew, Roy, 2 Piano Solos, FxJoaQcBkvw.mid",181
70272,16960,0.5,"Agnew, Roy, 2 Piano Solos, FxJoaQcBkvw.mid",182
16960,16960,0.25,"Agnew, Roy, 2 Piano Solos, FxJoaQcBkvw.mid",183
16960,516,1/3,"Agnew, Roy, 2 Piano Solos, FxJoaQcBkvw.mid",184
516,2564,5/12,"Agnew, Roy, 2 Piano Solos, FxJoaQcBkvw.mid",185
2564,2564,1/12,"Agnew, Roy, 2 Piano Solos, FxJoaQcBkvw.mid",186
2564,16896,1/6,"Agnew, Roy, 2 Piano Solos, FxJoaQcBkvw.mid",187
16896,577,2/3,"Agnew, Roy, 2 Piano Solos, FxJoaQcBkvw.mid",188
577,577,7/12,"Agnew, Roy, 2 Piano Solos, FxJoaQcBkvw.mid",189
577,581,0.25,"Agnew, Roy, 2 Piano Solos, FxJoaQcBkvw.mid",190
581,16896,1/6,"Agnew, Roy, 2 Piano Solos, FxJoaQcBkvw.mid",191
16896,4,1/12,"Agnew, Roy, 2 Piano Solos, FxJoaQcBkvw.mid",192
4,18432,0.75,"Agnew, Roy, 2 Piano Solos, FxJoaQcBkvw.mid",193
18432,542720,0.25,"Agnew, Roy, 2 Piano Solos, FxJoaQcBkvw.mid",194
542720,18560,0.25,"Agnew, Roy, 2 Piano Solos, FxJoaQcBkvw.mid",195
18560,18560,5/12,"Agnew, Roy, 2 Piano Solos, FxJoaQcBkvw.mid",196
18560,16512,1/12,"Agnew, Roy, 2 Piano Solos, FxJoaQcBkvw.mid",197
16512,70208,0.25,"Agnew, Roy, 2 Piano Solos, FxJoaQcBkvw.mid",198
70208,70144,1/3,"Agnew, Roy, 2 Piano Solos, FxJoaQcBkvw.mid",199
70144,4628,1/12,"Agnew, Roy, 2 Piano Solos, FxJoaQcBkvw.mid",200
4628,4628,1/12,"Agnew, Roy, 2 Piano Solos, FxJoaQcBkvw.mid",201
4628,6676,0.25,"Agnew, Roy, 2 Piano Solos, FxJoaQcBkvw.mid",202
6676,4628,0.25,"Agnew, Roy, 2 Piano Solos, FxJoaQcBkvw.mid",203
4628,4692,1/3,"Agnew, Roy, 2 Piano Solos, FxJoaQcBkvw.mid",204
4692,328192,1/6,"Agnew, Roy, 2 Piano Solos, FxJoaQcBkvw.mid",205
328192,592,1/6,"Agnew, Roy, 2 Piano Solos, FxJoaQcBkvw.mid",206
592,16,1/12,"Agnew, Roy, 2 Piano Solos, FxJoaQcBkvw.mid",207
16,20624,11/12,"Agnew, Roy, 2 Piano Solos, FxJoaQcBkvw.mid",208
20624,22672,5/12,"Agnew, Roy, 2 Piano Solos, FxJoaQcBkvw.mid",209
22672,2192,1/12,"Agnew, Roy, 2 Piano Solos, FxJoaQcBkvw.mid",210
2192,526336,0.25,"Agnew, Roy, 2 Piano Solos, FxJoaQcBkvw.mid",211
526336,280704,0.5,"Agnew, Roy, 2 Piano Solos, FxJoaQcBkvw.mid",212
280704,280704,7/12,"Agnew, Roy, 2 Piano Solos, FxJoaQcBkvw.mid",213
280704,2116,1/12,"Agnew, Roy, 2 Piano Solos, FxJoaQcBkvw.mid",214
2116,280576,1/12,"Agnew, Roy, 2 Piano Solos, FxJoaQcBkvw.mid",215
280576,595968,1/6,"Agnew, Roy, 2 Piano Solos, FxJoaQcBkvw.mid",216
595968,595968,13/12,"Agnew, Roy, 2 Piano Solos, FxJoaQcBkvw.mid",217
595968,145,0.75,"Agnew, Roy, 2 Piano Solos, FxJoaQcBkvw.mid",218
145,209,0.5,"Agnew, Roy, 2 Piano Solos, FxJoaQcBkvw.mid",219
209,145,1/6,"Agnew, Roy, 2 Piano Solos, FxJoaQcBkvw.mid",220
145,16,1/12,"Agnew, Roy, 2 Piano Solos, FxJoaQcBkvw.mid",221
16,65664,0.5,"Agnew, Roy, 2 Piano Solos, FxJoaQcBkvw.mid",222
65664,65664,0.75,"Agnew, Roy, 2 Piano Solos, FxJoaQcBkvw.mid",223
65664,67712,3.25,"Agnew, Roy, 2 Piano Solos, FxJoaQcBkvw.mid",224
67712,16,1.0,"Agnew, Roy, 2 Piano Solos, FxJoaQcBkvw.mid",225
16,591872,0.25,"Agnew, Roy, 2 Piano Solos, FxJoaQcBkvw.mid",226
591872,144,0.5,"Agnew, Roy, 2 Piano Solos, FxJoaQcBkvw.mid",227
144,591872,0.5,"Agnew, Roy, 2 Piano Solos, FxJoaQcBkvw.mid",228
591872,608256,0.5,"Agnew, Roy, 2 Piano Solos, FxJoaQcBkvw.mid",229
608256,264192,0.25,"Agnew, Roy, 2 Piano Solos, FxJoaQcBkvw.mid",230
264192,64,5/12,"Agnew, Roy, 2 Piano Solos, FxJoaQcBkvw.mid",231
64,262656,1/3,"Agnew, Roy, 2 Piano Solos, FxJoaQcBkvw.mid",232
262656,262656,0.25,"Agnew, Roy, 2 Piano Solos, FxJoaQcBkvw.mid",233
262656,786944,0.75,"Agnew, Roy, 2 Piano Solos, FxJoaQcBkvw.mid",234
786944,795136,1/3,"Agnew, Roy, 2 Piano Solos, FxJoaQcBkvw.mid",235
795136,860672,1/6,"Agnew, Roy, 2 Piano Solos, FxJoaQcBkvw.mid",236
860672,860672,0.25,"Agnew, Roy, 2 Piano Solos, FxJoaQcBkvw.mid",237
860672,860672,0.25,"Agnew, Roy, 2 Piano Solos, FxJoaQcBkvw.mid",238
860672,860672,1/6,"Agnew, Roy, 2 Piano Solos, FxJoaQcBkvw.mid",239
860672,860672,1/12,"Agnew, Roy, 2 Piano Solos, FxJoaQcBkvw.mid",240
860672,860672,1/3,"Agnew, Roy, 2 Piano Solos, FxJoaQcBkvw.mid",241
860672,795136,1/12,"Agnew, Roy, 2 Piano Solos, FxJoaQcBkvw.mid",242
795136,65664,1/12,"Agnew, Roy, 2 Piano Solos, FxJoaQcBkvw.mid",243
65664,16,0.5,"Agnew, Roy, 2 Piano Solos, FxJoaQcBkvw.mid",244
16,20,0.5,"Agnew, Roy, 2 Piano Solos, FxJoaQcBkvw.mid",245
20,4116,0.25,"Agnew, Roy, 2 Piano Solos, FxJoaQcBkvw.mid",246
4116,4116,0.5,"Agnew, Roy, 2 Piano Solos, FxJoaQcBkvw.mid",247
4116,4628,0.5,"Agnew, Roy, 2 Piano Solos, FxJoaQcBkvw.mid",248
4628,4692,2/3,"Agnew, Roy, 2 Piano Solos, FxJoaQcBkvw.mid",249
4692,4692,1/12,"Agnew, Roy, 2 Piano Solos, FxJoaQcBkvw.mid",250
4692,4692,2/3,"Agnew, Roy, 2 Piano Solos, FxJoaQcBkvw.mid",251
4692,580,1/12,"Agnew, Roy, 2 Piano Solos, FxJoaQcBkvw.mid",252
580,16,1/6,"Agnew, Roy, 2 Piano Solos, FxJoaQcBkvw.mid",253
16,52,1/12,"Agnew, Roy, 2 Piano Solos, FxJoaQcBkvw.mid",254
52,36,11/12,"Agnew, Roy, 2 Piano Solos, FxJoaQcBkvw.mid",255
36,548,1/3,"Agnew, Roy, 2 Piano Solos, FxJoaQcBkvw.mid",256
548,548,1/3,"Agnew, Roy, 2 Piano Solos, FxJoaQcBkvw.mid",257
548,4644,1/3,"Agnew, Roy, 2 Piano Solos, FxJoaQcBkvw.mid",258
4644,4608,0.25,"Agnew, Roy, 2 Piano Solos, FxJoaQcBkvw.mid",259
4608,1,1/12,"Agnew, Roy, 2 Piano Solos, FxJoaQcBkvw.mid",260
1,67584,0.25,"Agnew, Roy, 2 Piano Solos, FxJoaQcBkvw.mid",261
67584,16,0.25,"Agnew, Roy, 2 Piano Solos, FxJoaQcBkvw.mid",262
16,65664,0.5,"Agnew, Roy, 2 Piano Solos, FxJoaQcBkvw.mid",263
65664,196736,2/3,"Agnew, Roy, 2 Piano Solos, FxJoaQcBkvw.mid",264
196736,198784,2/3,"Agnew, Roy, 2 Piano Solos, FxJoaQcBkvw.mid",265
198784,215168,1/3,"Agnew, Roy, 2 Piano Solos, FxJoaQcBkvw.mid",266
215168,215168,1/3,"Agnew, Roy, 2 Piano Solos, FxJoaQcBkvw.mid",267
215168,215168,0.5,"Agnew, Roy, 2 Piano Solos, FxJoaQcBkvw.mid",268
215168,18560,1/6,"Agnew, Roy, 2 Piano Solos, FxJoaQcBkvw.mid",269
18560,128,1/12,"Agnew, Roy, 2 Piano Solos, FxJoaQcBkvw.mid",270
128,1,0.5,"Agnew, Roy, 2 Piano Solos, FxJoaQcBkvw.mid",271
1,1,0.5,"Agnew, Roy, 2 Piano Solos, FxJoaQcBkvw.mid",272
1,129,0.75,"Agnew, Roy, 2 Piano Solos, FxJoaQcBkvw.mid",273
129,145,0.5,"Agnew, Roy, 2 Piano Solos, FxJoaQcBkvw.mid",274
145,149,2/3,"Agnew, Roy, 2 Piano Solos, FxJoaQcBkvw.mid",275
149,149,1/12,"Agnew, Roy, 2 Piano Solos, FxJoaQcBkvw.mid",276
149,149,0.25,"Agnew, Roy, 2 Piano Solos, FxJoaQcBkvw.mid",277
149,149,1/3,"Agnew, Roy, 2 Piano Solos, FxJoaQcBkvw.mid",278
149,129,1/12,"Agnew, Roy, 2 Piano Solos, FxJoaQcBkvw.mid",279
129,1,1/12,"Agnew, Roy, 2 Piano Solos, FxJoaQcBkvw.mid",280
1,2164736,5/6,"Agnew, Roy, 2 Piano Solos, FxJoaQcBkvw.mid",281
2164736,2689024,2/3,"Agnew, Roy, 2 Piano Solos, FxJoaQcBkvw.mid",282
2689024,591872,1/12,"Agnew, Roy, 2 Piano Solos, FxJoaQcBkvw.mid",283
591872,2689024,5/12,"Agnew, Roy, 2 Piano Solos, FxJoaQcBkvw.mid",284
2689024,640,1/12,"Agnew, Roy, 2 Piano Solos, FxJoaQcBkvw.mid",285
640,2099200,0.25,"Agnew, Roy, 2 Piano Solos, FxJoaQcBkvw.mid",286
2099200,70144,1.0,"Agnew, Roy, 2 Piano Solos, FxJoaQcBkvw.mid",287
70144,70144,0.5,"Agnew, Roy, 2 Piano Solos, FxJoaQcBkvw.mid",288
70144,70144,0.5,"Agnew, Roy, 2 Piano Solos, FxJoaQcBkvw.mid",289
70144,1,0.25,"Agnew, Roy, 2 Piano Solos, FxJoaQcBkvw.mid",290
1,69760,0.75,"Agnew, Roy, 2 Piano Solos, FxJoaQcBkvw.mid",291
69760,71808,2/3,"Agnew, Roy, 2 Piano Solos, FxJoaQcBkvw.mid",292
71808,71808,1/12,"Agnew, Roy, 2 Piano Solos, FxJoaQcBkvw.mid",293
71808,71808,0.75,"Agnew, Roy, 2 Piano Solos, FxJoaQcBkvw.mid",294
71808,17,0.25,"Agnew, Roy, 2 Piano Solos, FxJoaQcBkvw.mid",295
17,70176,0.25,"Agnew, Roy, 2 Piano Solos, FxJoaQcBkvw.mid",296
70176,70176,0.75,"Agnew, Roy, 2 Piano Solos, FxJoaQcBkvw.mid",297
70176,72224,2/3,"Agnew, Roy, 2 Piano Solos, FxJoaQcBkvw.mid",298
72224,68128,1/12,"Agnew, Roy, 2 Piano Solos, FxJoaQcBkvw.mid",299
68128,72224,0.5,"Agnew, Roy, 2 Piano Solos, FxJoaQcBkvw.mid",300
72224,2593,1/12,"Agnew, Roy, 2 Piano Solos, FxJoaQcBkvw.mid",301
2593,545,1/6,"Agnew, Roy, 2 Piano Solos, FxJoaQcBkvw.mid",302
545,545,0.75,"Agnew, Roy, 2 Piano Solos, FxJoaQcBkvw.mid",303
545,2593,1.0,"Agnew, Roy, 2 Piano Solos, FxJoaQcBkvw.mid",304
2593,2049,1/6,"Agnew, Roy, 2 Piano Solos, FxJoaQcBkvw.mid",305
2049,2049,1/12,"Agnew, Roy, 2 Piano Solos, FxJoaQcBkvw.mid",306
2049,18464,1.0,"Agnew, Roy, 2 Piano Solos, FxJoaQcBkvw.mid",307
18464,18432,1/12,"Agnew, Roy, 2 Piano Solos, FxJoaQcBkvw.mid",308
18432,83968,1/6,"Agnew, Roy, 2 Piano Solos, FxJoaQcBkvw.mid",309
83968,83968,1/12,"Agnew, Roy, 2 Piano Solos, FxJoaQcBkvw.mid",310
83968,18448,1/12,"Agnew, Roy, 2 Piano Solos, FxJoaQcBkvw.mid",311
18448,18576,13/12,"Agnew, Roy, 2 Piano Solos, FxJoaQcBkvw.mid",312
18576,16528,1.25,"Agnew, Roy, 2 Piano Solos, FxJoaQcBkvw.mid",313
16528,16528,10/3,"Agnew, Roy, 2 Piano Solos, FxJoaQcBkvw.mid",314
16528,18576,2/3,"Agnew, Roy, 2 Piano Solos, FxJoaQcBkvw.mid",315
18576,18576,1/3,"Agnew, Roy, 2 Piano Solos, FxJoaQcBkvw.mid",316
18576,18576,1/6,"Agnew, Roy, 2 Piano Solos, FxJoaQcBkvw.mid",317
18576,18576,7/12,"Agnew, Roy, 2 Piano Solos, FxJoaQcBkvw.mid",318
18576,16528,1/6,"Agnew, Roy, 2 Piano Solos, FxJoaQcBkvw.mid",319
16528,149,1/12,"Agnew, Roy, 2 Piano Solos, FxJoaQcBkvw.mid",320
149,17,11/12,"Agnew, Roy, 2 Piano Solos, FxJoaQcBkvw.mid",321
17,145,0.5,"Agnew, Roy, 2 Piano Solos, FxJoaQcBkvw.mid",322
145,594432,0.5,"Agnew, Roy, 2 Piano Solos, FxJoaQcBkvw.mid",323
594432,596480,0.75,"Agnew, Roy, 2 Piano Solos, FxJoaQcBkvw.mid",324
596480,596480,11/12,"Agnew, Roy, 2 Piano Solos, FxJoaQcBkvw.mid",325
596480,592384,1/12,"Agnew, Roy, 2 Piano Solos, FxJoaQcBkvw.mid",326
592384,69760,0.25,"Agnew, Roy, 2 Piano Solos, FxJoaQcBkvw.mid",327
69760,145,2.75,"Agnew, Roy, 2 Piano Solos, FxJoaQcBkvw.mid",328
145,16,5.25,"Agnew, Roy, 2 Piano Solos, FxJoaQcBkvw.mid",329
16,145,4.0,"Agnew, Roy, 2 Piano Solos, FxJoaQcBkvw.mid",330
145,145,4.0,"Agnew, Roy, 2 Piano Solos, FxJoaQcBkvw.mid",331
145,145,1.0,"Agnew, Roy, 2 Piano Solos, FxJoaQcBkvw.mid",332
145,1,1/3,"Agnew, Roy, 2 Piano Solos, FxJoaQcBkvw.mid",333
1,1,5/12,"Agnew, Roy, 2 Piano Solos, FxJoaQcBkvw.mid",334
1,32,0.25,"Agnew, Roy, 2 Piano Solos, FxJoaQcBkvw.mid",335
32,131328,1.0,"Agnew, Roy, 2 Piano Solos, FxJoaQcBkvw.mid",336
131328,417,0.75,"Agnew, Roy, 2 Piano Solos, FxJoaQcBkvw.mid",337
417,417,5/6,"Agnew, Roy, 2 Piano Solos, FxJoaQcBkvw.mid",338
417,425,5/12,"Agnew, Roy, 2 Piano Solos, FxJoaQcBkvw.mid",339
425,37152,1/12,"Agnew, Roy, 2 Piano Solos, FxJoaQcBkvw.mid",340
37152,4136,1/6,"Agnew, Roy, 2 Piano Solos, FxJoaQcBkvw.mid",341
4136,16512,0.75,"Agnew, Roy, 2 Piano Solos, FxJoaQcBkvw.mid",342
16512,16512,0.25,"Agnew, Roy, 2 Piano Solos, FxJoaQcBkvw.mid",343
16512,17536,2/3,"Agnew, Roy, 2 Piano Solos, FxJoaQcBkvw.mid",344
17536,17408,1/12,"Agnew, Roy, 2 Piano Solos, FxJoaQcBkvw.mid",345
17408,151808,1.0,"Agnew, Roy, 2 Piano Solos, FxJoaQcBkvw.mid",346
151808,151936,0.75,"Agnew, Roy, 2 Piano Solos, FxJoaQcBkvw.mid",347
151936,151936,0.5,"Agnew, Roy, 2 Piano Solos, FxJoaQcBkvw.mid",348
151936,151936,0.25,"Agnew, Roy, 2 Piano Solos, FxJoaQcBkvw.mid",349
151936,1725440,5/12,"Agnew, Roy, 2 Piano Solos, FxJoaQcBkvw.mid",350
1725440,1758208,1/12,"Agnew, Roy, 2 Piano Solos, FxJoaQcBkvw.mid",351
1758208,1610752,1/12,"Agnew, Roy, 2 Piano Solos, FxJoaQcBkvw.mid",352
1610752,562176,1/12,"Agnew, Roy, 2 Piano Solos, FxJoaQcBkvw.mid",353
562176,558080,1/12,"Agnew, Roy, 2 Piano Solos, FxJoaQcBkvw.mid",354
558080,574464,0.5,"Agnew, Roy, 2 Piano Solos, FxJoaQcBkvw.mid",355
574464,574464,0.25,"Agnew, Roy, 2 Piano Solos, FxJoaQcBkvw.mid",356
574464,574464,0.25,"Agnew, Roy, 2 Piano Solos, FxJoaQcBkvw.mid",357
574464,521,2/3,"Agnew, Roy, 2 Piano Solos, FxJoaQcBkvw.mid",358
521,649,2/3,"Agnew, Roy, 2 Piano Solos, FxJoaQcBkvw.mid",359
649,649,1/12,"Agnew, Roy, 2 Piano Solos, FxJoaQcBkvw.mid",360
649,649,1/3,"Agnew, Roy, 2 Piano Solos, FxJoaQcBkvw.mid",361
649,136,0.25,"Agnew, Roy, 2 Piano Solos, FxJoaQcBkvw.mid",362
136,4,0.25,"Agnew, Roy, 2 Piano Solos, FxJoaQcBkvw.mid",363
4,1060,0.75,"Agnew, Roy, 2 Piano Solos, FxJoaQcBkvw.mid",364
1060,1060,0.25,"Agnew, Roy, 2 Piano Solos, FxJoaQcBkvw.mid",365
1060,1060,0.5,"Agnew, Roy, 2 Piano Solos, FxJoaQcBkvw.mid",366
1060,4260,1.0,"Agnew, Roy, 2 Piano Solos, FxJoaQcBkvw.mid",367
4260,4772,0.5,"Agnew, Roy, 2 Piano Solos, FxJoaQcBkvw.mid",368
4772,4612,0.25,"Agnew, Roy, 2 Piano Solos, FxJoaQcBkvw.mid",369
4612,4628,1/12,"Agnew, Roy, 2 Piano Solos, FxJoaQcBkvw.mid",370
4628,4628,5/12,"Agnew, Roy, 2 Piano Solos, FxJoaQcBkvw.mid",371
4628,4628,2/3,"Agnew, Roy, 2 Piano Solos, FxJoaQcBkvw.mid",372
4628,4756,0.75,"Agnew, Roy, 2 Piano Solos, FxJoaQcBkvw.mid",373
4756,660,1/12,"Agnew, Roy, 2 Piano Solos, FxJoaQcBkvw.mid",374
660,164,1/6,"Agnew, Roy, 2 Piano Solos, FxJoaQcBkvw.mid",375
164,160,1/12,"Agnew, Roy, 2 Piano Solos, FxJoaQcBkvw.mid",376
160,37024,1.25,"Agnew, Roy, 2 Piano Solos, FxJoaQcBkvw.mid",377
37024,53408,0.75,"Agnew, Roy, 2 Piano Solos, FxJoaQcBkvw.mid",378
53408,37024,0.25,"Agnew, Roy, 2 Piano Solos, FxJoaQcBkvw.mid",379
37024,558080,0.25,"Agnew, Roy, 2 Piano Solos, FxJoaQcBkvw.mid",380
558080,558080,0.5,"Agnew, Roy, 2 Piano Solos, FxJoaQcBkvw.mid",381
558080,562176,1/6,"Agnew, Roy, 2 Piano Solos, FxJoaQcBkvw.mid",382
562176,562176,7/12,"Agnew, Roy, 2 Piano Solos, FxJoaQcBkvw.mid",383
562176,2675712,1/6,"Agnew, Roy, 2 Piano Solos, FxJoaQcBkvw.mid",384
2675712,5772,7/12,"Agnew, Roy, 2 Piano Solos, FxJoaQcBkvw.mid",385
5772,5804,5/12,"Agnew, Roy, 2 Piano Solos, FxJoaQcBkvw.mid",386
5804,5804,0.25,"Agnew, Roy, 2 Piano Solos, FxJoaQcBkvw.mid",387
5804,5772,1/12,"Agnew, Roy, 2 Piano Solos, FxJoaQcBkvw.mid",388
5772,1024,1/6,"Agnew, Roy, 2 Piano Solos, FxJoaQcBkvw.mid",389
1024,4744,0.75,"Agnew, Roy, 2 Piano Solos, FxJoaQcBkvw.mid",390
4744,4748,0.5,"Agnew, Roy, 2 Piano Solos, FxJoaQcBkvw.mid",391
4748,4748,1/12,"Agnew, Roy, 2 Piano Solos, FxJoaQcBkvw.mid",392
4748,4748,2/3,"Agnew, Roy, 2 Piano Solos, FxJoaQcBkvw.mid",393
4748,4748,1/12,"Agnew, Roy, 2 Piano Solos, FxJoaQcBkvw.mid",394
4748,4748,5/12,"Agnew, Roy, 2 Piano Solos, FxJoaQcBkvw.mid",395
4748,128,0.25,"Agnew, Roy, 2 Piano Solos, FxJoaQcBkvw.mid",396
128,2769920,2/3,"Agnew, Roy, 2 Piano Solos, FxJoaQcBkvw.mid",397
2769920,2769920,1/12,"Agnew, Roy, 2 Piano Solos, FxJoaQcBkvw.mid",398
2769920,17536,0.25,"Agnew, Roy, 2 Piano Solos, FxJoaQcBkvw.mid",399
17536,83072,5/12,"Agnew, Roy, 2 Piano Solos, FxJoaQcBkvw.mid",400
83072,82048,1/12,"Agnew, Roy, 2 Piano Solos, FxJoaQcBkvw.mid",401
82048,83072,0.5,"Agnew, Roy, 2 Piano Solos, FxJoaQcBkvw.mid",402
83072,83072,1/6,"Agnew, Roy, 2 Piano Solos, FxJoaQcBkvw.mid",403
83072,83072,1/12,"Agnew, Roy, 2 Piano Solos, FxJoaQcBkvw.mid",404
83072,83072,1/12,"Agnew, Roy, 2 Piano Solos, FxJoaQcBkvw.mid",405
83072,83072,5/12,"Agnew, Roy, 2 Piano Solos, FxJoaQcBkvw.mid",406
83072,17424,1/12,"Agnew, Roy, 2 Piano Solos, FxJoaQcBkvw.mid",407
17424,1028,1/6,"Agnew, Roy, 2 Piano Solos, FxJoaQcBkvw.mid",408
1028,135680,0.75,"Agnew, Roy, 2 Piano Solos, FxJoaQcBkvw.mid",409
135680,135680,7/12,"Agnew, Roy, 2 Piano Solos, FxJoaQcBkvw.mid",410
135680,33,1/12,"Agnew, Roy, 2 Piano Solos, FxJoaQcBkvw.mid",411
33,1,1/12,"Agnew, Roy, 2 Piano Solos, FxJoaQcBkvw.mid",412
1,1,1/6,"Agnew, Roy, 2 Piano Solos, FxJoaQcBkvw.mid",413
1,1169,1/12,"Agnew, Roy, 2 Piano Solos, FxJoaQcBkvw.mid",414
1169,1169,0.75,"Agnew, Roy, 2 Piano Solos, FxJoaQcBkvw.mid",415
1169,1681,1/12,"Agnew, Roy, 2 Piano Solos, FxJoaQcBkvw.mid",416
1681,1680,1/12,"Agnew, Roy, 2 Piano Solos, FxJoaQcBkvw.mid",417
1680,1681,1/3,"Agnew, Roy, 2 Piano Solos, FxJoaQcBkvw.mid",418
1681,1681,1/6,"Agnew, Roy, 2 Piano Solos, FxJoaQcBkvw.mid",419
1681,129,1/3,"Agnew, Roy, 2 Piano Solos, FxJoaQcBkvw.mid",420
129,1153,11/12,"Agnew, Roy, 2 Piano Solos, FxJoaQcBkvw.mid",421
1153,1025,1/12,"Agnew, Roy, 2 Piano Solos, FxJoaQcBkvw.mid",422
1025,792576,1/6,"Agnew, Roy, 2 Piano Solos, FxJoaQcBkvw.mid",423
792576,788480,1/12,"Agnew, Roy, 2 Piano Solos, FxJoaQcBkvw.mid",424
788480,128,5/12,"Agnew, Roy, 2 Piano Solos, FxJoaQcBkvw.mid",425
128,16928,11/12,"Agnew, Roy, 2 Piano Solos, FxJoaQcBkvw.mid",426
16928,16928,1/12,"Agnew, Roy, 2 Piano Solos, FxJoaQcBkvw.mid",427
16928,16928,0.5,"Agnew, Roy, 2 Piano Solos, FxJoaQcBkvw.mid",428
16928,16896,1/6,"Agnew, Roy, 2 Piano Solos, FxJoaQcBkvw.mid",429
16896,16904,0.5,"Agnew, Roy, 2 Piano Solos, FxJoaQcBkvw.mid",430
16904,17032,1/6,"Agnew, Roy, 2 Piano Solos, FxJoaQcBkvw.mid",431
17032,21128,11/12,"Agnew, Roy, 2 Piano Solos, FxJoaQcBkvw.mid",432
21128,4744,1/12,"Agnew, Roy, 2 Piano Solos, FxJoaQcBkvw.mid",433
4744,17032,1/12,"Agnew, Roy, 2 Piano Solos, FxJoaQcBkvw.mid",434
17032,21128,0.75,"Agnew, Roy, 2 Piano Solos, FxJoaQcBkvw.mid",435
21128,21128,2/3,"Agnew, Roy, 2 Piano Solos, FxJoaQcBkvw.mid",436
21128,21128,1/12,"Agnew, Roy, 2 Piano Solos, FxJoaQcBkvw.mid",437
21128,21128,0.25,"Agnew, Roy, 2 Piano Solos, FxJoaQcBkvw.mid",438
21128,4780,1/6,"Agnew, Roy, 2 Piano Solos, FxJoaQcBkvw.mid",439
4780,4268,1/12,"Agnew, Roy, 2 Piano Solos, FxJoaQcBkvw.mid",440
4268,4644,1/12,"Agnew, Roy, 2 Piano Solos, FxJoaQcBkvw.mid",441
4644,4644,1/6,"Agnew, Roy, 2 Piano Solos, FxJoaQcBkvw.mid",442
4644,4644,0.75,"Agnew, Roy, 2 Piano Solos, FxJoaQcBkvw.mid",443
4644,4644,11/12,"Agnew, Roy, 2 Piano Solos, FxJoaQcBkvw.mid",444
4644,549,1/12,"Agnew, Roy, 2 Piano Solos, FxJoaQcBkvw.mid",445
549,9,0.25,"Agnew, Roy, 2 Piano Solos, FxJoaQcBkvw.mid",446
9,137,1/12,"Agnew, Roy, 2 Piano Solos, FxJoaQcBkvw.mid",447
137,137,11/12,"Agnew, Roy, 2 Piano Solos, FxJoaQcBkvw.mid",448
137,141,0.5,"Agnew, Roy, 2 Piano Solos, FxJoaQcBkvw.mid",449
141,653,0.5,"Agnew, Roy, 2 Piano Solos, FxJoaQcBkvw.mid",450
653,653,1/6,"Agnew, Roy, 2 Piano Solos, FxJoaQcBkvw.mid",451
653,16520,1/12,"Agnew, Roy, 2 Piano Solos, FxJoaQcBkvw.mid",452
16520,16520,1/12,"Agnew, Roy, 2 Piano Solos, FxJoaQcBkvw.mid",453
16520,5128,5/3,"Agnew, Roy, 2 Piano Solos, FxJoaQcBkvw.mid",454
5128,5256,1/12,"Agnew, Roy, 2 Piano Solos, FxJoaQcBkvw.mid",455
5256,32896,5/12,"Agnew, Roy, 2 Piano Solos, FxJoaQcBkvw.mid",456
32896,128,0.25,"Agnew, Roy, 2 Piano Solos, FxJoaQcBkvw.mid",457
128,32,0.25,"Agnew, Roy, 2 Piano Solos, FxJoaQcBkvw.mid",458
32,37408,1.0,"Agnew, Roy, 2 Piano Solos, FxJoaQcBkvw.mid",459
37408,4128,0.25,"Agnew, Roy, 2 Piano Solos, FxJoaQcBkvw.mid",460
4128,1,1/12,"Agnew, Roy, 2 Piano Solos, FxJoaQcBkvw.mid",461
1,20608,1/3,"Agnew, Roy, 2 Piano Solos, FxJoaQcBkvw.mid",462
20608,20608,1/3,"Agnew, Roy, 2 Piano Solos, FxJoaQcBkvw.mid",463
20608,152704,1.0,"Agnew, Roy, 2 Piano Solos, FxJoaQcBkvw.mid",464
152704,152704,0.25,"Agnew, Roy, 2 Piano Solos, FxJoaQcBkvw.mid",465
152704,152704,0.25,"Agnew, Roy, 2 Piano Solos, FxJoaQcBkvw.mid",466
152704,185472,1/12,"Agnew, Roy, 2 Piano Solos, FxJoaQcBkvw.mid",467
185472,5160,1/12,"Agnew, Roy, 2 Piano Solos, FxJoaQcBkvw.mid",468
5160,8,1/12,"Agnew, Roy, 2 Piano Solos, FxJoaQcBkvw.mid",469
8,4648,11/12,"Agnew, Roy, 2 Piano Solos, FxJoaQcBkvw.mid",470
4648,4648,1/12,"Agnew, Roy, 2 Piano Solos, FxJoaQcBkvw.mid",471
4648,4648,0.25,"Agnew, Roy, 2 Piano Solos, FxJoaQcBkvw.mid",472
4648,4648,0.25,"Agnew, Roy, 2 Piano Solos, FxJoaQcBkvw.mid",473
4648,164352,1/12,"Agnew, Roy, 2 Piano Solos, FxJoaQcBkvw.mid",474
164352,164352,1/6,"Agnew, Roy, 2 Piano Solos, FxJoaQcBkvw.mid",475
164352,688640,5/6,"Agnew, Roy, 2 Piano Solos, FxJoaQcBkvw.mid",476
688640,692736,2/3,"Agnew, Roy, 2 Piano Solos, FxJoaQcBkvw.mid",477
692736,4260,0.25,"Agnew, Roy, 2 Piano Solos, FxJoaQcBkvw.mid",478
4260,4772,0.75,"Agnew, Roy, 2 Piano Solos, FxJoaQcBkvw.mid",479
4772,4772,0.75,"Agnew, Roy, 2 Piano Solos, FxJoaQcBkvw.mid",480
4772,4772,0.25,"Agnew, Roy, 2 Piano Solos, FxJoaQcBkvw.mid",481
4772,4772,2/3,"Agnew, Roy, 2 Piano Solos, FxJoaQcBkvw.mid",482
4772,4772,1/12,"Agnew, Roy, 2 Piano Solos, FxJoaQcBkvw.mid",483
4772,4772,0.75,"Agnew, Roy, 2 Piano Solos, FxJoaQcBkvw.mid",484
4772,4260,1/12,"Agnew, Roy, 2 Piano Solos, FxJoaQcBkvw.mid",485
4260,4260,1/12,"Agnew, Roy, 2 Piano Solos, FxJoaQcBkvw.mid",486
4260,160,1/12,"Agnew, Roy, 2 Piano Solos, FxJoaQcBkvw.mid",487
160,1197056,1.0,"Agnew, Roy, 2 Piano Solos, FxJoaQcBkvw.mid",488
1197056,1721344,11/12,"Agnew, Roy, 2 Piano Solos, FxJoaQcBkvw.mid",489
1721344,1721344,1/3,"Agnew, Roy, 2 Piano Solos, FxJoaQcBkvw.mid",490
1721344,1721344,0.5,"Agnew, Roy, 2 Piano Solos, FxJoaQcBkvw.mid",491
1721344,1725440,0.5,"Agnew, Roy, 2 Piano Solos, FxJoaQcBkvw.mid",492
1725440,1725440,1/12,"Agnew, Roy, 2 Piano Solos, FxJoaQcBkvw.mid",493
1725440,20608,1/12,"Agnew, Roy, 2 Piano Solos, FxJoaQcBkvw.mid",494
20608,16512,7/12,"Agnew, Roy, 2 Piano Solos, FxJoaQcBkvw.mid",495
16512,17536,7/12,"Agnew, Roy, 2 Piano Solos, FxJoaQcBkvw.mid",496
17536,1024,1/6,"Agnew, Roy, 2 Piano Solos, FxJoaQcBkvw.mid",497
1024,4388,1/6,"Agnew, Roy, 2 Piano Solos, FxJoaQcBkvw.mid",498
4388,151808,1/12,"Agnew, Roy, 2 Piano Solos, FxJoaQcBkvw.mid",499
151808,151808,7/12,"Agnew, Roy, 2 Piano Solos, FxJoaQcBkvw.mid",500
151808,151936,2/3,"Agnew, Roy, 2 Piano Solos, FxJoaQcBkvw.mid",501
151936,151936,0.5,"Agnew, Roy, 2 Piano Solos, FxJoaQcBkvw.mid",502
151936,147840,1/6,"Agnew, Roy, 2 Piano Solos, FxJoaQcBkvw.mid",503
147840,151936,1/12,"Agnew, Roy, 2 Piano Solos, FxJoaQcBkvw.mid",504
151936,20904,0.25,"Agnew, Roy, 2 Piano Solos, FxJoaQcBkvw.mid",505
20904,4264,1/12,"Agnew, Roy, 2 Piano Solos, FxJoaQcBkvw.mid",506
4264,4136,1/12,"Agnew, Roy, 2 Piano Solos, FxJoaQcBkvw.mid",507
4136,40,1/12,"Agnew, Roy, 2 Piano Solos, FxJoaQcBkvw.mid",508
40,17544,0.25,"Agnew, Roy, 2 Piano Solos, FxJoaQcBkvw.mid",509
17544,17544,0.5,"Agnew, Roy, 2 Piano Solos, FxJoaQcBkvw.mid",510
17544,17544,0.25,"Agnew, Roy, 2 Piano Solos, FxJoaQcBkvw.mid",511
17544,1165,1/12,"Agnew, Roy, 2 Piano Solos, FxJoaQcBkvw.mid",512
1165,1677,1/6,"Agnew, Roy, 2 Piano Solos, FxJoaQcBkvw.mid",513
1677,513,0.25,"Agnew, Roy, 2 Piano Solos, FxJoaQcBkvw.mid",514
513,649,11/12,"Agnew, Roy, 2 Piano Solos, FxJoaQcBkvw.mid",515
649,649,1/12,"Agnew, Roy, 2 Piano Solos, FxJoaQcBkvw.mid",516
649,557568,0.25,"Agnew, Roy, 2 Piano Solos, FxJoaQcBkvw.mid",517
557568,557568,1/12,"Agnew, Roy, 2 Piano Solos, FxJoaQcBkvw.mid",518
557568,557568,1/12,"Agnew, Roy, 2 Piano Solos, FxJoaQcBkvw.mid",519
557568,512,1/12,"Agnew, Roy, 2 Piano Solos, FxJoaQcBkvw.mid",520
512,1572,1/12,"Agnew, Roy, 2 Piano Solos, FxJoaQcBkvw.mid",521
1572,1060,11/12,"Agnew, Roy, 2 Piano Solos, FxJoaQcBkvw.mid",522
1060,1060,0.25,"Agnew, Roy, 2 Piano Solos, FxJoaQcBkvw.mid",523
1060,1060,1/12,"Agnew, Roy, 2 Piano Solos, FxJoaQcBkvw.mid",524
1060,132096,1/12,"Agnew, Roy, 2 Piano Solos, FxJoaQcBkvw.mid",525
132096,1568,1/12,"Agnew, Roy, 2 Piano Solos, FxJoaQcBkvw.mid",526
1568,544,0.25,"Agnew, Roy, 2 Piano Solos, FxJoaQcBkvw.mid",527
544,37408,0.75,"Agnew, Roy, 2 Piano Solos, FxJoaQcBkvw.mid",528
37408,53792,5/12,"Agnew, Roy, 2 Piano Solos, FxJoaQcBkvw.mid",529
53792,4140,1/6,"Agnew, Roy, 2 Piano Solos, FxJoaQcBkvw.mid",530
4140,4100,1/6,"Agnew, Roy, 2 Piano Solos, FxJoaQcBkvw.mid",531
4100,4104,0.5,"Agnew, Roy, 2 Piano Solos, FxJoaQcBkvw.mid",532
4104,4104,0.25,"Agnew, Roy, 2 Piano Solos, FxJoaQcBkvw.mid",533
4104,1,0.25,"Agnew, Roy, 2 Piano Solos, FxJoaQcBkvw.mid",534
1,1,0.5,"Agnew, Roy, 2 Piano Solos, FxJoaQcBkvw.mid",535
1,5120,1/6,"Agnew, Roy, 2 Piano Solos, FxJoaQcBkvw.mid",536
5120,1024,1/6,"Agnew, Roy, 2 Piano Solos, FxJoaQcBkvw.mid",537
1024,541696,1.0,"Agnew, Roy, 2 Piano Solos, FxJoaQcBkvw.mid",538
541696,541696,1/6,"Agnew, Roy, 2 Piano Solos, FxJoaQcBkvw.mid",539
541696,1156,1/12,"Agnew, Roy, 2 Piano Solos, FxJoaQcBkvw.mid",540
1156,132,1/6,"Agnew, Roy, 2 Piano Solos, FxJoaQcBkvw.mid",541
132,540928,0.75,"Agnew, Roy, 2 Piano Solos, FxJoaQcBkvw.mid",542
540928,676096,1/12,"Agnew, Roy, 2 Piano Solos, FxJoaQcBkvw.mid",543
676096,676096,5/12,"Agnew, Roy, 2 Piano Solos, FxJoaQcBkvw.mid",544
676096,676096,0.5,"Agnew, Roy, 2 Piano Solos, FxJoaQcBkvw.mid",545
676096,676096,1/12,"Agnew, Roy, 2 Piano Solos, FxJoaQcBkvw.mid",546
676096,676096,2/3,"Agnew, Roy, 2 Piano Solos, FxJoaQcBkvw.mid",547
676096,676096,1/12,"Agnew, Roy, 2 Piano Solos, FxJoaQcBkvw.mid",548
676096,676096,0.25,"Agnew, Roy, 2 Piano Solos, FxJoaQcBkvw.mid",549
676096,676096,5/12,"Agnew, Roy, 2 Piano Solos, FxJoaQcBkvw.mid",550
676096,676096,0.5,"Agnew, Roy, 2 Piano Solos, FxJoaQcBkvw.mid",551
676096,148608,1/12,"Agnew, Roy, 2 Piano Solos, FxJoaQcBkvw.mid",552
148608,148608,1/6,"Agnew, Roy, 2 Piano Solos, FxJoaQcBkvw.mid",553
148608,148608,11/12,"Agnew, Roy, 2 Piano Solos, FxJoaQcBkvw.mid",554
148608,148608,1/12,"Agnew, Roy, 2 Piano Solos, FxJoaQcBkvw.mid",555
148608,148608,0.25,"Agnew, Roy, 2 Piano Solos, FxJoaQcBkvw.mid",556
148608,148608,1/6,"Agnew, Roy, 2 Piano Solos, FxJoaQcBkvw.mid",557
148608,1060,0.25,"Agnew, Roy, 2 Piano Solos, FxJoaQcBkvw.mid",558
1060,4384,1.0,"Agnew, Roy, 2 Piano Solos, FxJoaQcBkvw.mid",559
4384,20896,0.25,"Agnew, Roy, 2 Piano Solos, FxJoaQcBkvw.mid",560
20896,20896,1/3,"Agnew, Roy, 2 Piano Solos, FxJoaQcBkvw.mid",561
20896,20896,2/3,"Agnew, Roy, 2 Piano Solos, FxJoaQcBkvw.mid",562
20896,132,1/12,"Agnew, Roy, 2 Piano Solos, FxJoaQcBkvw.mid",563
132,168,1.0,"Agnew, Roy, 2 Piano Solos, FxJoaQcBkvw.mid",564
168,168,1/3,"Agnew, Roy, 2 Piano Solos, FxJoaQcBkvw.mid",565
168,40,5/12,"Agnew, Roy, 2 Piano Solos, FxJoaQcBkvw.mid",566
40,1,7/12,"Agnew, Roy, 2 Piano Solos, FxJoaQcBkvw.mid",567
1,5120,1/12,"Agnew, Roy, 2 Piano Solos, FxJoaQcBkvw.mid",568
5120,1024,0.25,"Agnew, Roy, 2 Piano Solos, FxJoaQcBkvw.mid",569
1024,1065984,1.0,"Agnew, Roy, 2 Piano Solos, FxJoaQcBkvw.mid",570
1065984,1180672,0.5,"Agnew, Roy, 2 Piano Solos, FxJoaQcBkvw.mid",571
1180672,132096,1/12,"Agnew, Roy, 2 Piano Solos, FxJoaQcBkvw.mid",572
132096,699392,1/12,"Agnew, Roy, 2 Piano Solos, FxJoaQcBkvw.mid",573
699392,698368,1/6,"Agnew, Roy, 2 Piano Solos, FxJoaQcBkvw.mid",574
698368,168,1/12,"Agnew, Roy, 2 Piano Solos, FxJoaQcBkvw.mid",575
168,131200,1/6,"Agnew, Roy, 2 Piano Solos, FxJoaQcBkvw.mid",576
131200,132224,0.25,"Agnew, Roy, 2 Piano Solos, FxJoaQcBkvw.mid",577
132224,132224,0.75,"Agnew, Roy, 2 Piano Solos, FxJoaQcBkvw.mid",578
132224,164992,0.5,"Agnew, Roy, 2 Piano Solos, FxJoaQcBkvw.mid",579
164992,1032,1/6,"Agnew, Roy, 2 Piano Solos, FxJoaQcBkvw.mid",580
1032,8,1/12,"Agnew, Roy, 2 Piano Solos, FxJoaQcBkvw.mid",581
8,148736,5/6,"Agnew, Roy, 2 Piano Solos, FxJoaQcBkvw.mid",582
148736,148736,1/6,"Agnew, Roy, 2 Piano Solos, FxJoaQcBkvw.mid",583
148736,148736,0.25,"Agnew, Roy, 2 Piano Solos, FxJoaQcBkvw.mid",584
148736,148736,1/3,"Agnew, Roy, 2 Piano Solos, FxJoaQcBkvw.mid",585
148736,16640,1/12,"Agnew, Roy, 2 Piano Solos, FxJoaQcBkvw.mid",586
16640,1201152,2/3,"Agnew, Roy, 2 Piano Solos, FxJoaQcBkvw.mid",587
1201152,1201152,1/3,"Agnew, Roy, 2 Piano Solos, FxJoaQcBkvw.mid",588
1201152,1201152,2/3,"Agnew, Roy, 2 Piano Solos, FxJoaQcBkvw.mid",589
1201152,152960,1/12,"Agnew, Roy, 2 Piano Solos, FxJoaQcBkvw.mid",590
152960,151680,0.25,"Agnew, Roy, 2 Piano Solos, FxJoaQcBkvw.mid",591
151680,136320,1/6,"Agnew, Roy, 2 Piano Solos, FxJoaQcBkvw.mid",592
136320,152704,5/6,"Agnew, Roy, 2 Piano Solos, FxJoaQcBkvw.mid",593
152704,152704,7/6,"Agnew, Roy, 2 Piano Solos, FxJoaQcBkvw.mid",594
152704,152704,1/6,"Agnew, Roy, 2 Piano Solos, FxJoaQcBkvw.mid",595
152704,152704,1/12,"Agnew, Roy, 2 Piano Solos, FxJoaQcBkvw.mid",596
152704,152704,1/12,"Agnew, Roy, 2 Piano Solos, FxJoaQcBkvw.mid",597
152704,152704,1/6,"Agnew, Roy, 2 Piano Solos, FxJoaQcBkvw.mid",598
152704,148608,7/12,"Agnew, Roy, 2 Piano Solos, FxJoaQcBkvw.mid",599
148608,17536,13/12,"Agnew, Roy, 2 Piano Solos, FxJoaQcBkvw.mid",600
17536,17536,1/12,"Agnew, Roy, 2 Piano Solos, FxJoaQcBkvw.mid",601
17536,17536,1/12,"Agnew, Roy, 2 Piano Solos, FxJoaQcBkvw.mid",602
17536,16512,1/12,"Agnew, Roy, 2 Piano Solos, FxJoaQcBkvw.mid",603
16512,128,1.0,"Agnew, Roy, 2 Piano Solos, FxJoaQcBkvw.mid",604
128,4256,1/3,"Agnew, Roy, 2 Piano Solos, FxJoaQcBkvw.mid",605
4256,37024,2/3,"Agnew, Roy, 2 Piano Solos, FxJoaQcBkvw.mid",606
37024,37024,0.5,"Agnew, Roy, 2 Piano Solos, FxJoaQcBkvw.mid",607
37024,53408,1/12,"Agnew, Roy, 2 Piano Solos, FxJoaQcBkvw.mid",608
53408,53408,2/3,"Agnew, Roy, 2 Piano Solos, FxJoaQcBkvw.mid",609
53408,53280,1/12,"Agnew, Roy, 2 Piano Solos, FxJoaQcBkvw.mid",610
53280,53408,2/3,"Agnew, Roy, 2 Piano Solos, FxJoaQcBkvw.mid",611
53408,53408,1/6,"Agnew, Roy, 2 Piano Solos, FxJoaQcBkvw.mid",612
53408,53408,1/12,"Agnew, Roy, 2 Piano Solos, FxJoaQcBkvw.mid",613
53408,53408,0.25,"Agnew, Roy, 2 Piano Solos, FxJoaQcBkvw.mid",614
53408,53408,1/6,"Agnew, Roy, 2 Piano Solos, FxJoaQcBkvw.mid",615
53408,53408,1/12,"Agnew, Roy, 2 Piano Solos, FxJoaQcBkvw.mid",616
53408,16520,1/12,"Agnew, Roy, 2 Piano Solos, FxJoaQcBkvw.mid",617
16520,1028,0.75,"Agnew, Roy, 2 Piano Solos, FxJoaQcBkvw.mid",618
1028,5152,0.25,"Agnew, Roy, 2 Piano Solos, FxJoaQcBkvw.mid",619
5152,5152,0.25,"Agnew, Roy, 2 Piano Solos, FxJoaQcBkvw.mid",620
5152,5152,0.25,"Agnew, Roy, 2 Piano Solos, FxJoaQcBkvw.mid",621
5152,21536,0.5,"Agnew, Roy, 2 Piano Solos, FxJoaQcBkvw.mid",622
21536,21536,1/3,"Agnew, Roy, 2 Piano Solos, FxJoaQcBkvw.mid",623
21536,54304,1/12,"Agnew, Roy, 2 Piano Solos, FxJoaQcBkvw.mid",624
54304,1068,1/12,"Agnew, Roy, 2 Piano Solos, FxJoaQcBkvw.mid",625
1068,8,1/6,"Agnew, Roy, 2 Piano Solos, FxJoaQcBkvw.mid",626
8,4744,1.0,"Agnew, Roy, 2 Piano Solos, FxJoaQcBkvw.mid",627
4744,4748,2/3,"Agnew, Roy, 2 Piano Solos, FxJoaQcBkvw.mid",628
4748,4740,1/6,"Agnew, Roy, 2 Piano Solos, FxJoaQcBkvw.mid",629
4740,4748,0.5,"Agnew, Roy, 2 Piano Solos, FxJoaQcBkvw.mid",630
4748,4748,1/6,"Agnew, Roy, 2 Piano Solos, FxJoaQcBkvw.mid",631
4748,4620,1/12,"Agnew, Roy, 2 Piano Solos, FxJoaQcBkvw.mid",632
4620,4748,2/3,"Agnew, Roy, 2 Piano Solos, FxJoaQcBkvw.mid",633
4748,140,1/12,"Agnew, Roy, 2 Piano Solos, FxJoaQcBkvw.mid",634
140,2245632,0.75,"Agnew, Roy, 2 Piano Solos, FxJoaQcBkvw.mid",635
2245632,148480,0.25,"Agnew, Roy, 2 Piano Solos, FxJoaQcBkvw.mid",636
148480,148608,0.5,"Agnew, Roy, 2 Piano Solos, FxJoaQcBkvw.mid",637
148608,214144,7/12,"Agnew, Roy, 2 Piano Solos, FxJoaQcBkvw.mid",638
214144,196736,1/6,"Agnew, Roy, 2 Piano Solos, FxJoaQcBkvw.mid",639
196736,214144,0.75,"Agnew, Roy, 2 Piano Solos, FxJoaQcBkvw.mid",640
214144,214144,1/3,"Agnew, Roy, 2 Piano Solos, FxJoaQcBkvw.mid",641
214144,214016,1/6,"Agnew, Roy, 2 Piano Solos, FxJoaQcBkvw.mid",642
214016,214144,0.5,"Agnew, Roy, 2 Piano Solos, FxJoaQcBkvw.mid",643
214144,214144,0.25,"Agnew, Roy, 2 Piano Solos, FxJoaQcBkvw.mid",644
214144,214656,1/6,"Agnew, Roy, 2 Piano Solos, FxJoaQcBkvw.mid",645
214656,83584,1/12,"Agnew, Roy, 2 Piano Solos, FxJoaQcBkvw.mid",646
83584,67072,1/12,"Agnew, Roy, 2 Piano Solos, FxJoaQcBkvw.mid",647
67072,512,1/12,"Agnew, Roy, 2 Piano Solos, FxJoaQcBkvw.mid",648
512,135680,1.0,"Agnew, Roy, 2 Piano Solos, FxJoaQcBkvw.mid",649
135680,135680,7/12,"Agnew, Roy, 2 Piano Solos, FxJoaQcBkvw.mid",650
135680,135680,1/12,"Agnew, Roy, 2 Piano Solos, FxJoaQcBkvw.mid",651
135680,4608,1/6,"Agnew, Roy, 2 Piano Solos, FxJoaQcBkvw.mid",652
4608,149,1/6,"Agnew, Roy, 2 Piano Solos, FxJoaQcBkvw.mid",653
149,1173,1/3,"Agnew, Roy, 2 Piano Solos, FxJoaQcBkvw.mid",654
1173,1173,0.5,"Agnew, Roy, 2 Piano Solos, FxJoaQcBkvw.mid",655
1173,1685,7/6,"Agnew, Roy, 2 Piano Solos, FxJoaQcBkvw.mid",656
1685,661,1/12,"Agnew, Roy, 2 Piano Solos, FxJoaQcBkvw.mid",657
661,1685,1.0,"Agnew, Roy, 2 Piano Solos, FxJoaQcBkvw.mid",658
1685,1,1/6,"Agnew, Roy, 2 Piano Solos, FxJoaQcBkvw.mid",659
1,128,0.5,"Agnew, Roy, 2 Piano Solos, FxJoaQcBkvw.mid",660
128,160,0.25,"Agnew, Roy, 2 Piano Solos, FxJoaQcBkvw.mid",661
160,32,0.25,"Agnew, Roy, 2 Piano Solos, FxJoaQcBkvw.mid",662
32,37408,1.0,"Agnew, Roy, 2 Piano Solos, FxJoaQcBkvw.mid",663
37408,37408,0.25,"Agnew, Roy, 2 Piano Solos, FxJoaQcBkvw.mid",664
37408,37408,0.5,"Agnew, Roy, 2 Piano Solos, FxJoaQcBkvw.mid",665
37408,2282496,1/12,"Agnew, Roy, 2 Piano Solos, FxJoaQcBkvw.mid",666
2282496,2282496,1/6,"Agnew, Roy, 2 Piano Solos, FxJoaQcBkvw.mid",667
2282496,152576,0.5,"Agnew, Roy, 2 Piano Solos, FxJoaQcBkvw.mid",668
152576,152576,1.0,"Agnew, Roy, 2 Piano Solos, FxJoaQcBkvw.mid",669
152576,152576,0.25,"Agnew, Roy, 2 Piano Solos, FxJoaQcBkvw.mid",670
152576,152576,0.25,"Agnew, Roy, 2 Piano Solos, FxJoaQcBkvw.mid",671
152576,152576,0.25,"Agnew, Roy, 2 Piano Solos, FxJoaQcBkvw.mid",672
152576,136192,1/12,"Agnew, Roy, 2 Piano Solos, FxJoaQcBkvw.mid",673
136192,1572,1/6,"Agnew, Roy, 2 Piano Solos, FxJoaQcBkvw.mid",674
1572,516,1/6,"Agnew, Roy, 2 Piano Solos, FxJoaQcBkvw.mid",675
516,548,13/12,"Agnew, Roy, 2 Piano Solos, FxJoaQcBkvw.mid",676
548,548,1/6,"Agnew, Roy, 2 Piano Solos, FxJoaQcBkvw.mid",677
548,548,11/12,"Agnew, Roy, 2 Piano Solos, FxJoaQcBkvw.mid",678
548,32,1/6,"Agnew, Roy, 2 Piano Solos, FxJoaQcBkvw.mid",679
32,145,0.75,"Agnew, Roy, 2 Piano Solos, FxJoaQcBkvw.mid",680
145,145,2/3,"Agnew, Roy, 2 Piano Solos, FxJoaQcBkvw.mid",681
145,1169,19/12,"Agnew, Roy, 2 Piano Solos, FxJoaQcBkvw.mid",682
1169,1057,1/12,"Agnew, Roy, 2 Piano Solos, FxJoaQcBkvw.mid",683
1057,33,5/3,"Agnew, Roy, 2 Piano Solos, FxJoaQcBkvw.mid",684
33,33,1.5,"Agnew, Roy, 2 Piano Solos, FxJoaQcBkvw.mid",685
33,49,1/12,"Agnew, Roy, 2 Piano Solos, FxJoaQcBkvw.mid",686
49,49,29/12,"Agnew, Roy, 2 Piano Solos, FxJoaQcBkvw.mid",687
49,49,4.0,"Agnew, Roy, 2 Piano Solos, FxJoaQcBkvw.mid",688
49,49,2.25,"Agnew, Roy, 2 Piano Solos, FxJoaQcBkvw.mid",689
49,17,7/12,"Agnew, Roy, 2 Piano Solos, FxJoaQcBkvw.mid",690
0,65600,0.25,"Agnew, Roy, 2 Pieces, FxJoaQcBkvw.mid",0
65600,16,5/12,"Agnew, Roy, 2 Pieces, FxJoaQcBkvw.mid",1
16,16,1/12,"Agnew, Roy, 2 Pieces, FxJoaQcBkvw.mid",2
16,32,2/3,"Agnew, Roy, 2 Pieces, FxJoaQcBkvw.mid",3
32,131584,2/3,"Agnew, Roy, 2 Pieces, FxJoaQcBkvw.mid",4
131584,135680,0.25,"Agnew, Roy, 2 Pieces, FxJoaQcBkvw.mid",5
135680,135680,1/6,"Agnew, Roy, 2 Pieces, FxJoaQcBkvw.mid",6
135680,4608,1/6,"Agnew, Roy, 2 Pieces, FxJoaQcBkvw.mid",7
4608,71680,1/12,"Agnew, Roy, 2 Pieces, FxJoaQcBkvw.mid",8
71680,67584,1/6,"Agnew, Roy, 2 Pieces, FxJoaQcBkvw.mid",9
67584,16,0.25,"Agnew, Roy, 2 Pieces, FxJoaQcBkvw.mid",10
16,65664,7/12,"Agnew, Roy, 2 Pieces, FxJoaQcBkvw.mid",11
65664,69760,5/12,"Agnew, Roy, 2 Pieces, FxJoaQcBkvw.mid",12
69760,69760,0.25,"Agnew, Roy, 2 Pieces, FxJoaQcBkvw.mid",13
69760,69760,0.5,"Agnew, Roy, 2 Pieces, FxJoaQcBkvw.mid",14
69760,86144,0.5,"Agnew, Roy, 2 Pieces, FxJoaQcBkvw.mid",15
86144,86144,2/3,"Agnew, Roy, 2 Pieces, FxJoaQcBkvw.mid",16
86144,530432,1/12,"Agnew, Roy, 2 Pieces, FxJoaQcBkvw.mid",17
530432,530432,1/6,"Agnew, Roy, 2 Pieces, FxJoaQcBkvw.mid",18
530432,4224,1/3,"Agnew, Roy, 2 Pieces, FxJoaQcBkvw.mid",19
4224,4256,0.75,"Agnew, Roy, 2 Pieces, FxJoaQcBkvw.mid",20
4256,4768,5/12,"Agnew, Roy, 2 Pieces, FxJoaQcBkvw.mid",21
4768,4640,1/12,"Agnew, Roy, 2 Pieces, FxJoaQcBkvw.mid",22
4640,4608,1/6,"Agnew, Roy, 2 Pieces, FxJoaQcBkvw.mid",23
4608,4112,1/3,"Agnew, Roy, 2 Pieces, FxJoaQcBkvw.mid",24
4112,4112,5/3,"Agnew, Roy, 2 Pieces, FxJoaQcBkvw.mid",25
4112,4100,1.25,"Agnew, Roy, 2 Pieces, FxJoaQcBkvw.mid",26
4100,4,1/3,"Agnew, Roy, 2 Pieces, FxJoaQcBkvw.mid",27
4,2052,1/12,"Agnew, Roy, 2 Pieces, FxJoaQcBkvw.mid",28
2052,2048,2/3,"Agnew, Roy, 2 Pieces, FxJoaQcBkvw.mid",29
2048,1,1.0,"Agnew, Roy, 2 Pieces, FxJoaQcBkvw.mid",30
1,17,0.25,"Agnew, Roy, 2 Pieces, FxJoaQcBkvw.mid",31
17,71680,5/12,"Agnew, Roy, 2 Pieces, FxJoaQcBkvw.mid",32
71680,595968,1/3,"Agnew, Roy, 2 Pieces, FxJoaQcBkvw.mid",33
595968,144,1/6,"Agnew, Roy, 2 Pieces, FxJoaQcBkvw.mid",34
144,16,1/12,"Agnew, Roy, 2 Pieces, FxJoaQcBkvw.mid",35
16,2048,0.5,"Agnew, Roy, 2 Pieces, FxJoaQcBkvw.mid",36
2048,2052,0.75,"Agnew, Roy, 2 Pieces, FxJoaQcBkvw.mid",37
2052,2564,0.5,"Agnew, Roy, 2 Pieces, FxJoaQcBkvw.mid",38
2564,2692,0.75,"Agnew, Roy, 2 Pieces, FxJoaQcBkvw.mid",39
2692,2692,0.25,"Agnew, Roy, 2 Pieces, FxJoaQcBkvw.mid",40
2692,2756,0.5,"Agnew, Roy, 2 Pieces, FxJoaQcBkvw.mid",41
2756,2756,0.5,"Agnew, Roy, 2 Pieces, FxJoaQcBkvw.mid",42
2756,128,2/3,"Agnew, Roy, 2 Pieces, FxJoaQcBkvw.mid",43
128,128,7/12,"Agnew, Roy, 2 Pieces, FxJoaQcBkvw.mid",44
128,16512,0.5,"Agnew, Roy, 2 Pieces, FxJoaQcBkvw.mid",45
16512,18560,0.25,"Agnew, Roy, 2 Pieces, FxJoaQcBkvw.mid",46
18560,18560,1/3,"Agnew, Roy, 2 Pieces, FxJoaQcBkvw.mid",47
18560,18560,5/12,"Agnew, Roy, 2 Pieces, FxJoaQcBkvw.mid",48
18560,16512,0.25,"Agnew, Roy, 2 Pieces, FxJoaQcBkvw.mid",49
16512,16512,1/3,"Agnew, Roy, 2 Pieces, FxJoaQcBkvw.mid",50
16512,16512,1/12,"Agnew, Roy, 2 Pieces, FxJoaQcBkvw.mid",51
16512,132,1/12,"Agnew, Roy, 2 Pieces, FxJoaQcBkvw.mid",52
132,16512,1/6,"Agnew, Roy, 2 Pieces, FxJoaQcBkvw.mid",53
16512,67616,0.25,"Agnew, Roy, 2 Pieces, FxJoaQcBkvw.mid",54
67616,65568,1/3,"Agnew, Roy, 2 Pieces, FxJoaQcBkvw.mid",55
65568,81952,0.5,"Agnew, Roy, 2 Pieces, FxJoaQcBkvw.mid",56
81952,81952,1/6,"Agnew, Roy, 2 Pieces, FxJoaQcBkvw.mid",57
81952,81952,1/6,"Agnew, Roy, 2 Pieces, FxJoaQcBkvw.mid",58
81952,32,1/12,"Agnew, Roy, 2 Pieces, FxJoaQcBkvw.mid",59
32,4240,2/3,"Agnew, Roy, 2 Pieces, FxJoaQcBkvw.mid",60
4240,4240,1/3,"Agnew, Roy, 2 Pieces, FxJoaQcBkvw.mid",61
4240,144,1/6,"Agnew, Roy, 2 Pieces, FxJoaQcBkvw.mid",62
144,4240,1/3,"Agnew, Roy, 2 Pieces, FxJoaQcBkvw.mid",63
4240,1,1/6,"Agnew, Roy, 2 Pieces, FxJoaQcBkvw.mid",64
1,4128,0.25,"Agnew, Roy, 2 Pieces, FxJoaQcBkvw.mid",65
4128,4132,0.5,"Agnew, Roy, 2 Pieces, FxJoaQcBkvw.mid",66
4132,4644,1/6,"Agnew, Roy, 2 Pieces, FxJoaQcBkvw.mid",67
4644,4644,1/12,"Agnew, Roy, 2 Pieces, FxJoaQcBkvw.mid",68
4644,4644,1/3,"Agnew, Roy, 2 Pieces, FxJoaQcBkvw.mid",69
4644,549,1/12,"Agnew, Roy, 2 Pieces, FxJoaQcBkvw.mid",70
549,549,0.25,"Agnew, Roy, 2 Pieces, FxJoaQcBkvw.mid",71
549,517,1/12,"Agnew, Roy, 2 Pieces, FxJoaQcBkvw.mid",72
517,513,1/12,"Agnew, Roy, 2 Pieces, FxJoaQcBkvw.mid",73
513,542720,0.5,"Agnew, Roy, 2 Pieces, FxJoaQcBkvw.mid",74
542720,542720,0.5,"Agnew, Roy, 2 Pieces, FxJoaQcBkvw.mid",75
542720,542720,0.25,"Agnew, Roy, 2 Pieces, FxJoaQcBkvw.mid",76
542720,18576,0.5,"Agnew, Roy, 2 Pieces, FxJoaQcBkvw.mid",77
18576,591872,1/6,"Agnew, Roy, 2 Pieces, FxJoaQcBkvw.mid",78
591872,2048,1/12,"Agnew, Roy, 2 Pieces, FxJoaQcBkvw.mid",79
2048,18464,2/3,"Agnew, Roy, 2 Pieces, FxJoaQcBkvw.mid",80
18464,18464,0.5,"Agnew, Roy, 2 Pieces, FxJoaQcBkvw.mid",81
18464,18464,1/12,"Agnew, Roy, 2 Pieces, FxJoaQcBkvw.mid",82
18464,18592,5/12,"Agnew, Roy, 2 Pieces, FxJoaQcBkvw.mid",83
18592,132,1/12,"Agnew, Roy, 2 Pieces, FxJoaQcBkvw.mid",84
132,144,7/12,"Agnew, Roy, 2 Pieces, FxJoaQcBkvw.mid",85
144,4240,2/3,"Agnew, Roy, 2 Pieces, FxJoaQcBkvw.mid",86
4240,4240,0.5,"Agnew, Roy, 2 Pieces, FxJoaQcBkvw.mid",87
4240,129,1/12,"Agnew, Roy, 2 Pieces, FxJoaQcBkvw.mid",88
129,128,1/6,"Agnew, Roy, 2 Pieces, FxJoaQcBkvw.mid",89
128,4644,0.75,"Agnew, Roy, 2 Pieces, FxJoaQcBkvw.mid",90
4644,4644,0.25,"Agnew, Roy, 2 Pieces, FxJoaQcBkvw.mid",91
4644,152192,7/12,"Agnew, Roy, 2 Pieces, FxJoaQcBkvw.mid",92
152192,154240,2/3,"Agnew, Roy, 2 Pieces, FxJoaQcBkvw.mid",93
154240,23040,1/12,"Agnew, Roy, 2 Pieces, FxJoaQcBkvw.mid",94
23040,2560,1/6,"Agnew, Roy, 2 Pieces, FxJoaQcBkvw.mid",95
2560,512,1/12,"Agnew, Roy, 2 Pieces, FxJoaQcBkvw.mid",96
512,659968,2/3,"Agnew, Roy, 2 Pieces, FxJoaQcBkvw.mid",97
659968,659968,0.25,"Agnew, Roy, 2 Pieces, FxJoaQcBkvw.mid",98
659968,725504,0.5,"Agnew, Roy, 2 Pieces, FxJoaQcBkvw.mid",99
725504,4272,1/12,"Agnew, Roy, 2 Pieces, FxJoaQcBkvw.mid",100
4272,4112,1/6,"Agnew, Roy, 2 Pieces, FxJoaQcBkvw.mid",101
4112,67712,1.0,"Agnew, Roy, 2 Pieces, FxJoaQcBkvw.mid",102
67712,4640,1.0,"Agnew, Roy, 2 Pieces, FxJoaQcBkvw.mid",103
4640,4640,0.5,"Agnew, Roy, 2 Pieces, FxJoaQcBkvw.mid",104
4640,4640,1/3,"Agnew, Roy, 2 Pieces, FxJoaQcBkvw.mid",105
4640,6688,2/3,"Agnew, Roy, 2 Pieces, FxJoaQcBkvw.mid",106
6688,6688,1/12,"Agnew, Roy, 2 Pieces, FxJoaQcBkvw.mid",107
6688,6688,0.25,"Agnew, Roy, 2 Pieces, FxJoaQcBkvw.mid",108
6688,6688,7/6,"Agnew, Roy, 2 Pieces, FxJoaQcBkvw.mid",109
6688,72224,1.5,"Agnew, Roy, 2 Pieces, FxJoaQcBkvw.mid",110
72224,4640,5/6,"Agnew, Roy, 2 Pieces, FxJoaQcBkvw.mid",111
4640,71680,0.75,"Agnew, Roy, 2 Pieces, FxJoaQcBkvw.mid",112
71680,6144,1/12,"Agnew, Roy, 2 Pieces, FxJoaQcBkvw.mid",113
6144,2048,1/6,"Agnew, Roy, 2 Pieces, FxJoaQcBkvw.mid",114
2048,512,0.75,"Agnew, Roy, 2 Pieces, FxJoaQcBkvw.mid",115
512,4608,0.25,"Agnew, Roy, 2 Pieces, FxJoaQcBkvw.mid",116
4608,4608,5/12,"Agnew, Roy, 2 Pieces, FxJoaQcBkvw.mid",117
4608,4624,7/12,"Agnew, Roy, 2 Pieces, FxJoaQcBkvw.mid",118
4624,4752,5/12,"Agnew, Roy, 2 Pieces, FxJoaQcBkvw.mid",119
4752,640,1/12,"Agnew, Roy, 2 Pieces, FxJoaQcBkvw.mid",120
640,2048,0.25,"Agnew, Roy, 2 Pieces, FxJoaQcBkvw.mid",121
2048,2048,1/3,"Agnew, Roy, 2 Pieces, FxJoaQcBkvw.mid",122
2048,2052,5/12,"Agnew, Roy, 2 Pieces, FxJoaQcBkvw.mid",123
2052,2564,0.75,"Agnew, Roy, 2 Pieces, FxJoaQcBkvw.mid",124
2564,2692,0.5,"Agnew, Roy, 2 Pieces, FxJoaQcBkvw.mid",125
2692,2692,1/3,"Agnew, Roy, 2 Pieces, FxJoaQcBkvw.mid",126
2692,2756,5/12,"Agnew, Roy, 2 Pieces, FxJoaQcBkvw.mid",127
2756,2756,1/3,"Agnew, Roy, 2 Pieces, FxJoaQcBkvw.mid",128
2756,2688,1/12,"Agnew, Roy, 2 Pieces, FxJoaQcBkvw.mid",129
2688,2560,1/12,"Agnew, Roy, 2 Pieces, FxJoaQcBkvw.mid",130
2560,2048,1/12,"Agnew, Roy, 2 Pieces, FxJoaQcBkvw.mid",131
2048,526336,1/6,"Agnew, Roy, 2 Pieces, FxJoaQcBkvw.mid",132
526336,128,0.5,"Agnew, Roy, 2 Pieces, FxJoaQcBkvw.mid",133
128,128,1/3,"Agnew, Roy, 2 Pieces, FxJoaQcBkvw.mid",134
128,16512,2/3,"Agnew, Roy, 2 Pieces, FxJoaQcBkvw.mid",135
16512,18560,2/3,"Agnew, Roy, 2 Pieces, FxJoaQcBkvw.mid",136
18560,84096,7/12,"Agnew, Roy, 2 Pieces, FxJoaQcBkvw.mid",137
84096,84096,1/12,"Agnew, Roy, 2 Pieces, FxJoaQcBkvw.mid",138
84096,2048,1/6,"Agnew, Roy, 2 Pieces, FxJoaQcBkvw.mid",139
2048,65664,2/3,"Agnew, Roy, 2 Pieces, FxJoaQcBkvw.mid",140
65664,36,2/3,"Agnew, Roy, 2 Pieces, FxJoaQcBkvw.mid",141
36,36,0.25,"Agnew, Roy, 2 Pieces, FxJoaQcBkvw.mid",142
36,548,0.25,"Agnew, Roy, 2 Pieces, FxJoaQcBkvw.mid",143
548,548,0.25,"Agnew, Roy, 2 Pieces, FxJoaQcBkvw.mid",144
548,4644,0.25,"Agnew, Roy, 2 Pieces, FxJoaQcBkvw.mid",145
4644,4644,1/12,"Agnew, Roy, 2 Pieces, FxJoaQcBkvw.mid",146
4644,4608,1/6,"Agnew, Roy, 2 Pieces, FxJoaQcBkvw.mid",147
4608,16,0.5,"Agnew, Roy, 2 Pieces, FxJoaQcBkvw.mid",148
16,65664,2/3,"Agnew, Roy, 2 Pieces, FxJoaQcBkvw.mid",149
65664,196736,7/12,"Agnew, Roy, 2 Pieces, FxJoaQcBkvw.mid",150
196736,198784,0.5,"Agnew, Roy, 2 Pieces, FxJoaQcBkvw.mid",151
198784,215168,0.25,"Agnew, Roy, 2 Pieces, FxJoaQcBkvw.mid",152
215168,215168,0.5,"Agnew, Roy, 2 Pieces, FxJoaQcBkvw.mid",153
215168,215168,0.5,"Agnew, Roy, 2 Pieces, FxJoaQcBkvw.mid",154
215168,215168,1/12,"Agnew, Roy, 2 Pieces, FxJoaQcBkvw.mid",155
215168,198784,1/12,"Agnew, Roy, 2 Pieces, FxJoaQcBkvw.mid",156
198784,67712,1/12,"Agnew, Roy, 2 Pieces, FxJoaQcBkvw.mid",157
67712,1,5/12,"Agnew, Roy, 2 Pieces, FxJoaQcBkvw.mid",158
1,1,7/12,"Agnew, Roy, 2 Pieces, FxJoaQcBkvw.mid",159
1,129,0.5,"Agnew, Roy, 2 Pieces, FxJoaQcBkvw.mid",160
129,145,0.75,"Agnew, Roy, 2 Pieces, FxJoaQcBkvw.mid",161
145,145,0.5,"Agnew, Roy, 2 Pieces, FxJoaQcBkvw.mid",162
145,145,0.5,"Agnew, Roy, 2 Pieces, FxJoaQcBkvw.mid",163
145,129,1/6,"Agnew, Roy, 2 Pieces, FxJoaQcBkvw.mid",164
129,4224,1/12,"Agnew, Roy, 2 Pieces, FxJoaQcBkvw.mid",165
4224,529,0.5,"Agnew, Roy, 2 Pieces, FxJoaQcBkvw.mid",166
529,657,1/6,"Agnew, Roy, 2 Pieces, FxJoaQcBkvw.mid",167
657,657,1/3,"Agnew, Roy, 2 Pieces, FxJoaQcBkvw.mid",168
657,657,1/3,"Agnew, Roy, 2 Pieces, FxJoaQcBkvw.mid",169
657,145,1/6,"Agnew, Roy, 2 Pieces, FxJoaQcBkvw.mid",170
145,542720,0.5,"Agnew, Roy, 2 Pieces, FxJoaQcBkvw.mid",171
542720,18432,1/12,"Agnew, Roy, 2 Pieces, FxJoaQcBkvw.mid",172
18432,542720,0.5,"Agnew, Roy, 2 Pieces, FxJoaQcBkvw.mid",173
542720,542720,0.25,"Agnew, Roy, 2 Pieces, FxJoaQcBkvw.mid",174
542720,542720,1/6,"Agnew, Roy, 2 Pieces, FxJoaQcBkvw.mid",175
542720,132,1/12,"Agnew, Roy, 2 Pieces, FxJoaQcBkvw.mid",176
132,128,1/12,"Agnew, Roy, 2 Pieces, FxJoaQcBkvw.mid",177
128,528896,1/12,"Agnew, Roy, 2 Pieces, FxJoaQcBkvw.mid",178
528896,528896,7/12,"Agnew, Roy, 2 Pieces, FxJoaQcBkvw.mid",179
528896,594432,0.5,"Agnew, Roy, 2 Pieces, FxJoaQcBkvw.mid",180
594432,70272,0.5,"Agnew, Roy, 2 Pieces, FxJoaQcBkvw.mid",181
70272,16960,0.5,"Agnew, Roy, 2 Pieces, FxJoaQcBkvw.mid",182
16960,16960,0.25,"Agnew, Roy, 2 Pieces, FxJoaQcBkvw.mid",183
16960,516,1/3,"Agnew, Roy, 2 Pieces, FxJoaQcBkvw.mid",184
516,2564,5/12,"Agnew, Roy, 2 Pieces, FxJoaQcBkvw.mid",185
2564,2564,1/12,"Agnew, Roy, 2 Pieces, FxJoaQcBkvw.mid",186
2564,16896,1/6,"Agnew, Roy, 2 Pieces, FxJoaQcBkvw.mid",187
16896,577,2/3,"Agnew, Roy, 2 Pieces, FxJoaQcBkvw.mid",188
577,577,7/12,"Agnew, Roy, 2 Pieces, FxJoaQcBkvw.mid",189
577,581,0.25,"Agnew, Roy, 2 Pieces, FxJoaQcBkvw.mid",190
581,16896,1/6,"Agnew, Roy, 2 Pieces, FxJoaQcBkvw.mid",191
16896,4,1/12,"Agnew, Roy, 2 Pieces, FxJoaQcBkvw.mid",192
4,18432,0.75,"Agnew, Roy, 2 Pieces, FxJoaQcBkvw.mid",193
18432,542720,0.25,"Agnew, Roy, 2 Pieces, FxJoaQcBkvw.mid",194
542720,18560,0.25,"Agnew, Roy, 2 Pieces, FxJoaQcBkvw.mid",195
18560,18560,5/12,"Agnew, Roy, 2 Pieces, FxJoaQcBkvw.mid",196
18560,16512,1/12,"Agnew, Roy, 2 Pieces, FxJoaQcBkvw.mid",197
16512,70208,0.25,"Agnew, Roy, 2 Pieces, FxJoaQcBkvw.mid",198
70208,70144,1/3,"Agnew, Roy, 2 Pieces, FxJoaQcBkvw.mid",199
70144,4628,1/12,"Agnew, Roy, 2 Pieces, FxJoaQcBkvw.mid",200
4628,4628,1/12,"Agnew, Roy, 2 Pieces, FxJoaQcBkvw.mid",201
4628,6676,0.25,"Agnew, Roy, 2 Pieces, FxJoaQcBkvw.mid",202
6676,4628,0.25,"Agnew, Roy, 2 Pieces, FxJoaQcBkvw.mid",203
4628,4692,1/3,"Agnew, Roy, 2 Pieces, FxJoaQcBkvw.mid",204
4692,328192,1/6,"Agnew, Roy, 2 Pieces, FxJoaQcBkvw.mid",205
328192,592,1/6,"Agnew, Roy, 2 Pieces, FxJoaQcBkvw.mid",206
592,16,1/12,"Agnew, Roy, 2 Pieces, FxJoaQcBkvw.mid",207
16,20624,11/12,"Agnew, Roy, 2 Pieces, FxJoaQcBkvw.mid",208
20624,22672,5/12,"Agnew, Roy, 2 Pieces, FxJoaQcBkvw.mid",209
22672,2192,1/12,"Agnew, Roy, 2 Pieces, FxJoaQcBkvw.mid",210
2192,526336,0.25,"Agnew, Roy, 2 Pieces, FxJoaQcBkvw.mid",211
526336,280704,0.5,"Agnew, Roy, 2 Pieces, FxJoaQcBkvw.mid",212
280704,280704,7/12,"Agnew, Roy, 2 Pieces, FxJoaQcBkvw.mid",213
280704,2116,1/12,"Agnew, Roy, 2 Pieces, FxJoaQcBkvw.mid",214
2116,280576,1/12,"Agnew, Roy, 2 Pieces, FxJoaQcBkvw.mid",215
280576,595968,1/6,"Agnew, Roy, 2 Pieces, FxJoaQcBkvw.mid",216
595968,595968,13/12,"Agnew, Roy, 2 Pieces, FxJoaQcBkvw.mid",217
595968,145,0.75,"Agnew, Roy, 2 Pieces, FxJoaQcBkvw.mid",218
145,209,0.5,"Agnew, Roy, 2 Pieces, FxJoaQcBkvw.mid",219
209,145,1/6,"Agnew, Roy, 2 Pieces, FxJoaQcBkvw.mid",220
145,16,1/12,"Agnew, Roy, 2 Pieces, FxJoaQcBkvw.mid",221
16,65664,0.5,"Agnew, Roy, 2 Pieces, FxJoaQcBkvw.mid",222
65664,65664,0.75,"Agnew, Roy, 2 Pieces, FxJoaQcBkvw.mid",223
65664,67712,3.25,"Agnew, Roy, 2 Pieces, FxJoaQcBkvw.mid",224
67712,16,1.0,"Agnew, Roy, 2 Pieces, FxJoaQcBkvw.mid",225
16,591872,0.25,"Agnew, Roy, 2 Pieces, FxJoaQcBkvw.mid",226
591872,144,0.5,"Agnew, Roy, 2 Pieces, FxJoaQcBkvw.mid",227
144,591872,0.5,"Agnew, Roy, 2 Pieces, FxJoaQcBkvw.mid",228
591872,608256,0.5,"Agnew, Roy, 2 Pieces, FxJoaQcBkvw.mid",229
608256,264192,0.25,"Agnew, Roy, 2 Pieces, FxJoaQcBkvw.mid",230
264192,64,5/12,"Agnew, Roy, 2 Pieces, FxJoaQcBkvw.mid",231
64,262656,1/3,"Agnew, Roy, 2 Pieces, FxJoaQcBkvw.mid",232
262656,262656,0.25,"Agnew, Roy, 2 Pieces, FxJoaQcBkvw.mid",233
262656,786944,0.75,"Agnew, Roy, 2 Pieces, FxJoaQcBkvw.mid",234
786944,795136,1/3,"Agnew, Roy, 2 Pieces, FxJoaQcBkvw.mid",235
795136,860672,1/6,"Agnew, Roy, 2 Pieces, FxJoaQcBkvw.mid",236
860672,860672,0.25,"Agnew, Roy, 2 Pieces, FxJoaQcBkvw.mid",237
860672,860672,0.25,"Agnew, Roy, 2 Pieces, FxJoaQcBkvw.mid",238
860672,860672,1/6,"Agnew, Roy, 2 Pieces, FxJoaQcBkvw.mid",239
860672,860672,1/12,"Agnew, Roy, 2 Pieces, FxJoaQcBkvw.mid",240
860672,860672,1/3,"Agnew, Roy, 2 Pieces, FxJoaQcBkvw.mid",241
860672,795136,1/12,"Agnew, Roy, 2 Pieces, FxJoaQcBkvw.mid",242
795136,65664,1/12,"Agnew, Roy, 2 Pieces, FxJoaQcBkvw.mid",243
65664,16,0.5,"Agnew, Roy, 2 Pieces, FxJoaQcBkvw.mid",244
16,20,0.5,"Agnew, Roy, 2 Pieces, FxJoaQcBkvw.mid",245
20,4116,0.25,"Agnew, Roy, 2 Pieces, FxJoaQcBkvw.mid",246
4116,4116,0.5,"Agnew, Roy, 2 Pieces, FxJoaQcBkvw.mid",247
4116,4628,0.5,"Agnew, Roy, 2 Pieces, FxJoaQcBkvw.mid",248
4628,4692,2/3,"Agnew, Roy, 2 Pieces, FxJoaQcBkvw.mid",249
4692,4692,1/12,"Agnew, Roy, 2 Pieces, FxJoaQcBkvw.mid",250
4692,4692,2/3,"Agnew, Roy, 2 Pieces, FxJoaQcBkvw.mid",251
4692,580,1/12,"Agnew, Roy, 2 Pieces, FxJoaQcBkvw.mid",252
580,16,1/6,"Agnew, Roy, 2 Pieces, FxJoaQcBkvw.mid",253
16,52,1/12,"Agnew, Roy, 2 Pieces, FxJoaQcBkvw.mid",254
52,36,11/12,"Agnew, Roy, 2 Pieces, FxJoaQcBkvw.mid",255
36,548,1/3,"Agnew, Roy, 2 Pieces, FxJoaQcBkvw.mid",256
548,548,1/3,"Agnew, Roy, 2 Pieces, FxJoaQcBkvw.mid",257
548,4644,1/3,"Agnew, Roy, 2 Pieces, FxJoaQcBkvw.mid",258
4644,4608,0.25,"Agnew, Roy, 2 Pieces, FxJoaQcBkvw.mid",259
4608,1,1/12,"Agnew, Roy, 2 Pieces, FxJoaQcBkvw.mid",260
1,67584,0.25,"Agnew, Roy, 2 Pieces, FxJoaQcBkvw.mid",261
67584,16,0.25,"Agnew, Roy, 2 Pieces, FxJoaQcBkvw.mid",262
16,65664,0.5,"Agnew, Roy, 2 Pieces, FxJoaQcBkvw.mid",263
65664,196736,2/3,"Agnew, Roy, 2 Pieces, FxJoaQcBkvw.mid",264
196736,198784,2/3,"Agnew, Roy, 2 Pieces, FxJoaQcBkvw.mid",265
198784,215168,1/3,"Agnew, Roy, 2 Pieces, FxJoaQcBkvw.mid",266
215168,215168,1/3,"Agnew, Roy, 2 Pieces, FxJoaQcBkvw.mid",267
215168,215168,0.5,"Agnew, Roy, 2 Pieces, FxJoaQcBkvw.mid",268
215168,18560,1/6,"Agnew, Roy, 2 Pieces, FxJoaQcBkvw.mid",269
18560,128,1/12,"Agnew, Roy, 2 Pieces, FxJoaQcBkvw.mid",270
128,1,0.5,"Agnew, Roy, 2 Pieces, FxJoaQcBkvw.mid",271
1,1,0.5,"Agnew, Roy, 2 Pieces, FxJoaQcBkvw.mid",272
1,129,0.75,"Agnew, Roy, 2 Pieces, FxJoaQcBkvw.mid",273
129,145,0.5,"Agnew, Roy, 2 Pieces, FxJoaQcBkvw.mid",274
145,149,2/3,"Agnew, Roy, 2 Pieces, FxJoaQcBkvw.mid",275
149,149,1/12,"Agnew, Roy, 2 Pieces, FxJoaQcBkvw.mid",276
149,149,0.25,"Agnew, Roy, 2 Pieces, FxJoaQcBkvw.mid",277
149,149,1/3,"Agnew, Roy, 2 Pieces, FxJoaQcBkvw.mid",278
149,129,1/12,"Agnew, Roy, 2 Pieces, FxJoaQcBkvw.mid",279
129,1,1/12,"Agnew, Roy, 2 Pieces, FxJoaQcBkvw.mid",280
1,2164736,5/6,"Agnew, Roy, 2 Pieces, FxJoaQcBkvw.mid",281
2164736,2689024,2/3,"Agnew, Roy, 2 Pieces, FxJoaQcBkvw.mid",282
2689024,591872,1/12,"Agnew, Roy, 2 Pieces, FxJoaQcBkvw.mid",283
591872,2689024,5/12,"Agnew, Roy, 2 Pieces, FxJoaQcBkvw.mid",284
2689024,640,1/12,"Agnew, Roy, 2 Pieces, FxJoaQcBkvw.mid",285
640,2099200,0.25,"Agnew, Roy, 2 Pieces, FxJoaQcBkvw.mid",286
2099200,70144,1.0,"Agnew, Roy, 2 Pieces, FxJoaQcBkvw.mid",287
70144,70144,0.5,"Agnew, Roy, 2 Pieces, FxJoaQcBkvw.mid",288
70144,70144,0.5,"Agnew, Roy, 2 Pieces, FxJoaQcBkvw.mid",289
70144,1,0.25,"Agnew, Roy, 2 Pieces, FxJoaQcBkvw.mid",290
1,69760,0.75,"Agnew, Roy, 2 Pieces, FxJoaQcBkvw.mid",291
69760,71808,2/3,"Agnew, Roy, 2 Pieces, FxJoaQcBkvw.mid",292
71808,71808,1/12,"Agnew, Roy, 2 Pieces, FxJoaQcBkvw.mid",293
71808,71808,0.75,"Agnew, Roy, 2 Pieces, FxJoaQcBkvw.mid",294
71808,17,0.25,"Agnew, Roy, 2 Pieces, FxJoaQcBkvw.mid",295
17,70176,0.25,"Agnew, Roy, 2 Pieces, FxJoaQcBkvw.mid",296
70176,70176,0.75,"Agnew, Roy, 2 Pieces, FxJoaQcBkvw.mid",297
70176,72224,2/3,"Agnew, Roy, 2 Pieces, FxJoaQcBkvw.mid",298
72224,68128,1/12,"Agnew, Roy, 2 Pieces, FxJoaQcBkvw.mid",299
68128,72224,0.5,"Agnew, Roy, 2 Pieces, FxJoaQcBkvw.mid",300
72224,2593,1/12,"Agnew, Roy, 2 Pieces, FxJoaQcBkvw.mid",301
2593,545,1/6,"Agnew, Roy, 2 Pieces, FxJoaQcBkvw.mid",302
545,545,0.75,"Agnew, Roy, 2 Pieces, FxJoaQcBkvw.mid",303
545,2593,1.0,"Agnew, Roy, 2 Pieces, FxJoaQcBkvw.mid",304
2593,2049,1/6,"Agnew, Roy, 2 Pieces, FxJoaQcBkvw.mid",305
2049,2049,1/12,"Agnew, Roy, 2 Pieces, FxJoaQcBkvw.mid",306
2049,18464,1.0,"Agnew, Roy, 2 Pieces, FxJoaQcBkvw.mid",307
18464,18432,1/12,"Agnew, Roy, 2 Pieces, FxJoaQcBkvw.mid",308
18432,83968,1/6,"Agnew, Roy, 2 Pieces, FxJoaQcBkvw.mid",309
83968,83968,1/12,"Agnew, Roy, 2 Pieces, FxJoaQcBkvw.mid",310
83968,18448,1/12,"Agnew, Roy, 2 Pieces, FxJoaQcBkvw.mid",311
18448,18576,13/12,"Agnew, Roy, 2 Pieces, FxJoaQcBkvw.mid",312
18576,16528,1.25,"Agnew, Roy, 2 Pieces, FxJoaQcBkvw.mid",313
16528,16528,10/3,"Agnew, Roy, 2 Pieces, FxJoaQcBkvw.mid",314
16528,18576,2/3,"Agnew, Roy, 2 Pieces, FxJoaQcBkvw.mid",315
18576,18576,1/3,"Agnew, Roy, 2 Pieces, FxJoaQcBkvw.mid",316
18576,18576,1/6,"Agnew, Roy, 2 Pieces, FxJoaQcBkvw.mid",317
18576,18576,7/12,"Agnew, Roy, 2 Pieces, FxJoaQcBkvw.mid",318
18576,16528,1/6,"Agnew, Roy, 2 Pieces, FxJoaQcBkvw.mid",319
16528,149,1/12,"Agnew, Roy, 2 Pieces, FxJoaQcBkvw.mid",320
149,17,11/12,"Agnew, Roy, 2 Pieces, FxJoaQcBkvw.mid",321
17,145,0.5,"Agnew, Roy, 2 Pieces, FxJoaQcBkvw.mid",322
145,594432,0.5,"Agnew, Roy, 2 Pieces, FxJoaQcBkvw.mid",323
594432,596480,0.75,"Agnew, Roy, 2 Pieces, FxJoaQcBkvw.mid",324
596480,596480,11/12,"Agnew, Roy, 2 Pieces, FxJoaQcBkvw.mid",325
596480,592384,1/12,"Agnew, Roy, 2 Pieces, FxJoaQcBkvw.mid",326
592384,69760,0.25,"Agnew, Roy, 2 Pieces, FxJoaQcBkvw.mid",327
69760,145,2.75,"Agnew, Roy, 2 Pieces, FxJoaQcBkvw.mid",328
145,16,5.25,"Agnew, Roy, 2 Pieces, FxJoaQcBkvw.mid",329
16,145,4.0,"Agnew, Roy, 2 Pieces, FxJoaQcBkvw.mid",330
145,145,4.0,"Agnew, Roy, 2 Pieces, FxJoaQcBkvw.mid",331
145,145,1.0,"Agnew, Roy, 2 Pieces, FxJoaQcBkvw.mid",332
145,1,1/3,"Agnew, Roy, 2 Pieces, FxJoaQcBkvw.mid",333
1,1,5/12,"Agnew, Roy, 2 Pieces, FxJoaQcBkvw.mid",334
1,32,0.25,"Agnew, Roy, 2 Pieces, FxJoaQcBkvw.mid",335
32,131328,1.0,"Agnew, Roy, 2 Pieces, FxJoaQcBkvw.mid",336
131328,417,0.75,"Agnew, Roy, 2 Pieces, FxJoaQcBkvw.mid",337
417,417,5/6,"Agnew, Roy, 2 Pieces, FxJoaQcBkvw.mid",338
417,425,5/12,"Agnew, Roy, 2 Pieces, FxJoaQcBkvw.mid",339
425,37152,1/12,"Agnew, Roy, 2 Pieces, FxJoaQcBkvw.mid",340
37152,4136,1/6,"Agnew, Roy, 2 Pieces, FxJoaQcBkvw.mid",341
4136,16512,0.75,"Agnew, Roy, 2 Pieces, FxJoaQcBkvw.mid",342
16512,16512,0.25,"Agnew, Roy, 2 Pieces, FxJoaQcBkvw.mid",343
16512,17536,2/3,"Agnew, Roy, 2 Pieces, FxJoaQcBkvw.mid",344
17536,17408,1/12,"Agnew, Roy, 2 Pieces, FxJoaQcBkvw.mid",345
17408,151808,1.0,"Agnew, Roy, 2 Pieces, FxJoaQcBkvw.mid",346
151808,151936,0.75,"Agnew, Roy, 2 Pieces, FxJoaQcBkvw.mid",347
151936,151936,0.5,"Agnew, Roy, 2 Pieces, FxJoaQcBkvw.mid",348
151936,151936,0.25,"Agnew, Roy, 2 Pieces, FxJoaQcBkvw.mid",349
151936,1725440,5/12,"Agnew, Roy, 2 Pieces, FxJoaQcBkvw.mid",350
1725440,1758208,1/12,"Agnew, Roy, 2 Pieces, FxJoaQcBkvw.mid",351
1758208,1610752,1/12,"Agnew, Roy, 2 Pieces, FxJoaQcBkvw.mid",352
1610752,562176,1/12,"Agnew, Roy, 2 Pieces, FxJoaQcBkvw.mid",353
562176,558080,1/12,"Agnew, Roy, 2 Pieces, FxJoaQcBkvw.mid",354
558080,574464,0.5,"Agnew, Roy, 2 Pieces, FxJoaQcBkvw.mid",355
574464,574464,0.25,"Agnew, Roy, 2 Pieces, FxJoaQcBkvw.mid",356
574464,574464,0.25,"Agnew, Roy, 2 Pieces, FxJoaQcBkvw.mid",357
574464,521,2/3,"Agnew, Roy, 2 Pieces, FxJoaQcBkvw.mid",358
521,649,2/3,"Agnew, Roy, 2 Pieces, FxJoaQcBkvw.mid",359
649,649,1/12,"Agnew, Roy, 2 Pieces, FxJoaQcBkvw.mid",360
649,649,1/3,"Agnew, Roy, 2 Pieces, FxJoaQcBkvw.mid",361
649,136,0.25,"Agnew, Roy, 2 Pieces, FxJoaQcBkvw.mid",362
136,4,0.25,"Agnew, Roy, 2 Pieces, FxJoaQcBkvw.mid",363
4,1060,0.75,"Agnew, Roy, 2 Pieces, FxJoaQcBkvw.mid",364
1060,1060,0.25,"Agnew, Roy, 2 Pieces, FxJoaQcBkvw.mid",365
1060,1060,0.5,"Agnew, Roy, 2 Pieces, FxJoaQcBkvw.mid",366
1060,4260,1.0,"Agnew, Roy, 2 Pieces, FxJoaQcBkvw.mid",367
4260,4772,0.5,"Agnew, Roy, 2 Pieces, FxJoaQcBkvw.mid",368
4772,4612,0.25,"Agnew, Roy, 2 Pieces, FxJoaQcBkvw.mid",369
4612,4628,1/12,"Agnew, Roy, 2 Pieces, FxJoaQcBkvw.mid",370
4628,4628,5/12,"Agnew, Roy, 2 Pieces, FxJoaQcBkvw.mid",371
4628,4628,2/3,"Agnew, Roy, 2 Pieces, FxJoaQcBkvw.mid",372
4628,4756,0.75,"Agnew, Roy, 2 Pieces, FxJoaQcBkvw.mid",373
4756,660,1/12,"Agnew, Roy, 2 Pieces, FxJoaQcBkvw.mid",374
660,164,1/6,"Agnew, Roy, 2 Pieces, FxJoaQcBkvw.mid",375
164,160,1/12,"Agnew, Roy, 2 Pieces, FxJoaQcBkvw.mid",376
160,37024,1.25,"Agnew, Roy, 2 Pieces, FxJoaQcBkvw.mid",377
37024,53408,0.75,"Agnew, Roy, 2 Pieces, FxJoaQcBkvw.mid",378
53408,37024,0.25,"Agnew, Roy, 2 Pieces, FxJoaQcBkvw.mid",379
37024,558080,0.25,"Agnew, Roy, 2 Pieces, FxJoaQcBkvw.mid",380
558080,558080,0.5,"Agnew, Roy, 2 Pieces, FxJoaQcBkvw.mid",381
558080,562176,1/6,"Agnew, Roy, 2 Pieces, FxJoaQcBkvw.mid",382
562176,562176,7/12,"Agnew, Roy, 2 Pieces, FxJoaQcBkvw.mid",383
562176,2675712,1/6,"Agnew, Roy, 2 Pieces, FxJoaQcBkvw.mid",384
2675712,5772,7/12,"Agnew, Roy, 2 Pieces, FxJoaQcBkvw.mid",385
5772,5804,5/12,"Agnew, Roy, 2 Pieces, FxJoaQcBkvw.mid",386
5804,5804,0.25,"Agnew, Roy, 2 Pieces, FxJoaQcBkvw.mid",387
5804,5772,1/12,"Agnew, Roy, 2 Pieces, FxJoaQcBkvw.mid",388
5772,1024,1/6,"Agnew, Roy, 2 Pieces, FxJoaQcBkvw.mid",389
1024,4744,0.75,"Agnew, Roy, 2 Pieces, FxJoaQcBkvw.mid",390
4744,4748,0.5,"Agnew, Roy, 2 Pieces, FxJoaQcBkvw.mid",391
4748,4748,1/12,"Agnew, Roy, 2 Pieces, FxJoaQcBkvw.mid",392
4748,4748,2/3,"Agnew, Roy, 2 Pieces, FxJoaQcBkvw.mid",393
4748,4748,1/12,"Agnew, Roy, 2 Pieces, FxJoaQcBkvw.mid",394
4748,4748,5/12,"Agnew, Roy, 2 Pieces, FxJoaQcBkvw.mid",395
4748,128,0.25,"Agnew, Roy, 2 Pieces, FxJoaQcBkvw.mid",396
128,2769920,2/3,"Agnew, Roy, 2 Pieces, FxJoaQcBkvw.mid",397
2769920,2769920,1/12,"Agnew, Roy, 2 Pieces, FxJoaQcBkvw.mid",398
2769920,17536,0.25,"Agnew, Roy, 2 Pieces, FxJoaQcBkvw.mid",399
17536,83072,5/12,"Agnew, Roy, 2 Pieces, FxJoaQcBkvw.mid",400
83072,82048,1/12,"Agnew, Roy, 2 Pieces, FxJoaQcBkvw.mid",401
82048,83072,0.5,"Agnew, Roy, 2 Pieces, FxJoaQcBkvw.mid",402
83072,83072,1/6,"Agnew, Roy, 2 Pieces, FxJoaQcBkvw.mid",403
83072,83072,1/12,"Agnew, Roy, 2 Pieces, FxJoaQcBkvw.mid",404
83072,83072,1/12,"Agnew, Roy, 2 Pieces, FxJoaQcBkvw.mid",405
83072,83072,5/12,"Agnew, Roy, 2 Pieces, FxJoaQcBkvw.mid",406
83072,17424,1/12,"Agnew, Roy, 2 Pieces, FxJoaQcBkvw.mid",407
17424,1028,1/6,"Agnew, Roy, 2 Pieces, FxJoaQcBkvw.mid",408
1028,135680,0.75,"Agnew, Roy, 2 Pieces, FxJoaQcBkvw.mid",409
135680,135680,7/12,"Agnew, Roy, 2 Pieces, FxJoaQcBkvw.mid",410
135680,33,1/12,"Agnew, Roy, 2 Pieces, FxJoaQcBkvw.mid",411
33,1,1/12,"Agnew, Roy, 2 Pieces, FxJoaQcBkvw.mid",412
1,1,1/6,"Agnew, Roy, 2 Pieces, FxJoaQcBkvw.mid",413
1,1169,1/12,"Agnew, Roy, 2 Pieces, FxJoaQcBkvw.mid",414
1169,1169,0.75,"Agnew, Roy, 2 Pieces, FxJoaQcBkvw.mid",415
1169,1681,1/12,"Agnew, Roy, 2 Pieces, FxJoaQcBkvw.mid",416
1681,1680,1/12,"Agnew, Roy, 2 Pieces, FxJoaQcBkvw.mid",417
1680,1681,1/3,"Agnew, Roy, 2 Pieces, FxJoaQcBkvw.mid",418
1681,1681,1/6,"Agnew, Roy, 2 Pieces, FxJoaQcBkvw.mid",419
1681,129,1/3,"Agnew, Roy, 2 Pieces, FxJoaQcBkvw.mid",420
129,1153,11/12,"Agnew, Roy, 2 Pieces, FxJoaQcBkvw.mid",421
1153,1025,1/12,"Agnew, Roy, 2 Pieces, FxJoaQcBkvw.mid",422
1025,792576,1/6,"Agnew, Roy, 2 Pieces, FxJoaQcBkvw.mid",423
792576,788480,1/12,"Agnew, Roy, 2 Pieces, FxJoaQcBkvw.mid",424
788480,128,5/12,"Agnew, Roy, 2 Pieces, FxJoaQcBkvw.mid",425
128,16928,11/12,"Agnew, Roy, 2 Pieces, FxJoaQcBkvw.mid",426
16928,16928,1/12,"Agnew, Roy, 2 Pieces, FxJoaQcBkvw.mid",427
16928,16928,0.5,"Agnew, Roy, 2 Pieces, FxJoaQcBkvw.mid",428
16928,16896,1/6,"Agnew, Roy, 2 Pieces, FxJoaQcBkvw.mid",429
16896,16904,0.5,"Agnew, Roy, 2 Pieces, FxJoaQcBkvw.mid",430
16904,17032,1/6,"Agnew, Roy, 2 Pieces, FxJoaQcBkvw.mid",431
17032,21128,11/12,"Agnew, Roy, 2 Pieces, FxJoaQcBkvw.mid",432
21128,4744,1/12,"Agnew, Roy, 2 Pieces, FxJoaQcBkvw.mid",433
4744,17032,1/12,"Agnew, Roy, 2 Pieces, FxJoaQcBkvw.mid",434
17032,21128,0.75,"Agnew, Roy, 2 Pieces, FxJoaQcBkvw.mid",435
21128,21128,2/3,"Agnew, Roy, 2 Pieces, FxJoaQcBkvw.mid",436
21128,21128,1/12,"Agnew, Roy, 2 Pieces, FxJoaQcBkvw.mid",437
21128,21128,0.25,"Agnew, Roy, 2 Pieces, FxJoaQcBkvw.mid",438
21128,4780,1/6,"Agnew, Roy, 2 Pieces, FxJoaQcBkvw.mid",439
4780,4268,1/12,"Agnew, Roy, 2 Pieces, FxJoaQcBkvw.mid",440
4268,4644,1/12,"Agnew, Roy, 2 Pieces, FxJoaQcBkvw.mid",441
4644,4644,1/6,"Agnew, Roy, 2 Pieces, FxJoaQcBkvw.mid",442
4644,4644,0.75,"Agnew, Roy, 2 Pieces, FxJoaQcBkvw.mid",443
4644,4644,11/12,"Agnew, Roy, 2 Pieces, FxJoaQcBkvw.mid",444
4644,549,1/12,"Agnew, Roy, 2 Pieces, FxJoaQcBkvw.mid",445
549,9,0.25,"Agnew, Roy, 2 Pieces, FxJoaQcBkvw.mid",446
9,137,1/12,"Agnew, Roy, 2 Pieces, FxJoaQcBkvw.mid",447
137,137,11/12,"Agnew, Roy, 2 Pieces, FxJoaQcBkvw.mid",448
137,141,0.5,"Agnew, Roy, 2 Pieces, FxJoaQcBkvw.mid",449
141,653,0.5,"Agnew, Roy, 2 Pieces, FxJoaQcBkvw.mid",450
653,653,1/6,"Agnew, Roy, 2 Pieces, FxJoaQcBkvw.mid",451
653,16520,1/12,"Agnew, Roy, 2 Pieces, FxJoaQcBkvw.mid",452
16520,16520,1/12,"Agnew, Roy, 2 Pieces, FxJoaQcBkvw.mid",453
16520,5128,5/3,"Agnew, Roy, 2 Pieces, FxJoaQcBkvw.mid",454
5128,5256,1/12,"Agnew, Roy, 2 Pieces, FxJoaQcBkvw.mid",455
5256,32896,5/12,"Agnew, Roy, 2 Pieces, FxJoaQcBkvw.mid",456
32896,128,0.25,"Agnew, Roy, 2 Pieces, FxJoaQcBkvw.mid",457
128,32,0.25,"Agnew, Roy, 2 Pieces, FxJoaQcBkvw.mid",458
32,37408,1.0,"Agnew, Roy, 2 Pieces, FxJoaQcBkvw.mid",459
37408,4128,0.25,"Agnew, Roy, 2 Pieces, FxJoaQcBkvw.mid",460
4128,1,1/12,"Agnew, Roy, 2 Pieces, FxJoaQcBkvw.mid",461
1,20608,1/3,"Agnew, Roy, 2 Pieces, FxJoaQcBkvw.mid",462
20608,20608,1/3,"Agnew, Roy, 2 Pieces, FxJoaQcBkvw.mid",463
20608,152704,1.0,"Agnew, Roy, 2 Pieces, FxJoaQcBkvw.mid",464
152704,152704,0.25,"Agnew, Roy, 2 Pieces, FxJoaQcBkvw.mid",465
152704,152704,0.25,"Agnew, Roy, 2 Pieces, FxJoaQcBkvw.mid",466
152704,185472,1/12,"Agnew, Roy, 2 Pieces, FxJoaQcBkvw.mid",467
185472,5160,1/12,"Agnew, Roy, 2 Pieces, FxJoaQcBkvw.mid",468
5160,8,1/12,"Agnew, Roy, 2 Pieces, FxJoaQcBkvw.mid",469
8,4648,11/12,"Agnew, Roy, 2 Pieces, FxJoaQcBkvw.mid",470
4648,4648,1/12,"Agnew, Roy, 2 Pieces, FxJoaQcBkvw.mid",471
4648,4648,0.25,"Agnew, Roy, 2 Pieces, FxJoaQcBkvw.mid",472
4648,4648,0.25,"Agnew, Roy, 2 Pieces, FxJoaQcBkvw.mid",473
4648,164352,1/12,"Agnew, Roy, 2 Pieces, FxJoaQcBkvw.mid",474
164352,164352,1/6,"Agnew, Roy, 2 Pieces, FxJoaQcBkvw.mid",475
164352,688640,5/6,"Agnew, Roy, 2 Pieces, FxJoaQcBkvw.mid",476
688640,692736,2/3,"Agnew, Roy, 2 Pieces, FxJoaQcBkvw.mid",477
692736,4260,0.25,"Agnew, Roy, 2 Pieces, FxJoaQcBkvw.mid",478
4260,4772,0.75,"Agnew, Roy, 2 Pieces, FxJoaQcBkvw.mid",479
4772,4772,0.75,"Agnew, Roy, 2 Pieces, FxJoaQcBkvw.mid",480
4772,4772,0.25,"Agnew, Roy, 2 Pieces, FxJoaQcBkvw.mid",481
4772,4772,2/3,"Agnew, Roy, 2 Pieces, FxJoaQcBkvw.mid",482
4772,4772,1/12,"Agnew, Roy, 2 Pieces, FxJoaQcBkvw.mid",483
4772,4772,0.75,"Agnew, Roy, 2 Pieces, FxJoaQcBkvw.mid",484
4772,4260,1/12,"Agnew, Roy, 2 Pieces, FxJoaQcBkvw.mid",485
4260,4260,1/12,"Agnew, Roy, 2 Pieces, FxJoaQcBkvw.mid",486
4260,160,1/12,"Agnew, Roy, 2 Pieces, FxJoaQcBkvw.mid",487
160,1197056,1.0,"Agnew, Roy, 2 Pieces, FxJoaQcBkvw.mid",488
1197056,1721344,11/12,"Agnew, Roy, 2 Pieces, FxJoaQcBkvw.mid",489
1721344,1721344,1/3,"Agnew, Roy, 2 Pieces, FxJoaQcBkvw.mid",490
1721344,1721344,0.5,"Agnew, Roy, 2 Pieces, FxJoaQcBkvw.mid",491
1721344,1725440,0.5,"Agnew, Roy, 2 Pieces, FxJoaQcBkvw.mid",492
1725440,1725440,1/12,"Agnew, Roy, 2 Pieces, FxJoaQcBkvw.mid",493
1725440,20608,1/12,"Agnew, Roy, 2 Pieces, FxJoaQcBkvw.mid",494
20608,16512,7/12,"Agnew, Roy, 2 Pieces, FxJoaQcBkvw.mid",495
16512,17536,7/12,"Agnew, Roy, 2 Pieces, FxJoaQcBkvw.mid",496
17536,1024,1/6,"Agnew, Roy, 2 Pieces, FxJoaQcBkvw.mid",497
1024,4388,1/6,"Agnew, Roy, 2 Pieces, FxJoaQcBkvw.mid",498
4388,151808,1/12,"Agnew, Roy, 2 Pieces, FxJoaQcBkvw.mid",499
151808,151808,7/12,"Agnew, Roy, 2 Pieces, FxJoaQcBkvw.mid",500
151808,151936,2/3,"Agnew, Roy, 2 Pieces, FxJoaQcBkvw.mid",501
151936,151936,0.5,"Agnew, Roy, 2 Pieces, FxJoaQcBkvw.mid",502
151936,147840,1/6,"Agnew, Roy, 2 Pieces, FxJoaQcBkvw.mid",503
147840,151936,1/12,"Agnew, Roy, 2 Pieces, FxJoaQcBkvw.mid",504
151936,20904,0.25,"Agnew, Roy, 2 Pieces, FxJoaQcBkvw.mid",505
20904,4264,1/12,"Agnew, Roy, 2 Pieces, FxJoaQcBkvw.mid",506
4264,4136,1/12,"Agnew, Roy, 2 Pieces, FxJoaQcBkvw.mid",507
4136,40,1/12,"Agnew, Roy, 2 Pieces, FxJoaQcBkvw.mid",508
40,17544,0.25,"Agnew, Roy, 2 Pieces, FxJoaQcBkvw.mid",509
17544,17544,0.5,"Agnew, Roy, 2 Pieces, FxJoaQcBkvw.mid",510
17544,17544,0.25,"Agnew, Roy, 2 Pieces, FxJoaQcBkvw.mid",511
17544,1165,1/12,"Agnew, Roy, 2 Pieces, FxJoaQcBkvw.mid",512
1165,1677,1/6,"Agnew, Roy, 2 Pieces, FxJoaQcBkvw.mid",513
1677,513,0.25,"Agnew, Roy, 2 Pieces, FxJoaQcBkvw.mid",514
513,649,11/12,"Agnew, Roy, 2 Pieces, FxJoaQcBkvw.mid",515
649,649,1/12,"Agnew, Roy, 2 Pieces, FxJoaQcBkvw.mid",516
649,557568,0.25,"Agnew, Roy, 2 Pieces, FxJoaQcBkvw.mid",517
557568,557568,1/12,"Agnew, Roy, 2 Pieces, FxJoaQcBkvw.mid",518
557568,557568,1/12,"Agnew, Roy, 2 Pieces, FxJoaQcBkvw.mid",519
557568,512,1/12,"Agnew, Roy, 2 Pieces, FxJoaQcBkvw.mid",520
512,1572,1/12,"Agnew, Roy, 2 Pieces, FxJoaQcBkvw.mid",521
1572,1060,11/12,"Agnew, Roy, 2 Pieces, FxJoaQcBkvw.mid",522
1060,1060,0.25,"Agnew, Roy, 2 Pieces, FxJoaQcBkvw.mid",523
1060,1060,1/12,"Agnew, Roy, 2 Pieces, FxJoaQcBkvw.mid",524
1060,132096,1/12,"Agnew, Roy, 2 Pieces, FxJoaQcBkvw.mid",525
132096,1568,1/12,"Agnew, Roy, 2 Pieces, FxJoaQcBkvw.mid",526
1568,544,0.25,"Agnew, Roy, 2 Pieces, FxJoaQcBkvw.mid",527
544,37408,0.75,"Agnew, Roy, 2 Pieces, FxJoaQcBkvw.mid",528
37408,53792,5/12,"Agnew, Roy, 2 Pieces, FxJoaQcBkvw.mid",529
53792,4140,1/6,"Agnew, Roy, 2 Pieces, FxJoaQcBkvw.mid",530
4140,4100,1/6,"Agnew, Roy, 2 Pieces, FxJoaQcBkvw.mid",531
4100,4104,0.5,"Agnew, Roy, 2 Pieces, FxJoaQcBkvw.mid",532
4104,4104,0.25,"Agnew, Roy, 2 Pieces, FxJoaQcBkvw.mid",533
4104,1,0.25,"Agnew, Roy, 2 Pieces, FxJoaQcBkvw.mid",534
1,1,0.5,"Agnew, Roy, 2 Pieces, FxJoaQcBkvw.mid",535
1,5120,1/6,"Agnew, Roy, 2 Pieces, FxJoaQcBkvw.mid",536
5120,1024,1/6,"Agnew, Roy, 2 Pieces, FxJoaQcBkvw.mid",537
1024,541696,1.0,"Agnew, Roy, 2 Pieces, FxJoaQcBkvw.mid",538
541696,541696,1/6,"Agnew, Roy, 2 Pieces, FxJoaQcBkvw.mid",539
541696,1156,1/12,"Agnew, Roy, 2 Pieces, FxJoaQcBkvw.mid",540
1156,132,1/6,"Agnew, Roy, 2 Pieces, FxJoaQcBkvw.mid",541
132,540928,0.75,"Agnew, Roy, 2 Pieces, FxJoaQcBkvw.mid",542
540928,676096,1/12,"Agnew, Roy, 2 Pieces, FxJoaQcBkvw.mid",543
676096,676096,5/12,"Agnew, Roy, 2 Pieces, FxJoaQcBkvw.mid",544
676096,676096,0.5,"Agnew, Roy, 2 Pieces, FxJoaQcBkvw.mid",545
676096,676096,1/12,"Agnew, Roy, 2 Pieces, FxJoaQcBkvw.mid",546
676096,676096,2/3,"Agnew, Roy, 2 Pieces, FxJoaQcBkvw.mid",547
676096,676096,1/12,"Agnew, Roy, 2 Pieces, FxJoaQcBkvw.mid",548
676096,676096,0.25,"Agnew, Roy, 2 Pieces, FxJoaQcBkvw.mid",549
676096,676096,5/12,"Agnew, Roy, 2 Pieces, FxJoaQcBkvw.mid",550
676096,676096,0.5,"Agnew, Roy, 2 Pieces, FxJoaQcBkvw.mid",551
676096,148608,1/12,"Agnew, Roy, 2 Pieces, FxJoaQcBkvw.mid",552
148608,148608,1/6,"Agnew, Roy, 2 Pieces, FxJoaQcBkvw.mid",553
148608,148608,11/12,"Agnew, Roy, 2 Pieces, FxJoaQcBkvw.mid",554
148608,148608,1/12,"Agnew, Roy, 2 Pieces, FxJoaQcBkvw.mid",555
148608,148608,0.25,"Agnew, Roy, 2 Pieces, FxJoaQcBkvw.mid",556
148608,148608,1/6,"Agnew, Roy, 2 Pieces, FxJoaQcBkvw.mid",557
148608,1060,0.25,"Agnew, Roy, 2 Pieces, FxJoaQcBkvw.mid",558
1060,4384,1.0,"Agnew, Roy, 2 Pieces, FxJoaQcBkvw.mid",559
4384,20896,0.25,"Agnew, Roy, 2 Pieces, FxJoaQcBkvw.mid",560
20896,20896,1/3,"Agnew, Roy, 2 Pieces, FxJoaQcBkvw.mid",561
20896,20896,2/3,"Agnew, Roy, 2 Pieces, FxJoaQcBkvw.mid",562
20896,132,1/12,"Agnew, Roy, 2 Pieces, FxJoaQcBkvw.mid",563
132,168,1.0,"Agnew, Roy, 2 Pieces, FxJoaQcBkvw.mid",564
168,168,1/3,"Agnew, Roy, 2 Pieces, FxJoaQcBkvw.mid",565
168,40,5/12,"Agnew, Roy, 2 Pieces, FxJoaQcBkvw.mid",566
40,1,7/12,"Agnew, Roy, 2 Pieces, FxJoaQcBkvw.mid",567
1,5120,1/12,"Agnew, Roy, 2 Pieces, FxJoaQcBkvw.mid",568
5120,1024,0.25,"Agnew, Roy, 2 Pieces, FxJoaQcBkvw.mid",569
1024,1065984,1.0,"Agnew, Roy, 2 Pieces, FxJoaQcBkvw.mid",570
1065984,1180672,0.5,"Agnew, Roy, 2 Pieces, FxJoaQcBkvw.mid",571
1180672,132096,1/12,"Agnew, Roy, 2 Pieces, FxJoaQcBkvw.mid",572
132096,699392,1/12,"Agnew, Roy, 2 Pieces, FxJoaQcBkvw.mid",573
699392,698368,1/6,"Agnew, Roy, 2 Pieces, FxJoaQcBkvw.mid",574
698368,168,1/12,"Agnew, Roy, 2 Pieces, FxJoaQcBkvw.mid",575
168,131200,1/6,"Agnew, Roy, 2 Pieces, FxJoaQcBkvw.mid",576
131200,132224,0.25,"Agnew, Roy, 2 Pieces, FxJoaQcBkvw.mid",577
132224,132224,0.75,"Agnew, Roy, 2 Pieces, FxJoaQcBkvw.mid",578
132224,164992,0.5,"Agnew, Roy, 2 Pieces, FxJoaQcBkvw.mid",579
164992,1032,1/6,"Agnew, Roy, 2 Pieces, FxJoaQcBkvw.mid",580
1032,8,1/12,"Agnew, Roy, 2 Pieces, FxJoaQcBkvw.mid",581
8,148736,5/6,"Agnew, Roy, 2 Pieces, FxJoaQcBkvw.mid",582
148736,148736,1/6,"Agnew, Roy, 2 Pieces, FxJoaQcBkvw.mid",583
148736,148736,0.25,"Agnew, Roy, 2 Pieces, FxJoaQcBkvw.mid",584
148736,148736,1/3,"Agnew, Roy, 2 Pieces, FxJoaQcBkvw.mid",585
148736,16640,1/12,"Agnew, Roy, 2 Pieces, FxJoaQcBkvw.mid",586
16640,1201152,2/3,"Agnew, Roy, 2 Pieces, FxJoaQcBkvw.mid",587
1201152,1201152,1/3,"Agnew, Roy, 2 Pieces, FxJoaQcBkvw.mid",588
1201152,1201152,2/3,"Agnew, Roy, 2 Pieces, FxJoaQcBkvw.mid",589
1201152,152960,1/12,"Agnew, Roy, 2 Pieces, FxJoaQcBkvw.mid",590
152960,151680,0.25,"Agnew, Roy, 2 Pieces, FxJoaQcBkvw.mid",591
151680,136320,1/6,"Agnew, Roy, 2 Pieces, FxJoaQcBkvw.mid",592
136320,152704,5/6,"Agnew, Roy, 2 Pieces, FxJoaQcBkvw.mid",593
152704,152704,7/6,"Agnew, Roy, 2 Pieces, FxJoaQcBkvw.mid",594
152704,152704,1/6,"Agnew, Roy, 2 Pieces, FxJoaQcBkvw.mid",595
152704,152704,1/12,"Agnew, Roy, 2 Pieces, FxJoaQcBkvw.mid",596
152704,152704,1/12,"Agnew, Roy, 2 Pieces, FxJoaQcBkvw.mid",597
152704,152704,1/6,"Agnew, Roy, 2 Pieces, FxJoaQcBkvw.mid",598
152704,148608,7/12,"Agnew, Roy, 2 Pieces, FxJoaQcBkvw.mid",599
148608,17536,13/12,"Agnew, Roy, 2 Pieces, FxJoaQcBkvw.mid",600
17536,17536,1/12,"Agnew, Roy, 2 Pieces, FxJoaQcBkvw.mid",601
17536,17536,1/12,"Agnew, Roy, 2 Pieces, FxJoaQcBkvw.mid",602
17536,16512,1/12,"Agnew, Roy, 2 Pieces, FxJoaQcBkvw.mid",603
16512,128,1.0,"Agnew, Roy, 2 Pieces, FxJoaQcBkvw.mid",604
128,4256,1/3,"Agnew, Roy, 2 Pieces, FxJoaQcBkvw.mid",605
4256,37024,2/3,"Agnew, Roy, 2 Pieces, FxJoaQcBkvw.mid",606
37024,37024,0.5,"Agnew, Roy, 2 Pieces, FxJoaQcBkvw.mid",607
37024,53408,1/12,"Agnew, Roy, 2 Pieces, FxJoaQcBkvw.mid",608
53408,53408,2/3,"Agnew, Roy, 2 Pieces, FxJoaQcBkvw.mid",609
53408,53280,1/12,"Agnew, Roy, 2 Pieces, FxJoaQcBkvw.mid",610
53280,53408,2/3,"Agnew, Roy, 2 Pieces, FxJoaQcBkvw.mid",611
53408,53408,1/6,"Agnew, Roy, 2 Pieces, FxJoaQcBkvw.mid",612
53408,53408,1/12,"Agnew, Roy, 2 Pieces, FxJoaQcBkvw.mid",613
53408,53408,0.25,"Agnew, Roy, 2 Pieces, FxJoaQcBkvw.mid",614
53408,53408,1/6,"Agnew, Roy, 2 Pieces, FxJoaQcBkvw.mid",615
53408,53408,1/12,"Agnew, Roy, 2 Pieces, FxJoaQcBkvw.mid",616
53408,16520,1/12,"Agnew, Roy, 2 Pieces, FxJoaQcBkvw.mid",617
16520,1028,0.75,"Agnew, Roy, 2 Pieces, FxJoaQcBkvw.mid",618
1028,5152,0.25,"Agnew, Roy, 2 Pieces, FxJoaQcBkvw.mid",619
5152,5152,0.25,"Agnew, Roy, 2 Pieces, FxJoaQcBkvw.mid",620
5152,5152,0.25,"Agnew, Roy, 2 Pieces, FxJoaQcBkvw.mid",621
5152,21536,0.5,"Agnew, Roy, 2 Pieces, FxJoaQcBkvw.mid",622
21536,21536,1/3,"Agnew, Roy, 2 Pieces, FxJoaQcBkvw.mid",623
21536,54304,1/12,"Agnew, Roy, 2 Pieces, FxJoaQcBkvw.mid",624
54304,1068,1/12,"Agnew, Roy, 2 Pieces, FxJoaQcBkvw.mid",625
1068,8,1/6,"Agnew, Roy, 2 Pieces, FxJoaQcBkvw.mid",626
8,4744,1.0,"Agnew, Roy, 2 Pieces, FxJoaQcBkvw.mid",627
4744,4748,2/3,"Agnew, Roy, 2 Pieces, FxJoaQcBkvw.mid",628
4748,4740,1/6,"Agnew, Roy, 2 Pieces, FxJoaQcBkvw.mid",629
4740,4748,0.5,"Agnew, Roy, 2 Pieces, FxJoaQcBkvw.mid",630
4748,4748,1/6,"Agnew, Roy, 2 Pieces, FxJoaQcBkvw.mid",631
4748,4620,1/12,"Agnew, Roy, 2 Pieces, FxJoaQcBkvw.mid",632
4620,4748,2/3,"Agnew, Roy, 2 Pieces, FxJoaQcBkvw.mid",633
4748,140,1/12,"Agnew, Roy, 2 Pieces, FxJoaQcBkvw.mid",634
140,2245632,0.75,"Agnew, Roy, 2 Pieces, FxJoaQcBkvw.mid",635
2245632,148480,0.25,"Agnew, Roy, 2 Pieces, FxJoaQcBkvw.mid",636
148480,148608,0.5,"Agnew, Roy, 2 Pieces, FxJoaQcBkvw.mid",637
148608,214144,7/12,"Agnew, Roy, 2 Pieces, FxJoaQcBkvw.mid",638
214144,196736,1/6,"Agnew, Roy, 2 Pieces, FxJoaQcBkvw.mid",639
196736,214144,0.75,"Agnew, Roy, 2 Pieces, FxJoaQcBkvw.mid",640
214144,214144,1/3,"Agnew, Roy, 2 Pieces, FxJoaQcBkvw.mid",641
214144,214016,1/6,"Agnew, Roy, 2 Pieces, FxJoaQcBkvw.mid",642
214016,214144,0.5,"Agnew, Roy, 2 Pieces, FxJoaQcBkvw.mid",643
214144,214144,0.25,"Agnew, Roy, 2 Pieces, FxJoaQcBkvw.mid",644
214144,214656,1/6,"Agnew, Roy, 2 Pieces, FxJoaQcBkvw.mid",645
214656,83584,1/12,"Agnew, Roy, 2 Pieces, FxJoaQcBkvw.mid",646
83584,67072,1/12,"Agnew, Roy, 2 Pieces, FxJoaQcBkvw.mid",647
67072,512,1/12,"Agnew, Roy, 2 Pieces, FxJoaQcBkvw.mid",648
512,135680,1.0,"Agnew, Roy, 2 Pieces, FxJoaQcBkvw.mid",649
135680,135680,7/12,"Agnew, Roy, 2 Pieces, FxJoaQcBkvw.mid",650
135680,135680,1/12,"Agnew, Roy, 2 Pieces, FxJoaQcBkvw.mid",651
135680,4608,1/6,"Agnew, Roy, 2 Pieces, FxJoaQcBkvw.mid",652
4608,149,1/6,"Agnew, Roy, 2 Pieces, FxJoaQcBkvw.mid",653
149,1173,1/3,"Agnew, Roy, 2 Pieces, FxJoaQcBkvw.mid",654
1173,1173,0.5,"Agnew, Roy, 2 Pieces, FxJoaQcBkvw.mid",655
1173,1685,7/6,"Agnew, Roy, 2 Pieces, FxJoaQcBkvw.mid",656
1685,661,1/12,"Agnew, Roy, 2 Pieces, FxJoaQcBkvw.mid",657
661,1685,1.0,"Agnew, Roy, 2 Pieces, FxJoaQcBkvw.mid",658
1685,1,1/6,"Agnew, Roy, 2 Pieces, FxJoaQcBkvw.mid",659
1,128,0.5,"Agnew, Roy, 2 Pieces, FxJoaQcBkvw.mid",660
128,160,0.25,"Agnew, Roy, 2 Pieces, FxJoaQcBkvw.mid",661
160,32,0.25,"Agnew, Roy, 2 Pieces, FxJoaQcBkvw.mid",662
32,37408,1.0,"Agnew, Roy, 2 Pieces, FxJoaQcBkvw.mid",663
37408,37408,0.25,"Agnew, Roy, 2 Pieces, FxJoaQcBkvw.mid",664
37408,37408,0.5,"Agnew, Roy, 2 Pieces, FxJoaQcBkvw.mid",665
37408,2282496,1/12,"Agnew, Roy, 2 Pieces, FxJoaQcBkvw.mid",666
2282496,2282496,1/6,"Agnew, Roy, 2 Pieces, FxJoaQcBkvw.mid",667
2282496,152576,0.5,"Agnew, Roy, 2 Pieces, FxJoaQcBkvw.mid",668
152576,152576,1.0,"Agnew, Roy, 2 Pieces, FxJoaQcBkvw.mid",669
152576,152576,0.25,"Agnew, Roy, 2 Pieces, FxJoaQcBkvw.mid",670
152576,152576,0.25,"Agnew, Roy, 2 Pieces, FxJoaQcBkvw.mid",671
152576,152576,0.25,"Agnew, Roy, 2 Pieces, FxJoaQcBkvw.mid",672
152576,136192,1/12,"Agnew, Roy, 2 Pieces, FxJoaQcBkvw.mid",673
136192,1572,1/6,"Agnew, Roy, 2 Pieces, FxJoaQcBkvw.mid",674
1572,516,1/6,"Agnew, Roy, 2 Pieces, FxJoaQcBkvw.mid",675
516,548,13/12,"Agnew, Roy, 2 Pieces, FxJoaQcBkvw.mid",676
548,548,1/6,"Agnew, Roy, 2 Pieces, FxJoaQcBkvw.mid",677
548,548,11/12,"Agnew, Roy, 2 Pieces, FxJoaQcBkvw.mid",678
548,32,1/6,"Agnew, Roy, 2 Pieces, FxJoaQcBkvw.mid",679
32,145,0.75,"Agnew, Roy, 2 Pieces, FxJoaQcBkvw.mid",680
145,145,2/3,"Agnew, Roy, 2 Pieces, FxJoaQcBkvw.mid",681
145,1169,19/12,"Agnew, Roy, 2 Pieces, FxJoaQcBkvw.mid",682
1169,1057,1/12,"Agnew, Roy, 2 Pieces, FxJoaQcBkvw.mid",683
1057,33,5/3,"Agnew, Roy, 2 Pieces, FxJoaQcBkvw.mid",684
33,33,1.5,"Agnew, Roy, 2 Pieces, FxJoaQcBkvw.mid",685
33,49,1/12,"Agnew, Roy, 2 Pieces, FxJoaQcBkvw.mid",686
49,49,29/12,"Agnew, Roy, 2 Pieces, FxJoaQcBkvw.mid",687
49,49,4.0,"Agnew, Roy, 2 Pieces, FxJoaQcBkvw.mid",688
49,49,2.25,"Agnew, Roy, 2 Pieces, FxJoaQcBkvw.mid",689
49,17,7/12,"Agnew, Roy, 2 Pieces, FxJoaQcBkvw.mid",690
0,65600,0.25,"Agnew, Roy, 2 Songs, FxJoaQcBkvw.mid",0
65600,16,5/12,"Agnew, Roy, 2 Songs, FxJoaQcBkvw.mid",1
16,16,1/12,"Agnew, Roy, 2 Songs, FxJoaQcBkvw.mid",2
16,32,2/3,"Agnew, Roy, 2 Songs, FxJoaQcBkvw.mid",3
32,131584,2/3,"Agnew, Roy, 2 Songs, FxJoaQcBkvw.mid",4
131584,135680,0.25,"Agnew, Roy, 2 Songs, FxJoaQcBkvw.mid",5
135680,135680,1/6,"Agnew, Roy, 2 Songs, FxJoaQcBkvw.mid",6
135680,4608,1/6,"Agnew, Roy, 2 Songs, FxJoaQcBkvw.mid",7
4608,71680,1/12,"Agnew, Roy, 2 Songs, FxJoaQcBkvw.mid",8
71680,67584,1/6,"Agnew, Roy, 2 Songs, FxJoaQcBkvw.mid",9
67584,16,0.25,"Agnew, Roy, 2 Songs, FxJoaQcBkvw.mid",10
16,65664,7/12,"Agnew, Roy, 2 Songs, FxJoaQcBkvw.mid",11
65664,69760,5/12,"Agnew, Roy, 2 Songs, FxJoaQcBkvw.mid",12
69760,69760,0.25,"Agnew, Roy, 2 Songs, FxJoaQcBkvw.mid",13
69760,69760,0.5,"Agnew, Roy, 2 Songs, FxJoaQcBkvw.mid",14
69760,86144,0.5,"Agnew, Roy, 2 Songs, FxJoaQcBkvw.mid",15
86144,86144,2/3,"Agnew, Roy, 2 Songs, FxJoaQcBkvw.mid",16
86144,530432,1/12,"Agnew, Roy, 2 Songs, FxJoaQcBkvw.mid",17
530432,530432,1/6,"Agnew, Roy, 2 Songs, FxJoaQcBkvw.mid",18
530432,4224,1/3,"Agnew, Roy, 2 Songs, FxJoaQcBkvw.mid",19
4224,4256,0.75,"Agnew, Roy, 2 Songs, FxJoaQcBkvw.mid",20
4256,4768,5/12,"Agnew, Roy, 2 Songs, FxJoaQcBkvw.mid",21
4768,4640,1/12,"Agnew, Roy, 2 Songs, FxJoaQcBkvw.mid",22
4640,4608,1/6,"Agnew, Roy, 2 Songs, FxJoaQcBkvw.mid",23
4608,4112,1/3,"Agnew, Roy, 2 Songs, FxJoaQcBkvw.mid",24
4112,4112,5/3,"Agnew, Roy, 2 Songs, FxJoaQcBkvw.mid",25
4112,4100,1.25,"Agnew, Roy, 2 Songs, FxJoaQcBkvw.mid",26
4100,4,1/3,"Agnew, Roy, 2 Songs, FxJoaQcBkvw.mid",27
4,2052,1/12,"Agnew, Roy, 2 Songs, FxJoaQcBkvw.mid",28
2052,2048,2/3,"Agnew, Roy, 2 Songs, FxJoaQcBkvw.mid",29
2048,1,1.0,"Agnew, Roy, 2 Songs, FxJoaQcBkvw.mid",30
1,17,0.25,"Agnew, Roy, 2 Songs, FxJoaQcBkvw.mid",31
17,71680,5/12,"Agnew, Roy, 2 Songs, FxJoaQcBkvw.mid",32
71680,595968,1/3,"Agnew, Roy, 2 Songs, FxJoaQcBkvw.mid",33
595968,144,1/6,"Agnew, Roy, 2 Songs, FxJoaQcBkvw.mid",34
144,16,1/12,"Agnew, Roy, 2 Songs, FxJoaQcBkvw.mid",35
16,2048,0.5,"Agnew, Roy, 2 Songs, FxJoaQcBkvw.mid",36
2048,2052,0.75,"Agnew, Roy, 2 Songs, FxJoaQcBkvw.mid",37
2052,2564,0.5,"Agnew, Roy, 2 Songs, FxJoaQcBkvw.mid",38
2564,2692,0.75,"Agnew, Roy, 2 Songs, FxJoaQcBkvw.mid",39
2692,2692,0.25,"Agnew, Roy, 2 Songs, FxJoaQcBkvw.mid",40
2692,2756,0.5,"Agnew, Roy, 2 Songs, FxJoaQcBkvw.mid",41
2756,2756,0.5,"Agnew, Roy, 2 Songs, FxJoaQcBkvw.mid",42
2756,128,2/3,"Agnew, Roy, 2 Songs, FxJoaQcBkvw.mid",43
128,128,7/12,"Agnew, Roy, 2 Songs, FxJoaQcBkvw.mid",44
128,16512,0.5,"Agnew, Roy, 2 Songs, FxJoaQcBkvw.mid",45
16512,18560,0.25,"Agnew, Roy, 2 Songs, FxJoaQcBkvw.mid",46
18560,18560,1/3,"Agnew, Roy, 2 Songs, FxJoaQcBkvw.mid",47
18560,18560,5/12,"Agnew, Roy, 2 Songs, FxJoaQcBkvw.mid",48
18560,16512,0.25,"Agnew, Roy, 2 Songs, FxJoaQcBkvw.mid",49
16512,16512,1/3,"Agnew, Roy, 2 Songs, FxJoaQcBkvw.mid",50
16512,16512,1/12,"Agnew, Roy, 2 Songs, FxJoaQcBkvw.mid",51
16512,132,1/12,"Agnew, Roy, 2 Songs, FxJoaQcBkvw.mid",52
132,16512,1/6,"Agnew, Roy, 2 Songs, FxJoaQcBkvw.mid",53
16512,67616,0.25,"Agnew, Roy, 2 Songs, FxJoaQcBkvw.mid",54
67616,65568,1/3,"Agnew, Roy, 2 Songs, FxJoaQcBkvw.mid",55
65568,81952,0.5,"Agnew, Roy, 2 Songs, FxJoaQcBkvw.mid",56
81952,81952,1/6,"Agnew, Roy, 2 Songs, FxJoaQcBkvw.mid",57
81952,81952,1/6,"Agnew, Roy, 2 Songs, FxJoaQcBkvw.mid",58
81952,32,1/12,"Agnew, Roy, 2 Songs, FxJoaQcBkvw.mid",59
32,4240,2/3,"Agnew, Roy, 2 Songs, FxJoaQcBkvw.mid",60
4240,4240,1/3,"Agnew, Roy, 2 Songs, FxJoaQcBkvw.mid",61
4240,144,1/6,"Agnew, Roy, 2 Songs, FxJoaQcBkvw.mid",62
144,4240,1/3,"Agnew, Roy, 2 Songs, FxJoaQcBkvw.mid",63
4240,1,1/6,"Agnew, Roy, 2 Songs, FxJoaQcBkvw.mid",64
1,4128,0.25,"Agnew, Roy, 2 Songs, FxJoaQcBkvw.mid",65
4128,4132,0.5,"Agnew, Roy, 2 Songs, FxJoaQcBkvw.mid",66
4132,4644,1/6,"Agnew, Roy, 2 Songs, FxJoaQcBkvw.mid",67
4644,4644,1/12,"Agnew, Roy, 2 Songs, FxJoaQcBkvw.mid",68
4644,4644,1/3,"Agnew, Roy, 2 Songs, FxJoaQcBkvw.mid",69
4644,549,1/12,"Agnew, Roy, 2 Songs, FxJoaQcBkvw.mid",70
549,549,0.25,"Agnew, Roy, 2 Songs, FxJoaQcBkvw.mid",71
549,517,1/12,"Agnew, Roy, 2 Songs, FxJoaQcBkvw.mid",72
517,513,1/12,"Agnew, Roy, 2 Songs, FxJoaQcBkvw.mid",73
513,542720,0.5,"Agnew, Roy, 2 Songs, FxJoaQcBkvw.mid",74
542720,542720,0.5,"Agnew, Roy, 2 Songs, FxJoaQcBkvw.mid",75
542720,542720,0.25,"Agnew, Roy, 2 Songs, FxJoaQcBkvw.mid",76
542720,18576,0.5,"Agnew, Roy, 2 Songs, FxJoaQcBkvw.mid",77
18576,591872,1/6,"Agnew, Roy, 2 Songs, FxJoaQcBkvw.mid",78
591872,2048,1/12,"Agnew, Roy, 2 Songs, FxJoaQcBkvw.mid",79
2048,18464,2/3,"Agnew, Roy, 2 Songs, FxJoaQcBkvw.mid",80
18464,18464,0.5,"Agnew, Roy, 2 Songs, FxJoaQcBkvw.mid",81
18464,18464,1/12,"Agnew, Roy, 2 Songs, FxJoaQcBkvw.mid",82
18464,18592,5/12,"Agnew, Roy, 2 Songs, FxJoaQcBkvw.mid",83
18592,132,1/12,"Agnew, Roy, 2 Songs, FxJoaQcBkvw.mid",84
132,144,7/12,"Agnew, Roy, 2 Songs, FxJoaQcBkvw.mid",85
144,4240,2/3,"Agnew, Roy, 2 Songs, FxJoaQcBkvw.mid",86
4240,4240,0.5,"Agnew, Roy, 2 Songs, FxJoaQcBkvw.mid",87
4240,129,1/12,"Agnew, Roy, 2 Songs, FxJoaQcBkvw.mid",88
129,128,1/6,"Agnew, Roy, 2 Songs, FxJoaQcBkvw.mid",89
128,4644,0.75,"Agnew, Roy, 2 Songs, FxJoaQcBkvw.mid",90
4644,4644,0.25,"Agnew, Roy, 2 Songs, FxJoaQcBkvw.mid",91
4644,152192,7/12,"Agnew, Roy, 2 Songs, FxJoaQcBkvw.mid",92
152192,154240,2/3,"Agnew, Roy, 2 Songs, FxJoaQcBkvw.mid",93
154240,23040,1/12,"Agnew, Roy, 2 Songs, FxJoaQcBkvw.mid",94
23040,2560,1/6,"Agnew, Roy, 2 Songs, FxJoaQcBkvw.mid",95
2560,512,1/12,"Agnew, Roy, 2 Songs, FxJoaQcBkvw.mid",96
512,659968,2/3,"Agnew, Roy, 2 Songs, FxJoaQcBkvw.mid",97
659968,659968,0.25,"Agnew, Roy, 2 Songs, FxJoaQcBkvw.mid",98
659968,725504,0.5,"Agnew, Roy, 2 Songs, FxJoaQcBkvw.mid",99
725504,4272,1/12,"Agnew, Roy, 2 Songs, FxJoaQcBkvw.mid",100
4272,4112,1/6,"Agnew, Roy, 2 Songs, FxJoaQcBkvw.mid",101
4112,67712,1.0,"Agnew, Roy, 2 Songs, FxJoaQcBkvw.mid",102
67712,4640,1.0,"Agnew, Roy, 2 Songs, FxJoaQcBkvw.mid",103
4640,4640,0.5,"Agnew, Roy, 2 Songs, FxJoaQcBkvw.mid",104
4640,4640,1/3,"Agnew, Roy, 2 Songs, FxJoaQcBkvw.mid",105
4640,6688,2/3,"Agnew, Roy, 2 Songs, FxJoaQcBkvw.mid",106
6688,6688,1/12,"Agnew, Roy, 2 Songs, FxJoaQcBkvw.mid",107
6688,6688,0.25,"Agnew, Roy, 2 Songs, FxJoaQcBkvw.mid",108
6688,6688,7/6,"Agnew, Roy, 2 Songs, FxJoaQcBkvw.mid",109
6688,72224,1.5,"Agnew, Roy, 2 Songs, FxJoaQcBkvw.mid",110
72224,4640,5/6,"Agnew, Roy, 2 Songs, FxJoaQcBkvw.mid",111
4640,71680,0.75,"Agnew, Roy, 2 Songs, FxJoaQcBkvw.mid",112
71680,6144,1/12,"Agnew, Roy, 2 Songs, FxJoaQcBkvw.mid",113
6144,2048,1/6,"Agnew, Roy, 2 Songs, FxJoaQcBkvw.mid",114
2048,512,0.75,"Agnew, Roy, 2 Songs, FxJoaQcBkvw.mid",115
512,4608,0.25,"Agnew, Roy, 2 Songs, FxJoaQcBkvw.mid",116
4608,4608,5/12,"Agnew, Roy, 2 Songs, FxJoaQcBkvw.mid",117
4608,4624,7/12,"Agnew, Roy, 2 Songs, FxJoaQcBkvw.mid",118
4624,4752,5/12,"Agnew, Roy, 2 Songs, FxJoaQcBkvw.mid",119
4752,640,1/12,"Agnew, Roy, 2 Songs, FxJoaQcBkvw.mid",120
640,2048,0.25,"Agnew, Roy, 2 Songs, FxJoaQcBkvw.mid",121
2048,2048,1/3,"Agnew, Roy, 2 Songs, FxJoaQcBkvw.mid",122
2048,2052,5/12,"Agnew, Roy, 2 Songs, FxJoaQcBkvw.mid",123
2052,2564,0.75,"Agnew, Roy, 2 Songs, FxJoaQcBkvw.mid",124
2564,2692,0.5,"Agnew, Roy, 2 Songs, FxJoaQcBkvw.mid",125
2692,2692,1/3,"Agnew, Roy, 2 Songs, FxJoaQcBkvw.mid",126
2692,2756,5/12,"Agnew, Roy, 2 Songs, FxJoaQcBkvw.mid",127
2756,2756,1/3,"Agnew, Roy, 2 Songs, FxJoaQcBkvw.mid",128
2756,2688,1/12,"Agnew, Roy, 2 Songs, FxJoaQcBkvw.mid",129
2688,2560,1/12,"Agnew, Roy, 2 Songs, FxJoaQcBkvw.mid",130
2560,2048,1/12,"Agnew, Roy, 2 Songs, FxJoaQcBkvw.mid",131
2048,526336,1/6,"Agnew, Roy, 2 Songs, FxJoaQcBkvw.mid",132
526336,128,0.5,"Agnew, Roy, 2 Songs, FxJoaQcBkvw.mid",133
128,128,1/3,"Agnew, Roy, 2 Songs, FxJoaQcBkvw.mid",134
128,16512,2/3,"Agnew, Roy, 2 Songs, FxJoaQcBkvw.mid",135
16512,18560,2/3,"Agnew, Roy, 2 Songs, FxJoaQcBkvw.mid",136
18560,84096,7/12,"Agnew, Roy, 2 Songs, FxJoaQcBkvw.mid",137
84096,84096,1/12,"Agnew, Roy, 2 Songs, FxJoaQcBkvw.mid",138
84096,2048,1/6,"Agnew, Roy, 2 Songs, FxJoaQcBkvw.mid",139
2048,65664,2/3,"Agnew, Roy, 2 Songs, FxJoaQcBkvw.mid",140
65664,36,2/3,"Agnew, Roy, 2 Songs, FxJoaQcBkvw.mid",141
36,36,0.25,"Agnew, Roy, 2 Songs, FxJoaQcBkvw.mid",142
36,548,0.25,"Agnew, Roy, 2 Songs, FxJoaQcBkvw.mid",143
548,548,0.25,"Agnew, Roy, 2 Songs, FxJoaQcBkvw.mid",144
548,4644,0.25,"Agnew, Roy, 2 Songs, FxJoaQcBkvw.mid",145
4644,4644,1/12,"Agnew, Roy, 2 Songs, FxJoaQcBkvw.mid",146
4644,4608,1/6,"Agnew, Roy, 2 Songs, FxJoaQcBkvw.mid",147
4608,16,0.5,"Agnew, Roy, 2 Songs, FxJoaQcBkvw.mid",148
16,65664,2/3,"Agnew, Roy, 2 Songs, FxJoaQcBkvw.mid",149
65664,196736,7/12,"Agnew, Roy, 2 Songs, FxJoaQcBkvw.mid",150
196736,198784,0.5,"Agnew, Roy, 2 Songs, FxJoaQcBkvw.mid",151
198784,215168,0.25,"Agnew, Roy, 2 Songs, FxJoaQcBkvw.mid",152
215168,215168,0.5,"Agnew, Roy, 2 Songs, FxJoaQcBkvw.mid",153
215168,215168,0.5,"Agnew, Roy, 2 Songs, FxJoaQcBkvw.mid",154
215168,215168,1/12,"Agnew, Roy, 2 Songs, FxJoaQcBkvw.mid",155
215168,198784,1/12,"Agnew, Roy, 2 Songs, FxJoaQcBkvw.mid",156
198784,67712,1/12,"Agnew, Roy, 2 Songs, FxJoaQcBkvw.mid",157
67712,1,5/12,"Agnew, Roy, 2 Songs, FxJoaQcBkvw.mid",158
1,1,7/12,"Agnew, Roy, 2 Songs, FxJoaQcBkvw.mid",159
1,129,0.5,"Agnew, Roy, 2 Songs, FxJoaQcBkvw.mid",160
129,145,0.75,"Agnew, Roy, 2 Songs, FxJoaQcBkvw.mid",161
145,145,0.5,"Agnew, Roy, 2 Songs, FxJoaQcBkvw.mid",162
145,145,0.5,"Agnew, Roy, 2 Songs, FxJoaQcBkvw.mid",163
145,129,1/6,"Agnew, Roy, 2 Songs, FxJoaQcBkvw.mid",164
129,4224,1/12,"Agnew, Roy, 2 Songs, FxJoaQcBkvw.mid",165
4224,529,0.5,"Agnew, Roy, 2 Songs, FxJoaQcBkvw.mid",166
529,657,1/6,"Agnew, Roy, 2 Songs, FxJoaQcBkvw.mid",167
657,657,1/3,"Agnew, Roy, 2 Songs, FxJoaQcBkvw.mid",168
657,657,1/3,"Agnew, Roy, 2 Songs, FxJoaQcBkvw.mid",169
657,145,1/6,"Agnew, Roy, 2 Songs, FxJoaQcBkvw.mid",170
145,542720,0.5,"Agnew, Roy, 2 Songs, FxJoaQcBkvw.mid",171
542720,18432,1/12,"Agnew, Roy, 2 Songs, FxJoaQcBkvw.mid",172
18432,542720,0.5,"Agnew, Roy, 2 Songs, FxJoaQcBkvw.mid",173
542720,542720,0.25,"Agnew, Roy, 2 Songs, FxJoaQcBkvw.mid",174
542720,542720,1/6,"Agnew, Roy, 2 Songs, FxJoaQcBkvw.mid",175
542720,132,1/12,"Agnew, Roy, 2 Songs, FxJoaQcBkvw.mid",176
132,128,1/12,"Agnew, Roy, 2 Songs, FxJoaQcBkvw.mid",177
128,528896,1/12,"Agnew, Roy, 2 Songs, FxJoaQcBkvw.mid",178
528896,528896,7/12,"Agnew, Roy, 2 Songs, FxJoaQcBkvw.mid",179
528896,594432,0.5,"Agnew, Roy, 2 Songs, FxJoaQcBkvw.mid",180
594432,70272,0.5,"Agnew, Roy, 2 Songs, FxJoaQcBkvw.mid",181
70272,16960,0.5,"Agnew, Roy, 2 Songs, FxJoaQcBkvw.mid",182
16960,16960,0.25,"Agnew, Roy, 2 Songs, FxJoaQcBkvw.mid",183
16960,516,1/3,"Agnew, Roy, 2 Songs, FxJoaQcBkvw.mid",184
516,2564,5/12,"Agnew, Roy, 2 Songs, FxJoaQcBkvw.mid",185
2564,2564,1/12,"Agnew, Roy, 2 Songs, FxJoaQcBkvw.mid",186
2564,16896,1/6,"Agnew, Roy, 2 Songs, FxJoaQcBkvw.mid",187
16896,577,2/3,"Agnew, Roy, 2 Songs, FxJoaQcBkvw.mid",188
577,577,7/12,"Agnew, Roy, 2 Songs, FxJoaQcBkvw.mid",189
577,581,0.25,"Agnew, Roy, 2 Songs, FxJoaQcBkvw.mid",190
581,16896,1/6,"Agnew, Roy, 2 Songs, FxJoaQcBkvw.mid",191
16896,4,1/12,"Agnew, Roy, 2 Songs, FxJoaQcBkvw.mid",192
4,18432,0.75,"Agnew, Roy, 2 Songs, FxJoaQcBkvw.mid",193
18432,542720,0.25,"Agnew, Roy, 2 Songs, FxJoaQcBkvw.mid",194
542720,18560,0.25,"Agnew, Roy, 2 Songs, FxJoaQcBkvw.mid",195
18560,18560,5/12,"Agnew, Roy, 2 Songs, FxJoaQcBkvw.mid",196
18560,16512,1/12,"Agnew, Roy, 2 Songs, FxJoaQcBkvw.mid",197
16512,70208,0.25,"Agnew, Roy, 2 Songs, FxJoaQcBkvw.mid",198
70208,70144,1/3,"Agnew, Roy, 2 Songs, FxJoaQcBkvw.mid",199
70144,4628,1/12,"Agnew, Roy, 2 Songs, FxJoaQcBkvw.mid",200
4628,4628,1/12,"Agnew, Roy, 2 Songs, FxJoaQcBkvw.mid",201
4628,6676,0.25,"Agnew, Roy, 2 Songs, FxJoaQcBkvw.mid",202
6676,4628,0.25,"Agnew, Roy, 2 Songs, FxJoaQcBkvw.mid",203
4628,4692,1/3,"Agnew, Roy, 2 Songs, FxJoaQcBkvw.mid",204
4692,328192,1/6,"Agnew, Roy, 2 Songs, FxJoaQcBkvw.mid",205
328192,592,1/6,"Agnew, Roy, 2 Songs, FxJoaQcBkvw.mid",206
592,16,1/12,"Agnew, Roy, 2 Songs, FxJoaQcBkvw.mid",207
16,20624,11/12,"Agnew, Roy, 2 Songs, FxJoaQcBkvw.mid",208
20624,22672,5/12,"Agnew, Roy, 2 Songs, FxJoaQcBkvw.mid",209
22672,2192,1/12,"Agnew, Roy, 2 Songs, FxJoaQcBkvw.mid",210
2192,526336,0.25,"Agnew, Roy, 2 Songs, FxJoaQcBkvw.mid",211
526336,280704,0.5,"Agnew, Roy, 2 Songs, FxJoaQcBkvw.mid",212
280704,280704,7/12,"Agnew, Roy, 2 Songs, FxJoaQcBkvw.mid",213
280704,2116,1/12,"Agnew, Roy, 2 Songs, FxJoaQcBkvw.mid",214
2116,280576,1/12,"Agnew, Roy, 2 Songs, FxJoaQcBkvw.mid",215
280576,595968,1/6,"Agnew, Roy, 2 Songs, FxJoaQcBkvw.mid",216
595968,595968,13/12,"Agnew, Roy, 2 Songs, FxJoaQcBkvw.mid",217
595968,145,0.75,"Agnew, Roy, 2 Songs, FxJoaQcBkvw.mid",218
145,209,0.5,"Agnew, Roy, 2 Songs, FxJoaQcBkvw.mid",219
209,145,1/6,"Agnew, Roy, 2 Songs, FxJoaQcBkvw.mid",220
145,16,1/12,"Agnew, Roy, 2 Songs, FxJoaQcBkvw.mid",221
16,65664,0.5,"Agnew, Roy, 2 Songs, FxJoaQcBkvw.mid",222
65664,65664,0.75,"Agnew, Roy, 2 Songs, FxJoaQcBkvw.mid",223
65664,67712,3.25,"Agnew, Roy, 2 Songs, FxJoaQcBkvw.mid",224
67712,16,1.0,"Agnew, Roy, 2 Songs, FxJoaQcBkvw.mid",225
16,591872,0.25,"Agnew, Roy, 2 Songs, FxJoaQcBkvw.mid",226
591872,144,0.5,"Agnew, Roy, 2 Songs, FxJoaQcBkvw.mid",227
144,591872,0.5,"Agnew, Roy, 2 Songs, FxJoaQcBkvw.mid",228
591872,608256,0.5,"Agnew, Roy, 2 Songs, FxJoaQcBkvw.mid",229
608256,264192,0.25,"Agnew, Roy, 2 Songs, FxJoaQcBkvw.mid",230
264192,64,5/12,"Agnew, Roy, 2 Songs, FxJoaQcBkvw.mid",231
64,262656,1/3,"Agnew, Roy, 2 Songs, FxJoaQcBkvw.mid",232
262656,262656,0.25,"Agnew, Roy, 2 Songs, FxJoaQcBkvw.mid",233
262656,786944,0.75,"Agnew, Roy, 2 Songs, FxJoaQcBkvw.mid",234
786944,795136,1/3,"Agnew, Roy, 2 Songs, FxJoaQcBkvw.mid",235
795136,860672,1/6,"Agnew, Roy, 2 Songs, FxJoaQcBkvw.mid",236
860672,860672,0.25,"Agnew, Roy, 2 Songs, FxJoaQcBkvw.mid",237
860672,860672,0.25,"Agnew, Roy, 2 Songs, FxJoaQcBkvw.mid",238
860672,860672,1/6,"Agnew, Roy, 2 Songs, FxJoaQcBkvw.mid",239
860672,860672,1/12,"Agnew, Roy, 2 Songs, FxJoaQcBkvw.mid",240
860672,860672,1/3,"Agnew, Roy, 2 Songs, FxJoaQcBkvw.mid",241
860672,795136,1/12,"Agnew, Roy, 2 Songs, FxJoaQcBkvw.mid",242
795136,65664,1/12,"Agnew, Roy, 2 Songs, FxJoaQcBkvw.mid",243
65664,16,0.5,"Agnew, Roy, 2 Songs, FxJoaQcBkvw.mid",244
16,20,0.5,"Agnew, Roy, 2 Songs, FxJoaQcBkvw.mid",245
20,4116,0.25,"Agnew, Roy, 2 Songs, FxJoaQcBkvw.mid",246
4116,4116,0.5,"Agnew, Roy, 2 Songs, FxJoaQcBkvw.mid",247
4116,4628,0.5,"Agnew, Roy, 2 Songs, FxJoaQcBkvw.mid",248
4628,4692,2/3,"Agnew, Roy, 2 Songs, FxJoaQcBkvw.mid",249
4692,4692,1/12,"Agnew, Roy, 2 Songs, FxJoaQcBkvw.mid",250
4692,4692,2/3,"Agnew, Roy, 2 Songs, FxJoaQcBkvw.mid",251
4692,580,1/12,"Agnew, Roy, 2 Songs, FxJoaQcBkvw.mid",252
580,16,1/6,"Agnew, Roy, 2 Songs, FxJoaQcBkvw.mid",253
16,52,1/12,"Agnew, Roy, 2 Songs, FxJoaQcBkvw.mid",254
52,36,11/12,"Agnew, Roy, 2 Songs, FxJoaQcBkvw.mid",255
36,548,1/3,"Agnew, Roy, 2 Songs, FxJoaQcBkvw.mid",256
548,548,1/3,"Agnew, Roy, 2 Songs, FxJoaQcBkvw.mid",257
548,4644,1/3,"Agnew, Roy, 2 Songs, FxJoaQcBkvw.mid",258
4644,4608,0.25,"Agnew, Roy, 2 Songs, FxJoaQcBkvw.mid",259
4608,1,1/12,"Agnew, Roy, 2 Songs, FxJoaQcBkvw.mid",260
1,67584,0.25,"Agnew, Roy, 2 Songs, FxJoaQcBkvw.mid",261
67584,16,0.25,"Agnew, Roy, 2 Songs, FxJoaQcBkvw.mid",262
16,65664,0.5,"Agnew, Roy, 2 Songs, FxJoaQcBkvw.mid",263
65664,196736,2/3,"Agnew, Roy, 2 Songs, FxJoaQcBkvw.mid",264
196736,198784,2/3,"Agnew, Roy, 2 Songs, FxJoaQcBkvw.mid",265
198784,215168,1/3,"Agnew, Roy, 2 Songs, FxJoaQcBkvw.mid",266
215168,215168,1/3,"Agnew, Roy, 2 Songs, FxJoaQcBkvw.mid",267
215168,215168,0.5,"Agnew, Roy, 2 Songs, FxJoaQcBkvw.mid",268
215168,18560,1/6,"Agnew, Roy, 2 Songs, FxJoaQcBkvw.mid",269
18560,128,1/12,"Agnew, Roy, 2 Songs, FxJoaQcBkvw.mid",270
128,1,0.5,"Agnew, Roy, 2 Songs, FxJoaQcBkvw.mid",271
1,1,0.5,"Agnew, Roy, 2 Songs, FxJoaQcBkvw.mid",272
1,129,0.75,"Agnew, Roy, 2 Songs, FxJoaQcBkvw.mid",273
129,145,0.5,"Agnew, Roy, 2 Songs, FxJoaQcBkvw.mid",274
145,149,2/3,"Agnew, Roy, 2 Songs, FxJoaQcBkvw.mid",275
149,149,1/12,"Agnew, Roy, 2 Songs, FxJoaQcBkvw.mid",276
149,149,0.25,"Agnew, Roy, 2 Songs, FxJoaQcBkvw.mid",277
149,149,1/3,"Agnew, Roy, 2 Songs, FxJoaQcBkvw.mid",278
149,129,1/12,"Agnew, Roy, 2 Songs, FxJoaQcBkvw.mid",279
129,1,1/12,"Agnew, Roy, 2 Songs, FxJoaQcBkvw.mid",280
1,2164736,5/6,"Agnew, Roy, 2 Songs, FxJoaQcBkvw.mid",281
2164736,2689024,2/3,"Agnew, Roy, 2 Songs, FxJoaQcBkvw.mid",282
2689024,591872,1/12,"Agnew, Roy, 2 Songs, FxJoaQcBkvw.mid",283
591872,2689024,5/12,"Agnew, Roy, 2 Songs, FxJoaQcBkvw.mid",284
2689024,640,1/12,"Agnew, Roy, 2 Songs, FxJoaQcBkvw.mid",285
640,2099200,0.25,"Agnew, Roy, 2 Songs, FxJoaQcBkvw.mid",286
2099200,70144,1.0,"Agnew, Roy, 2 Songs, FxJoaQcBkvw.mid",287
70144,70144,0.5,"Agnew, Roy, 2 Songs, FxJoaQcBkvw.mid",288
70144,70144,0.5,"Agnew, Roy, 2 Songs, FxJoaQcBkvw.mid",289
70144,1,0.25,"Agnew, Roy, 2 Songs, FxJoaQcBkvw.mid",290
1,69760,0.75,"Agnew, Roy, 2 Songs, FxJoaQcBkvw.mid",291
69760,71808,2/3,"Agnew, Roy, 2 Songs, FxJoaQcBkvw.mid",292
71808,71808,1/12,"Agnew, Roy, 2 Songs, FxJoaQcBkvw.mid",293
71808,71808,0.75,"Agnew, Roy, 2 Songs, FxJoaQcBkvw.mid",294
71808,17,0.25,"Agnew, Roy, 2 Songs, FxJoaQcBkvw.mid",295
17,70176,0.25,"Agnew, Roy, 2 Songs, FxJoaQcBkvw.mid",296
70176,70176,0.75,"Agnew, Roy, 2 Songs, FxJoaQcBkvw.mid",297
70176,72224,2/3,"Agnew, Roy, 2 Songs, FxJoaQcBkvw.mid",298
72224,68128,1/12,"Agnew, Roy, 2 Songs, FxJoaQcBkvw.mid",299
68128,72224,0.5,"Agnew, Roy, 2 Songs, FxJoaQcBkvw.mid",300
72224,2593,1/12,"Agnew, Roy, 2 Songs, FxJoaQcBkvw.mid",301
2593,545,1/6,"Agnew, Roy, 2 Songs, FxJoaQcBkvw.mid",302
545,545,0.75,"Agnew, Roy, 2 Songs, FxJoaQcBkvw.mid",303
545,2593,1.0,"Agnew, Roy, 2 Songs, FxJoaQcBkvw.mid",304
2593,2049,1/6,"Agnew, Roy, 2 Songs, FxJoaQcBkvw.mid",305
2049,2049,1/12,"Agnew, Roy, 2 Songs, FxJoaQcBkvw.mid",306
2049,18464,1.0,"Agnew, Roy, 2 Songs, FxJoaQcBkvw.mid",307
18464,18432,1/12,"Agnew, Roy, 2 Songs, FxJoaQcBkvw.mid",308
18432,83968,1/6,"Agnew, Roy, 2 Songs, FxJoaQcBkvw.mid",309
83968,83968,1/12,"Agnew, Roy, 2 Songs, FxJoaQcBkvw.mid",310
83968,18448,1/12,"Agnew, Roy, 2 Songs, FxJoaQcBkvw.mid",311
18448,18576,13/12,"Agnew, Roy, 2 Songs, FxJoaQcBkvw.mid",312
18576,16528,1.25,"Agnew, Roy, 2 Songs, FxJoaQcBkvw.mid",313
16528,16528,10/3,"Agnew, Roy, 2 Songs, FxJoaQcBkvw.mid",314
16528,18576,2/3,"Agnew, Roy, 2 Songs, FxJoaQcBkvw.mid",315
18576,18576,1/3,"Agnew, Roy, 2 Songs, FxJoaQcBkvw.mid",316
18576,18576,1/6,"Agnew, Roy, 2 Songs, FxJoaQcBkvw.mid",317
18576,18576,7/12,"Agnew, Roy, 2 Songs, FxJoaQcBkvw.mid",318
18576,16528,1/6,"Agnew, Roy, 2 Songs, FxJoaQcBkvw.mid",319
16528,149,1/12,"Agnew, Roy, 2 Songs, FxJoaQcBkvw.mid",320
149,17,11/12,"Agnew, Roy, 2 Songs, FxJoaQcBkvw.mid",321
17,145,0.5,"Agnew, Roy, 2 Songs, FxJoaQcBkvw.mid",322
145,594432,0.5,"Agnew, Roy, 2 Songs, FxJoaQcBkvw.mid",323
594432,596480,0.75,"Agnew, Roy, 2 Songs, FxJoaQcBkvw.mid",324
596480,596480,11/12,"Agnew, Roy, 2 Songs, FxJoaQcBkvw.mid",325
596480,592384,1/12,"Agnew, Roy, 2 Songs, FxJoaQcBkvw.mid",326
592384,69760,0.25,"Agnew, Roy, 2 Songs, FxJoaQcBkvw.mid",327
69760,145,2.75,"Agnew, Roy, 2 Songs, FxJoaQcBkvw.mid",328
145,16,5.25,"Agnew, Roy, 2 Songs, FxJoaQcBkvw.mid",329
16,145,4.0,"Agnew, Roy, 2 Songs, FxJoaQcBkvw.mid",330
145,145,4.0,"Agnew, Roy, 2 Songs, FxJoaQcBkvw.mid",331
145,145,1.0,"Agnew, Roy, 2 Songs, FxJoaQcBkvw.mid",332
145,1,1/3,"Agnew, Roy, 2 Songs, FxJoaQcBkvw.mid",333
1,1,5/12,"Agnew, Roy, 2 Songs, FxJoaQcBkvw.mid",334
1,32,0.25,"Agnew, Roy, 2 Songs, FxJoaQcBkvw.mid",335
32,131328,1.0,"Agnew, Roy, 2 Songs, FxJoaQcBkvw.mid",336
131328,417,0.75,"Agnew, Roy, 2 Songs, FxJoaQcBkvw.mid",337
417,417,5/6,"Agnew, Roy, 2 Songs, FxJoaQcBkvw.mid",338
417,425,5/12,"Agnew, Roy, 2 Songs, FxJoaQcBkvw.mid",339
425,37152,1/12,"Agnew, Roy, 2 Songs, FxJoaQcBkvw.mid",340
37152,4136,1/6,"Agnew, Roy, 2 Songs, FxJoaQcBkvw.mid",341
4136,16512,0.75,"Agnew, Roy, 2 Songs, FxJoaQcBkvw.mid",342
16512,16512,0.25,"Agnew, Roy, 2 Songs, FxJoaQcBkvw.mid",343
16512,17536,2/3,"Agnew, Roy, 2 Songs, FxJoaQcBkvw.mid",344
17536,17408,1/12,"Agnew, Roy, 2 Songs, FxJoaQcBkvw.mid",345
17408,151808,1.0,"Agnew, Roy, 2 Songs, FxJoaQcBkvw.mid",346
151808,151936,0.75,"Agnew, Roy, 2 Songs, FxJoaQcBkvw.mid",347
151936,151936,0.5,"Agnew, Roy, 2 Songs, FxJoaQcBkvw.mid",348
151936,151936,0.25,"Agnew, Roy, 2 Songs, FxJoaQcBkvw.mid",349
151936,1725440,5/12,"Agnew, Roy, 2 Songs, FxJoaQcBkvw.mid",350
1725440,1758208,1/12,"Agnew, Roy, 2 Songs, FxJoaQcBkvw.mid",351
1758208,1610752,1/12,"Agnew, Roy, 2 Songs, FxJoaQcBkvw.mid",352
1610752,562176,1/12,"Agnew, Roy, 2 Songs, FxJoaQcBkvw.mid",353
562176,558080,1/12,"Agnew, Roy, 2 Songs, FxJoaQcBkvw.mid",354
558080,574464,0.5,"Agnew, Roy, 2 Songs, FxJoaQcBkvw.mid",355
574464,574464,0.25,"Agnew, Roy, 2 Songs, FxJoaQcBkvw.mid",356
574464,574464,0.25,"Agnew, Roy, 2 Songs, FxJoaQcBkvw.mid",357
574464,521,2/3,"Agnew, Roy, 2 Songs, FxJoaQcBkvw.mid",358
521,649,2/3,"Agnew, Roy, 2 Songs, FxJoaQcBkvw.mid",359
649,649,1/12,"Agnew, Roy, 2 Songs, FxJoaQcBkvw.mid",360
649,649,1/3,"Agnew, Roy, 2 Songs, FxJoaQcBkvw.mid",361
649,136,0.25,"Agnew, Roy, 2 Songs, FxJoaQcBkvw.mid",362
136,4,0.25,"Agnew, Roy, 2 Songs, FxJoaQcBkvw.mid",363
4,1060,0.75,"Agnew, Roy, 2 Songs, FxJoaQcBkvw.mid",364
1060,1060,0.25,"Agnew, Roy, 2 Songs, FxJoaQcBkvw.mid",365
1060,1060,0.5,"Agnew, Roy, 2 Songs, FxJoaQcBkvw.mid",366
1060,4260,1.0,"Agnew, Roy, 2 Songs, FxJoaQcBkvw.mid",367
4260,4772,0.5,"Agnew, Roy, 2 Songs, FxJoaQcBkvw.mid",368
4772,4612,0.25,"Agnew, Roy, 2 Songs, FxJoaQcBkvw.mid",369
4612,4628,1/12,"Agnew, Roy, 2 Songs, FxJoaQcBkvw.mid",370
4628,4628,5/12,"Agnew, Roy, 2 Songs, FxJoaQcBkvw.mid",371
4628,4628,2/3,"Agnew, Roy, 2 Songs, FxJoaQcBkvw.mid",372
4628,4756,0.75,"Agnew, Roy, 2 Songs, FxJoaQcBkvw.mid",373
4756,660,1/12,"Agnew, Roy, 2 Songs, FxJoaQcBkvw.mid",374
660,164,1/6,"Agnew, Roy, 2 Songs, FxJoaQcBkvw.mid",375
164,160,1/12,"Agnew, Roy, 2 Songs, FxJoaQcBkvw.mid",376
160,37024,1.25,"Agnew, Roy, 2 Songs, FxJoaQcBkvw.mid",377
37024,53408,0.75,"Agnew, Roy, 2 Songs, FxJoaQcBkvw.mid",378
53408,37024,0.25,"Agnew, Roy, 2 Songs, FxJoaQcBkvw.mid",379
37024,558080,0.25,"Agnew, Roy, 2 Songs, FxJoaQcBkvw.mid",380
558080,558080,0.5,"Agnew, Roy, 2 Songs, FxJoaQcBkvw.mid",381
558080,562176,1/6,"Agnew, Roy, 2 Songs, FxJoaQcBkvw.mid",382
562176,562176,7/12,"Agnew, Roy, 2 Songs, FxJoaQcBkvw.mid",383
562176,2675712,1/6,"Agnew, Roy, 2 Songs, FxJoaQcBkvw.mid",384
2675712,5772,7/12,"Agnew, Roy, 2 Songs, FxJoaQcBkvw.mid",385
5772,5804,5/12,"Agnew, Roy, 2 Songs, FxJoaQcBkvw.mid",386
5804,5804,0.25,"Agnew, Roy, 2 Songs, FxJoaQcBkvw.mid",387
5804,5772,1/12,"Agnew, Roy, 2 Songs, FxJoaQcBkvw.mid",388
5772,1024,1/6,"Agnew, Roy, 2 Songs, FxJoaQcBkvw.mid",389
1024,4744,0.75,"Agnew, Roy, 2 Songs, FxJoaQcBkvw.mid",390
4744,4748,0.5,"Agnew, Roy, 2 Songs, FxJoaQcBkvw.mid",391
4748,4748,1/12,"Agnew, Roy, 2 Songs, FxJoaQcBkvw.mid",392
4748,4748,2/3,"Agnew, Roy, 2 Songs, FxJoaQcBkvw.mid",393
4748,4748,1/12,"Agnew, Roy, 2 Songs, FxJoaQcBkvw.mid",394
4748,4748,5/12,"Agnew, Roy, 2 Songs, FxJoaQcBkvw.mid",395
4748,128,0.25,"Agnew, Roy, 2 Songs, FxJoaQcBkvw.mid",396
128,2769920,2/3,"Agnew, Roy, 2 Songs, FxJoaQcBkvw.mid",397
2769920,2769920,1/12,"Agnew, Roy, 2 Songs, FxJoaQcBkvw.mid",398
2769920,17536,0.25,"Agnew, Roy, 2 Songs, FxJoaQcBkvw.mid",399
17536,83072,5/12,"Agnew, Roy, 2 Songs, FxJoaQcBkvw.mid",400
83072,82048,1/12,"Agnew, Roy, 2 Songs, FxJoaQcBkvw.mid",401
82048,83072,0.5,"Agnew, Roy, 2 Songs, FxJoaQcBkvw.mid",402
83072,83072,1/6,"Agnew, Roy, 2 Songs, FxJoaQcBkvw.mid",403
83072,83072,1/12,"Agnew, Roy, 2 Songs, FxJoaQcBkvw.mid",404
83072,83072,1/12,"Agnew, Roy, 2 Songs, FxJoaQcBkvw.mid",405
83072,83072,5/12,"Agnew, Roy, 2 Songs, FxJoaQcBkvw.mid",406
83072,17424,1/12,"Agnew, Roy, 2 Songs, FxJoaQcBkvw.mid",407
17424,1028,1/6,"Agnew, Roy, 2 Songs, FxJoaQcBkvw.mid",408
1028,135680,0.75,"Agnew, Roy, 2 Songs, FxJoaQcBkvw.mid",409
135680,135680,7/12,"Agnew, Roy, 2 Songs, FxJoaQcBkvw.mid",410
135680,33,1/12,"Agnew, Roy, 2 Songs, FxJoaQcBkvw.mid",411
33,1,1/12,"Agnew, Roy, 2 Songs, FxJoaQcBkvw.mid",412
1,1,1/6,"Agnew, Roy, 2 Songs, FxJoaQcBkvw.mid",413
1,1169,1/12,"Agnew, Roy, 2 Songs, FxJoaQcBkvw.mid",414
1169,1169,0.75,"Agnew, Roy, 2 Songs, FxJoaQcBkvw.mid",415
1169,1681,1/12,"Agnew, Roy, 2 Songs, FxJoaQcBkvw.mid",416
1681,1680,1/12,"Agnew, Roy, 2 Songs, FxJoaQcBkvw.mid",417
1680,1681,1/3,"Agnew, Roy, 2 Songs, FxJoaQcBkvw.mid",418
1681,1681,1/6,"Agnew, Roy, 2 Songs, FxJoaQcBkvw.mid",419
1681,129,1/3,"Agnew, Roy, 2 Songs, FxJoaQcBkvw.mid",420
129,1153,11/12,"Agnew, Roy, 2 Songs, FxJoaQcBkvw.mid",421
1153,1025,1/12,"Agnew, Roy, 2 Songs, FxJoaQcBkvw.mid",422
1025,792576,1/6,"Agnew, Roy, 2 Songs, FxJoaQcBkvw.mid",423
792576,788480,1/12,"Agnew, Roy, 2 Songs, FxJoaQcBkvw.mid",424
788480,128,5/12,"Agnew, Roy, 2 Songs, FxJoaQcBkvw.mid",425
128,16928,11/12,"Agnew, Roy, 2 Songs, FxJoaQcBkvw.mid",426
16928,16928,1/12,"Agnew, Roy, 2 Songs, FxJoaQcBkvw.mid",427
16928,16928,0.5,"Agnew, Roy, 2 Songs, FxJoaQcBkvw.mid",428
16928,16896,1/6,"Agnew, Roy, 2 Songs, FxJoaQcBkvw.mid",429
16896,16904,0.5,"Agnew, Roy, 2 Songs, FxJoaQcBkvw.mid",430
16904,17032,1/6,"Agnew, Roy, 2 Songs, FxJoaQcBkvw.mid",431
17032,21128,11/12,"Agnew, Roy, 2 Songs, FxJoaQcBkvw.mid",432
21128,4744,1/12,"Agnew, Roy, 2 Songs, FxJoaQcBkvw.mid",433
4744,17032,1/12,"Agnew, Roy, 2 Songs, FxJoaQcBkvw.mid",434
17032,21128,0.75,"Agnew, Roy, 2 Songs, FxJoaQcBkvw.mid",435
21128,21128,2/3,"Agnew, Roy, 2 Songs, FxJoaQcBkvw.mid",436
21128,21128,1/12,"Agnew, Roy, 2 Songs, FxJoaQcBkvw.mid",437
21128,21128,0.25,"Agnew, Roy, 2 Songs, FxJoaQcBkvw.mid",438
21128,4780,1/6,"Agnew, Roy, 2 Songs, FxJoaQcBkvw.mid",439
4780,4268,1/12,"Agnew, Roy, 2 Songs, FxJoaQcBkvw.mid",440
4268,4644,1/12,"Agnew, Roy, 2 Songs, FxJoaQcBkvw.mid",441
4644,4644,1/6,"Agnew, Roy, 2 Songs, FxJoaQcBkvw.mid",442
4644,4644,0.75,"Agnew, Roy, 2 Songs, FxJoaQcBkvw.mid",443
4644,4644,11/12,"Agnew, Roy, 2 Songs, FxJoaQcBkvw.mid",444
4644,549,1/12,"Agnew, Roy, 2 Songs, FxJoaQcBkvw.mid",445
549,9,0.25,"Agnew, Roy, 2 Songs, FxJoaQcBkvw.mid",446
9,137,1/12,"Agnew, Roy, 2 Songs, FxJoaQcBkvw.mid",447
137,137,11/12,"Agnew, Roy, 2 Songs, FxJoaQcBkvw.mid",448
137,141,0.5,"Agnew, Roy, 2 Songs, FxJoaQcBkvw.mid",449
141,653,0.5,"Agnew, Roy, 2 Songs, FxJoaQcBkvw.mid",450
653,653,1/6,"Agnew, Roy, 2 Songs, FxJoaQcBkvw.mid",451
653,16520,1/12,"Agnew, Roy, 2 Songs, FxJoaQcBkvw.mid",452
16520,16520,1/12,"Agnew, Roy, 2 Songs, FxJoaQcBkvw.mid",453
16520,5128,5/3,"Agnew, Roy, 2 Songs, FxJoaQcBkvw.mid",454
5128,5256,1/12,"Agnew, Roy, 2 Songs, FxJoaQcBkvw.mid",455
5256,32896,5/12,"Agnew, Roy, 2 Songs, FxJoaQcBkvw.mid",456
32896,128,0.25,"Agnew, Roy, 2 Songs, FxJoaQcBkvw.mid",457
128,32,0.25,"Agnew, Roy, 2 Songs, FxJoaQcBkvw.mid",458
32,37408,1.0,"Agnew, Roy, 2 Songs, FxJoaQcBkvw.mid",459
37408,4128,0.25,"Agnew, Roy, 2 Songs, FxJoaQcBkvw.mid",460
4128,1,1/12,"Agnew, Roy, 2 Songs, FxJoaQcBkvw.mid",461
1,20608,1/3,"Agnew, Roy, 2 Songs, FxJoaQcBkvw.mid",462
20608,20608,1/3,"Agnew, Roy, 2 Songs, FxJoaQcBkvw.mid",463
20608,152704,1.0,"Agnew, Roy, 2 Songs, FxJoaQcBkvw.mid",464
152704,152704,0.25,"Agnew, Roy, 2 Songs, FxJoaQcBkvw.mid",465
152704,152704,0.25,"Agnew, Roy, 2 Songs, FxJoaQcBkvw.mid",466
152704,185472,1/12,"Agnew, Roy, 2 Songs, FxJoaQcBkvw.mid",467
185472,5160,1/12,"Agnew, Roy, 2 Songs, FxJoaQcBkvw.mid",468
5160,8,1/12,"Agnew, Roy, 2 Songs, FxJoaQcBkvw.mid",469
8,4648,11/12,"Agnew, Roy, 2 Songs, FxJoaQcBkvw.mid",470
4648,4648,1/12,"Agnew, Roy, 2 Songs, FxJoaQcBkvw.mid",471
4648,4648,0.25,"Agnew, Roy, 2 Songs, FxJoaQcBkvw.mid",472
4648,4648,0.25,"Agnew, Roy, 2 Songs, FxJoaQcBkvw.mid",473
4648,164352,1/12,"Agnew, Roy, 2 Songs, FxJoaQcBkvw.mid",474
164352,164352,1/6,"Agnew, Roy, 2 Songs, FxJoaQcBkvw.mid",475
164352,688640,5/6,"Agnew, Roy, 2 Songs, FxJoaQcBkvw.mid",476
688640,692736,2/3,"Agnew, Roy, 2 Songs, FxJoaQcBkvw.mid",477
692736,4260,0.25,"Agnew, Roy, 2 Songs, FxJoaQcBkvw.mid",478
4260,4772,0.75,"Agnew, Roy, 2 Songs, FxJoaQcBkvw.mid",479
4772,4772,0.75,"Agnew, Roy, 2 Songs, FxJoaQcBkvw.mid",480
4772,4772,0.25,"Agnew, Roy, 2 Songs, FxJoaQcBkvw.mid",481
4772,4772,2/3,"Agnew, Roy, 2 Songs, FxJoaQcBkvw.mid",482
4772,4772,1/12,"Agnew, Roy, 2 Songs, FxJoaQcBkvw.mid",483
4772,4772,0.75,"Agnew, Roy, 2 Songs, FxJoaQcBkvw.mid",484
4772,4260,1/12,"Agnew, Roy, 2 Songs, FxJoaQcBkvw.mid",485
4260,4260,1/12,"Agnew, Roy, 2 Songs, FxJoaQcBkvw.mid",486
4260,160,1/12,"Agnew, Roy, 2 Songs, FxJoaQcBkvw.mid",487
160,1197056,1.0,"Agnew, Roy, 2 Songs, FxJoaQcBkvw.mid",488
1197056,1721344,11/12,"Agnew, Roy, 2 Songs, FxJoaQcBkvw.mid",489
1721344,1721344,1/3,"Agnew, Roy, 2 Songs, FxJoaQcBkvw.mid",490
1721344,1721344,0.5,"Agnew, Roy, 2 Songs, FxJoaQcBkvw.mid",491
1721344,1725440,0.5,"Agnew, Roy, 2 Songs, FxJoaQcBkvw.mid",492
1725440,1725440,1/12,"Agnew, Roy, 2 Songs, FxJoaQcBkvw.mid",493
1725440,20608,1/12,"Agnew, Roy, 2 Songs, FxJoaQcBkvw.mid",494
20608,16512,7/12,"Agnew, Roy, 2 Songs, FxJoaQcBkvw.mid",495
16512,17536,7/12,"Agnew, Roy, 2 Songs, FxJoaQcBkvw.mid",496
17536,1024,1/6,"Agnew, Roy, 2 Songs, FxJoaQcBkvw.mid",497
1024,4388,1/6,"Agnew, Roy, 2 Songs, FxJoaQcBkvw.mid",498
4388,151808,1/12,"Agnew, Roy, 2 Songs, FxJoaQcBkvw.mid",499
151808,151808,7/12,"Agnew, Roy, 2 Songs, FxJoaQcBkvw.mid",500
151808,151936,2/3,"Agnew, Roy, 2 Songs, FxJoaQcBkvw.mid",501
151936,151936,0.5,"Agnew, Roy, 2 Songs, FxJoaQcBkvw.mid",502
151936,147840,1/6,"Agnew, Roy, 2 Songs, FxJoaQcBkvw.mid",503
147840,151936,1/12,"Agnew, Roy, 2 Songs, FxJoaQcBkvw.mid",504
151936,20904,0.25,"Agnew, Roy, 2 Songs, FxJoaQcBkvw.mid",505
20904,4264,1/12,"Agnew, Roy, 2 Songs, FxJoaQcBkvw.mid",506
4264,4136,1/12,"Agnew, Roy, 2 Songs, FxJoaQcBkvw.mid",507
4136,40,1/12,"Agnew, Roy, 2 Songs, FxJoaQcBkvw.mid",508
40,17544,0.25,"Agnew, Roy, 2 Songs, FxJoaQcBkvw.mid",509
17544,17544,0.5,"Agnew, Roy, 2 Songs, FxJoaQcBkvw.mid",510
17544,17544,0.25,"Agnew, Roy, 2 Songs, FxJoaQcBkvw.mid",511
17544,1165,1/12,"Agnew, Roy, 2 Songs, FxJoaQcBkvw.mid",512
1165,1677,1/6,"Agnew, Roy, 2 Songs, FxJoaQcBkvw.mid",513
1677,513,0.25,"Agnew, Roy, 2 Songs, FxJoaQcBkvw.mid",514
513,649,11/12,"Agnew, Roy, 2 Songs, FxJoaQcBkvw.mid",515
649,649,1/12,"Agnew, Roy, 2 Songs, FxJoaQcBkvw.mid",516
649,557568,0.25,"Agnew, Roy, 2 Songs, FxJoaQcBkvw.mid",517
557568,557568,1/12,"Agnew, Roy, 2 Songs, FxJoaQcBkvw.mid",518
557568,557568,1/12,"Agnew, Roy, 2 Songs, FxJoaQcBkvw.mid",519
557568,512,1/12,"Agnew, Roy, 2 Songs, FxJoaQcBkvw.mid",520
512,1572,1/12,"Agnew, Roy, 2 Songs, FxJoaQcBkvw.mid",521
1572,1060,11/12,"Agnew, Roy, 2 Songs, FxJoaQcBkvw.mid",522
1060,1060,0.25,"Agnew, Roy, 2 Songs, FxJoaQcBkvw.mid",523
1060,1060,1/12,"Agnew, Roy, 2 Songs, FxJoaQcBkvw.mid",524
1060,132096,1/12,"Agnew, Roy, 2 Songs, FxJoaQcBkvw.mid",525
132096,1568,1/12,"Agnew, Roy, 2 Songs, FxJoaQcBkvw.mid",526
1568,544,0.25,"Agnew, Roy, 2 Songs, FxJoaQcBkvw.mid",527
544,37408,0.75,"Agnew, Roy, 2 Songs, FxJoaQcBkvw.mid",528
37408,53792,5/12,"Agnew, Roy, 2 Songs, FxJoaQcBkvw.mid",529
53792,4140,1/6,"Agnew, Roy, 2 Songs, FxJoaQcBkvw.mid",530
4140,4100,1/6,"Agnew, Roy, 2 Songs, FxJoaQcBkvw.mid",531
4100,4104,0.5,"Agnew, Roy, 2 Songs, FxJoaQcBkvw.mid",532
4104,4104,0.25,"Agnew, Roy, 2 Songs, FxJoaQcBkvw.mid",533
4104,1,0.25,"Agnew, Roy, 2 Songs, FxJoaQcBkvw.mid",534
1,1,0.5,"Agnew, Roy, 2 Songs, FxJoaQcBkvw.mid",535
1,5120,1/6,"Agnew, Roy, 2 Songs, FxJoaQcBkvw.mid",536
5120,1024,1/6,"Agnew, Roy, 2 Songs, FxJoaQcBkvw.mid",537
1024,541696,1.0,"Agnew, Roy, 2 Songs, FxJoaQcBkvw.mid",538
541696,541696,1/6,"Agnew, Roy, 2 Songs, FxJoaQcBkvw.mid",539
541696,1156,1/12,"Agnew, Roy, 2 Songs, FxJoaQcBkvw.mid",540
1156,132,1/6,"Agnew, Roy, 2 Songs, FxJoaQcBkvw.mid",541
132,540928,0.75,"Agnew, Roy, 2 Songs, FxJoaQcBkvw.mid",542
540928,676096,1/12,"Agnew, Roy, 2 Songs, FxJoaQcBkvw.mid",543
676096,676096,5/12,"Agnew, Roy, 2 Songs, FxJoaQcBkvw.mid",544
676096,676096,0.5,"Agnew, Roy, 2 Songs, FxJoaQcBkvw.mid",545
676096,676096,1/12,"Agnew, Roy, 2 Songs, FxJoaQcBkvw.mid",546
676096,676096,2/3,"Agnew, Roy, 2 Songs, FxJoaQcBkvw.mid",547
676096,676096,1/12,"Agnew, Roy, 2 Songs, FxJoaQcBkvw.mid",548
676096,676096,0.25,"Agnew, Roy, 2 Songs, FxJoaQcBkvw.mid",549
676096,676096,5/12,"Agnew, Roy, 2 Songs, FxJoaQcBkvw.mid",550
676096,676096,0.5,"Agnew, Roy, 2 Songs, FxJoaQcBkvw.mid",551
676096,148608,1/12,"Agnew, Roy, 2 Songs, FxJoaQcBkvw.mid",552
148608,148608,1/6,"Agnew, Roy, 2 Songs, FxJoaQcBkvw.mid",553
148608,148608,11/12,"Agnew, Roy, 2 Songs, FxJoaQcBkvw.mid",554
148608,148608,1/12,"Agnew, Roy, 2 Songs, FxJoaQcBkvw.mid",555
148608,148608,0.25,"Agnew, Roy, 2 Songs, FxJoaQcBkvw.mid",556
148608,148608,1/6,"Agnew, Roy, 2 Songs, FxJoaQcBkvw.mid",557
148608,1060,0.25,"Agnew, Roy, 2 Songs, FxJoaQcBkvw.mid",558
1060,4384,1.0,"Agnew, Roy, 2 Songs, FxJoaQcBkvw.mid",559
4384,20896,0.25,"Agnew, Roy, 2 Songs, FxJoaQcBkvw.mid",560
20896,20896,1/3,"Agnew, Roy, 2 Songs, FxJoaQcBkvw.mid",561
20896,20896,2/3,"Agnew, Roy, 2 Songs, FxJoaQcBkvw.mid",562
20896,132,1/12,"Agnew, Roy, 2 Songs, FxJoaQcBkvw.mid",563
132,168,1.0,"Agnew, Roy, 2 Songs, FxJoaQcBkvw.mid",564
168,168,1/3,"Agnew, Roy, 2 Songs, FxJoaQcBkvw.mid",565
168,40,5/12,"Agnew, Roy, 2 Songs, FxJoaQcBkvw.mid",566
40,1,7/12,"Agnew, Roy, 2 Songs, FxJoaQcBkvw.mid",567
1,5120,1/12,"Agnew, Roy, 2 Songs, FxJoaQcBkvw.mid",568
5120,1024,0.25,"Agnew, Roy, 2 Songs, FxJoaQcBkvw.mid",569
1024,1065984,1.0,"Agnew, Roy, 2 Songs, FxJoaQcBkvw.mid",570
1065984,1180672,0.5,"Agnew, Roy, 2 Songs, FxJoaQcBkvw.mid",571
1180672,132096,1/12,"Agnew, Roy, 2 Songs, FxJoaQcBkvw.mid",572
132096,699392,1/12,"Agnew, Roy, 2 Songs, FxJoaQcBkvw.mid",573
699392,698368,1/6,"Agnew, Roy, 2 Songs, FxJoaQcBkvw.mid",574
698368,168,1/12,"Agnew, Roy, 2 Songs, FxJoaQcBkvw.mid",575
168,131200,1/6,"Agnew, Roy, 2 Songs, FxJoaQcBkvw.mid",576
131200,132224,0.25,"Agnew, Roy, 2 Songs, FxJoaQcBkvw.mid",577
132224,132224,0.75,"Agnew, Roy, 2 Songs, FxJoaQcBkvw.mid",578
132224,164992,0.5,"Agnew, Roy, 2 Songs, FxJoaQcBkvw.mid",579
164992,1032,1/6,"Agnew, Roy, 2 Songs, FxJoaQcBkvw.mid",580
1032,8,1/12,"Agnew, Roy, 2 Songs, FxJoaQcBkvw.mid",581
8,148736,5/6,"Agnew, Roy, 2 Songs, FxJoaQcBkvw.mid",582
148736,148736,1/6,"Agnew, Roy, 2 Songs, FxJoaQcBkvw.mid",583
148736,148736,0.25,"Agnew, Roy, 2 Songs, FxJoaQcBkvw.mid",584
148736,148736,1/3,"Agnew, Roy, 2 Songs, FxJoaQcBkvw.mid",585
148736,16640,1/12,"Agnew, Roy, 2 Songs, FxJoaQcBkvw.mid",586
16640,1201152,2/3,"Agnew, Roy, 2 Songs, FxJoaQcBkvw.mid",587
1201152,1201152,1/3,"Agnew, Roy, 2 Songs, FxJoaQcBkvw.mid",588
1201152,1201152,2/3,"Agnew, Roy, 2 Songs, FxJoaQcBkvw.mid",589
1201152,152960,1/12,"Agnew, Roy, 2 Songs, FxJoaQcBkvw.mid",590
152960,151680,0.25,"Agnew, Roy, 2 Songs, FxJoaQcBkvw.mid",591
151680,136320,1/6,"Agnew, Roy, 2 Songs, FxJoaQcBkvw.mid",592
136320,152704,5/6,"Agnew, Roy, 2 Songs, FxJoaQcBkvw.mid",593
152704,152704,7/6,"Agnew, Roy, 2 Songs, FxJoaQcBkvw.mid",594
152704,152704,1/6,"Agnew, Roy, 2 Songs, FxJoaQcBkvw.mid",595
152704,152704,1/12,"Agnew, Roy, 2 Songs, FxJoaQcBkvw.mid",596
152704,152704,1/12,"Agnew, Roy, 2 Songs, FxJoaQcBkvw.mid",597
152704,152704,1/6,"Agnew, Roy, 2 Songs, FxJoaQcBkvw.mid",598
152704,148608,7/12,"Agnew, Roy, 2 Songs, FxJoaQcBkvw.mid",599
148608,17536,13/12,"Agnew, Roy, 2 Songs, FxJoaQcBkvw.mid",600
17536,17536,1/12,"Agnew, Roy, 2 Songs, FxJoaQcBkvw.mid",601
17536,17536,1/12,"Agnew, Roy, 2 Songs, FxJoaQcBkvw.mid",602
17536,16512,1/12,"Agnew, Roy, 2 Songs, FxJoaQcBkvw.mid",603
16512,128,1.0,"Agnew, Roy, 2 Songs, FxJoaQcBkvw.mid",604
128,4256,1/3,"Agnew, Roy, 2 Songs, FxJoaQcBkvw.mid",605
4256,37024,2/3,"Agnew, Roy, 2 Songs, FxJoaQcBkvw.mid",606
37024,37024,0.5,"Agnew, Roy, 2 Songs, FxJoaQcBkvw.mid",607
37024,53408,1/12,"Agnew, Roy, 2 Songs, FxJoaQcBkvw.mid",608
53408,53408,2/3,"Agnew, Roy, 2 Songs, FxJoaQcBkvw.mid",609
53408,53280,1/12,"Agnew, Roy, 2 Songs, FxJoaQcBkvw.mid",610
53280,53408,2/3,"Agnew, Roy, 2 Songs, FxJoaQcBkvw.mid",611
53408,53408,1/6,"Agnew, Roy, 2 Songs, FxJoaQcBkvw.mid",612
53408,53408,1/12,"Agnew, Roy, 2 Songs, FxJoaQcBkvw.mid",613
53408,53408,0.25,"Agnew, Roy, 2 Songs, FxJoaQcBkvw.mid",614
53408,53408,1/6,"Agnew, Roy, 2 Songs, FxJoaQcBkvw.mid",615
53408,53408,1/12,"Agnew, Roy, 2 Songs, FxJoaQcBkvw.mid",616
53408,16520,1/12,"Agnew, Roy, 2 Songs, FxJoaQcBkvw.mid",617
16520,1028,0.75,"Agnew, Roy, 2 Songs, FxJoaQcBkvw.mid",618
1028,5152,0.25,"Agnew, Roy, 2 Songs, FxJoaQcBkvw.mid",619
5152,5152,0.25,"Agnew, Roy, 2 Songs, FxJoaQcBkvw.mid",620
5152,5152,0.25,"Agnew, Roy, 2 Songs, FxJoaQcBkvw.mid",621
5152,21536,0.5,"Agnew, Roy, 2 Songs, FxJoaQcBkvw.mid",622
21536,21536,1/3,"Agnew, Roy, 2 Songs, FxJoaQcBkvw.mid",623
21536,54304,1/12,"Agnew, Roy, 2 Songs, FxJoaQcBkvw.mid",624
54304,1068,1/12,"Agnew, Roy, 2 Songs, FxJoaQcBkvw.mid",625
1068,8,1/6,"Agnew, Roy, 2 Songs, FxJoaQcBkvw.mid",626
8,4744,1.0,"Agnew, Roy, 2 Songs, FxJoaQcBkvw.mid",627
4744,4748,2/3,"Agnew, Roy, 2 Songs, FxJoaQcBkvw.mid",628
4748,4740,1/6,"Agnew, Roy, 2 Songs, FxJoaQcBkvw.mid",629
4740,4748,0.5,"Agnew, Roy, 2 Songs, FxJoaQcBkvw.mid",630
4748,4748,1/6,"Agnew, Roy, 2 Songs, FxJoaQcBkvw.mid",631
4748,4620,1/12,"Agnew, Roy, 2 Songs, FxJoaQcBkvw.mid",632
4620,4748,2/3,"Agnew, Roy, 2 Songs, FxJoaQcBkvw.mid",633
4748,140,1/12,"Agnew, Roy, 2 Songs, FxJoaQcBkvw.mid",634
140,2245632,0.75,"Agnew, Roy, 2 Songs, FxJoaQcBkvw.mid",635
2245632,148480,0.25,"Agnew, Roy, 2 Songs, FxJoaQcBkvw.mid",636
148480,148608,0.5,"Agnew, Roy, 2 Songs, FxJoaQcBkvw.mid",637
148608,214144,7/12,"Agnew, Roy, 2 Songs, FxJoaQcBkvw.mid",638
214144,196736,1/6,"Agnew, Roy, 2 Songs, FxJoaQcBkvw.mid",639
196736,214144,0.75,"Agnew, Roy, 2 Songs, FxJoaQcBkvw.mid",640
214144,214144,1/3,"Agnew, Roy, 2 Songs, FxJoaQcBkvw.mid",641
214144,214016,1/6,"Agnew, Roy, 2 Songs, FxJoaQcBkvw.mid",642
214016,214144,0.5,"Agnew, Roy, 2 Songs, FxJoaQcBkvw.mid",643
214144,214144,0.25,"Agnew, Roy, 2 Songs, FxJoaQcBkvw.mid",644
214144,214656,1/6,"Agnew, Roy, 2 Songs, FxJoaQcBkvw.mid",645
214656,83584,1/12,"Agnew, Roy, 2 Songs, FxJoaQcBkvw.mid",646
83584,67072,1/12,"Agnew, Roy, 2 Songs, FxJoaQcBkvw.mid",647
67072,512,1/12,"Agnew, Roy, 2 Songs, FxJoaQcBkvw.mid",648
512,135680,1.0,"Agnew, Roy, 2 Songs, FxJoaQcBkvw.mid",649
135680,135680,7/12,"Agnew, Roy, 2 Songs, FxJoaQcBkvw.mid",650
135680,135680,1/12,"Agnew, Roy, 2 Songs, FxJoaQcBkvw.mid",651
135680,4608,1/6,"Agnew, Roy, 2 Songs, FxJoaQcBkvw.mid",652
4608,149,1/6,"Agnew, Roy, 2 Songs, FxJoaQcBkvw.mid",653
149,1173,1/3,"Agnew, Roy, 2 Songs, FxJoaQcBkvw.mid",654
1173,1173,0.5,"Agnew, Roy, 2 Songs, FxJoaQcBkvw.mid",655
1173,1685,7/6,"Agnew, Roy, 2 Songs, FxJoaQcBkvw.mid",656
1685,661,1/12,"Agnew, Roy, 2 Songs, FxJoaQcBkvw.mid",657
661,1685,1.0,"Agnew, Roy, 2 Songs, FxJoaQcBkvw.mid",658
1685,1,1/6,"Agnew, Roy, 2 Songs, FxJoaQcBkvw.mid",659
1,128,0.5,"Agnew, Roy, 2 Songs, FxJoaQcBkvw.mid",660
128,160,0.25,"Agnew, Roy, 2 Songs, FxJoaQcBkvw.mid",661
160,32,0.25,"Agnew, Roy, 2 Songs, FxJoaQcBkvw.mid",662
32,37408,1.0,"Agnew, Roy, 2 Songs, FxJoaQcBkvw.mid",663
37408,37408,0.25,"Agnew, Roy, 2 Songs, FxJoaQcBkvw.mid",664
37408,37408,0.5,"Agnew, Roy, 2 Songs, FxJoaQcBkvw.mid",665
37408,2282496,1/12,"Agnew, Roy, 2 Songs, FxJoaQcBkvw.mid",666
2282496,2282496,1/6,"Agnew, Roy, 2 Songs, FxJoaQcBkvw.mid",667
2282496,152576,0.5,"Agnew, Roy, 2 Songs, FxJoaQcBkvw.mid",668
152576,152576,1.0,"Agnew, Roy, 2 Songs, FxJoaQcBkvw.mid",669
152576,152576,0.25,"Agnew, Roy, 2 Songs, FxJoaQcBkvw.mid",670
152576,152576,0.25,"Agnew, Roy, 2 Songs, FxJoaQcBkvw.mid",671
152576,152576,0.25,"Agnew, Roy, 2 Songs, FxJoaQcBkvw.mid",672
152576,136192,1/12,"Agnew, Roy, 2 Songs, FxJoaQcBkvw.mid",673
136192,1572,1/6,"Agnew, Roy, 2 Songs, FxJoaQcBkvw.mid",674
1572,516,1/6,"Agnew, Roy, 2 Songs, FxJoaQcBkvw.mid",675
516,548,13/12,"Agnew, Roy, 2 Songs, FxJoaQcBkvw.mid",676
548,548,1/6,"Agnew, Roy, 2 Songs, FxJoaQcBkvw.mid",677
548,548,11/12,"Agnew, Roy, 2 Songs, FxJoaQcBkvw.mid",678
548,32,1/6,"Agnew, Roy, 2 Songs, FxJoaQcBkvw.mid",679
32,145,0.75,"Agnew, Roy, 2 Songs, FxJoaQcBkvw.mid",680
145,145,2/3,"Agnew, Roy, 2 Songs, FxJoaQcBkvw.mid",681
145,1169,19/12,"Agnew, Roy, 2 Songs, FxJoaQcBkvw.mid",682
1169,1057,1/12,"Agnew, Roy, 2 Songs, FxJoaQcBkvw.mid",683
1057,33,5/3,"Agnew, Roy, 2 Songs, FxJoaQcBkvw.mid",684
33,33,1.5,"Agnew, Roy, 2 Songs, FxJoaQcBkvw.mid",685
33,49,1/12,"Agnew, Roy, 2 Songs, FxJoaQcBkvw.mid",686
49,49,29/12,"Agnew, Roy, 2 Songs, FxJoaQcBkvw.mid",687
49,49,4.0,"Agnew, Roy, 2 Songs, FxJoaQcBkvw.mid",688
49,49,2.25,"Agnew, Roy, 2 Songs, FxJoaQcBkvw.mid",689
49,17,7/12,"Agnew, Roy, 2 Songs, FxJoaQcBkvw.mid",690
0,82432,0.75,"Agnew, Roy, An Autumn Morning, KBcERxrDTPs.mid",0
82432,86528,0.75,"Agnew, Roy, An Autumn Morning, KBcERxrDTPs.mid",1
86528,88576,7/12,"Agnew, Roy, An Autumn Morning, KBcERxrDTPs.mid",2
88576,84480,1/6,"Agnew, Roy, An Autumn Morning, KBcERxrDTPs.mid",3
84480,70144,0.5,"Agnew, Roy, An Autumn Morning, KBcERxrDTPs.mid",4
70144,70144,1.0,"Agnew, Roy, An Autumn Morning, KBcERxrDTPs.mid",5
70144,88576,0.75,"Agnew, Roy, An Autumn Morning, KBcERxrDTPs.mid",6
88576,70272,1/6,"Agnew, Roy, An Autumn Morning, KBcERxrDTPs.mid",7
70272,70272,7/12,"Agnew, Roy, An Autumn Morning, KBcERxrDTPs.mid",8
70272,70272,0.75,"Agnew, Roy, An Autumn Morning, KBcERxrDTPs.mid",9
70272,70272,0.75,"Agnew, Roy, An Autumn Morning, KBcERxrDTPs.mid",10
70272,6800,0.25,"Agnew, Roy, An Autumn Morning, KBcERxrDTPs.mid",11
6800,6288,0.5,"Agnew, Roy, An Autumn Morning, KBcERxrDTPs.mid",12
6288,4752,0.75,"Agnew, Roy, An Autumn Morning, KBcERxrDTPs.mid",13
4752,4752,0.75,"Agnew, Roy, An Autumn Morning, KBcERxrDTPs.mid",14
4752,70304,0.25,"Agnew, Roy, An Autumn Morning, KBcERxrDTPs.mid",15
70304,70176,1.25,"Agnew, Roy, An Autumn Morning, KBcERxrDTPs.mid",16
70176,70176,0.25,"Agnew, Roy, An Autumn Morning, KBcERxrDTPs.mid",17
70176,70176,0.5,"Agnew, Roy, An Autumn Morning, KBcERxrDTPs.mid",18
70176,88736,1/12,"Agnew, Roy, An Autumn Morning, KBcERxrDTPs.mid",19
88736,6292,1/6,"Agnew, Roy, An Autumn Morning, KBcERxrDTPs.mid",20
6292,2196,0.5,"Agnew, Roy, An Autumn Morning, KBcERxrDTPs.mid",21
2196,2228,0.5,"Agnew, Roy, An Autumn Morning, KBcERxrDTPs.mid",22
2228,2228,11/12,"Agnew, Roy, An Autumn Morning, KBcERxrDTPs.mid",23
2228,2741,1/12,"Agnew, Roy, An Autumn Morning, KBcERxrDTPs.mid",24
2741,2741,1/12,"Agnew, Roy, An Autumn Morning, KBcERxrDTPs.mid",25
2741,561,1/12,"Agnew, Roy, An Autumn Morning, KBcERxrDTPs.mid",26
561,529,13/12,"Agnew, Roy, An Autumn Morning, KBcERxrDTPs.mid",27
529,529,0.75,"Agnew, Roy, An Autumn Morning, KBcERxrDTPs.mid",28
529,2705,0.25,"Agnew, Roy, An Autumn Morning, KBcERxrDTPs.mid",29
2705,18576,2/3,"Agnew, Roy, An Autumn Morning, KBcERxrDTPs.mid",30
18576,18576,2/3,"Agnew, Roy, An Autumn Morning, KBcERxrDTPs.mid",31
18576,18576,11/12,"Agnew, Roy, An Autumn Morning, KBcERxrDTPs.mid",32
18576,88096,1/12,"Agnew, Roy, An Autumn Morning, KBcERxrDTPs.mid",33
88096,71712,1/12,"Agnew, Roy, An Autumn Morning, KBcERxrDTPs.mid",34
71712,69664,7/12,"Agnew, Roy, An Autumn Morning, KBcERxrDTPs.mid",35
69664,70176,2/3,"Agnew, Roy, An Autumn Morning, KBcERxrDTPs.mid",36
70176,70176,1/12,"Agnew, Roy, An Autumn Morning, KBcERxrDTPs.mid",37
70176,70176,7/12,"Agnew, Roy, An Autumn Morning, KBcERxrDTPs.mid",38
70176,88736,1/6,"Agnew, Roy, An Autumn Morning, KBcERxrDTPs.mid",39
88736,88736,1/12,"Agnew, Roy, An Autumn Morning, KBcERxrDTPs.mid",40
88736,23168,1/12,"Agnew, Roy, An Autumn Morning, KBcERxrDTPs.mid",41
23168,19072,4/3,"Agnew, Roy, An Autumn Morning, KBcERxrDTPs.mid",42
19072,19072,0.75,"Agnew, Roy, An Autumn Morning, KBcERxrDTPs.mid",43
19072,88704,1/12,"Agnew, Roy, An Autumn Morning, KBcERxrDTPs.mid",44
88704,86528,1/6,"Agnew, Roy, An Autumn Morning, KBcERxrDTPs.mid",45
86528,70144,0.25,"Agnew, Roy, An Autumn Morning, KBcERxrDTPs.mid",46
70144,70144,0.75,"Agnew, Roy, An Autumn Morning, KBcERxrDTPs.mid",47
70144,70144,0.25,"Agnew, Roy, An Autumn Morning, KBcERxrDTPs.mid",48
70144,70144,7/6,"Agnew, Roy, An Autumn Morning, KBcERxrDTPs.mid",49
70144,1,1/12,"Agnew, Roy, An Autumn Morning, KBcERxrDTPs.mid",50
1,71808,1/6,"Agnew, Roy, An Autumn Morning, KBcERxrDTPs.mid",51
71808,67712,2/3,"Agnew, Roy, An Autumn Morning, KBcERxrDTPs.mid",52
67712,71808,2/3,"Agnew, Roy, An Autumn Morning, KBcERxrDTPs.mid",53
71808,88192,0.75,"Agnew, Roy, An Autumn Morning, KBcERxrDTPs.mid",54
88192,88736,1/12,"Agnew, Roy, An Autumn Morning, KBcERxrDTPs.mid",55
88736,21024,1/6,"Agnew, Roy, An Autumn Morning, KBcERxrDTPs.mid",56
21024,4640,0.5,"Agnew, Roy, An Autumn Morning, KBcERxrDTPs.mid",57
4640,70176,0.75,"Agnew, Roy, An Autumn Morning, KBcERxrDTPs.mid",58
70176,88608,0.75,"Agnew, Roy, An Autumn Morning, KBcERxrDTPs.mid",59
88608,23072,1/12,"Agnew, Roy, An Autumn Morning, KBcERxrDTPs.mid",60
23072,23072,1/6,"Agnew, Roy, An Autumn Morning, KBcERxrDTPs.mid",61
23072,4640,0.75,"Agnew, Roy, An Autumn Morning, KBcERxrDTPs.mid",62
4640,4640,2/3,"Agnew, Roy, An Autumn Morning, KBcERxrDTPs.mid",63
4640,23072,1.0,"Agnew, Roy, An Autumn Morning, KBcERxrDTPs.mid",64
23072,689,1/12,"Agnew, Roy, An Autumn Morning, KBcERxrDTPs.mid",65
689,145,7/12,"Agnew, Roy, An Autumn Morning, KBcERxrDTPs.mid",66
145,2193,1/3,"Agnew, Roy, An Autumn Morning, KBcERxrDTPs.mid",67
2193,2193,1/3,"Agnew, Roy, An Autumn Morning, KBcERxrDTPs.mid",68
2193,2193,1/12,"Agnew, Roy, An Autumn Morning, KBcERxrDTPs.mid",69
2193,145,11/12,"Agnew, Roy, An Autumn Morning, KBcERxrDTPs.mid",70
145,657,4/3,"Agnew, Roy, An Autumn Morning, KBcERxrDTPs.mid",71
657,657,1/6,"Agnew, Roy, An Autumn Morning, KBcERxrDTPs.mid",72
657,145,2.0,"Agnew, Roy, An Autumn Morning, KBcERxrDTPs.mid",73
145,2193,1/6,"Agnew, Roy, An Autumn Morning, KBcERxrDTPs.mid",74
2193,2192,1/3,"Agnew, Roy, An Autumn Morning, KBcERxrDTPs.mid",75
2192,2192,0.5,"Agnew, Roy, An Autumn Morning, KBcERxrDTPs.mid",76
2192,6288,0.75,"Agnew, Roy, An Autumn Morning, KBcERxrDTPs.mid",77
6288,22672,0.5,"Agnew, Roy, An Autumn Morning, KBcERxrDTPs.mid",78
22672,22736,0.25,"Agnew, Roy, An Autumn Morning, KBcERxrDTPs.mid",79
22736,86080,1.0,"Agnew, Roy, An Autumn Morning, KBcERxrDTPs.mid",80
86080,86592,1.0,"Agnew, Roy, An Autumn Morning, KBcERxrDTPs.mid",81
86592,86592,1/12,"Agnew, Roy, An Autumn Morning, KBcERxrDTPs.mid",82
86592,513,1/6,"Agnew, Roy, An Autumn Morning, KBcERxrDTPs.mid",83
513,18560,0.75,"Agnew, Roy, An Autumn Morning, KBcERxrDTPs.mid",84
18560,2176,2/3,"Agnew, Roy, An Autumn Morning, KBcERxrDTPs.mid",85
2176,18560,2/3,"Agnew, Roy, An Autumn Morning, KBcERxrDTPs.mid",86
18560,154240,0.25,"Agnew, Roy, An Autumn Morning, KBcERxrDTPs.mid",87
154240,678400,1/12,"Agnew, Roy, An Autumn Morning, KBcERxrDTPs.mid",88
678400,135680,1/3,"Agnew, Roy, An Autumn Morning, KBcERxrDTPs.mid",89
135680,152064,1/12,"Agnew, Roy, An Autumn Morning, KBcERxrDTPs.mid",90
152064,147968,2/3,"Agnew, Roy, An Autumn Morning, KBcERxrDTPs.mid",91
147968,213504,0.25,"Agnew, Roy, An Autumn Morning, KBcERxrDTPs.mid",92
213504,213504,0.5,"Agnew, Roy, An Autumn Morning, KBcERxrDTPs.mid",93
213504,739840,0.25,"Agnew, Roy, An Autumn Morning, KBcERxrDTPs.mid",94
739840,739840,1/12,"Agnew, Roy, An Autumn Morning, KBcERxrDTPs.mid",95
739840,18576,5/12,"Agnew, Roy, An Autumn Morning, KBcERxrDTPs.mid",96
18576,19088,0.25,"Agnew, Roy, An Autumn Morning, KBcERxrDTPs.mid",97
19088,18960,0.25,"Agnew, Roy, An Autumn Morning, KBcERxrDTPs.mid",98
18960,18960,11/12,"Agnew, Roy, An Autumn Morning, KBcERxrDTPs.mid",99
18960,6708,1/12,"Agnew, Roy, An Autumn Morning, KBcERxrDTPs.mid",100
6708,4644,1/6,"Agnew, Roy, An Autumn Morning, KBcERxrDTPs.mid",101
4644,4644,5/12,"Agnew, Roy, An Autumn Morning, KBcERxrDTPs.mid",102
4644,4644,1/12,"Agnew, Roy, An Autumn Morning, KBcERxrDTPs.mid",103
4644,548,7/12,"Agnew, Roy, An Autumn Morning, KBcERxrDTPs.mid",104
548,4644,0.75,"Agnew, Roy, An Autumn Morning, KBcERxrDTPs.mid",105
4644,2740,1/12,"Agnew, Roy, An Autumn Morning, KBcERxrDTPs.mid",106
2740,2740,1/12,"Agnew, Roy, An Autumn Morning, KBcERxrDTPs.mid",107
2740,2192,5/6,"Agnew, Roy, An Autumn Morning, KBcERxrDTPs.mid",108
2192,18576,1.25,"Agnew, Roy, An Autumn Morning, KBcERxrDTPs.mid",109
18576,23216,1/12,"Agnew, Roy, An Autumn Morning, KBcERxrDTPs.mid",110
23216,6704,1/6,"Agnew, Roy, An Autumn Morning, KBcERxrDTPs.mid",111
6704,70176,0.75,"Agnew, Roy, An Autumn Morning, KBcERxrDTPs.mid",112
70176,70176,0.75,"Agnew, Roy, An Autumn Morning, KBcERxrDTPs.mid",113
70176,70176,1.0,"Agnew, Roy, An Autumn Morning, KBcERxrDTPs.mid",114
70176,87712,0.25,"Agnew, Roy, An Autumn Morning, KBcERxrDTPs.mid",115
87712,611328,1/12,"Agnew, Roy, An Autumn Morning, KBcERxrDTPs.mid",116
611328,607232,5/12,"Agnew, Roy, An Autumn Morning, KBcERxrDTPs.mid",117
607232,607232,0.75,"Agnew, Roy, An Autumn Morning, KBcERxrDTPs.mid",118
607232,738304,0.5,"Agnew, Roy, An Autumn Morning, KBcERxrDTPs.mid",119
738304,201216,0.25,"Agnew, Roy, An Autumn Morning, KBcERxrDTPs.mid",120
201216,201216,1/6,"Agnew, Roy, An Autumn Morning, KBcERxrDTPs.mid",121
201216,201216,1/12,"Agnew, Roy, An Autumn Morning, KBcERxrDTPs.mid",122
201216,70144,0.75,"Agnew, Roy, An Autumn Morning, KBcERxrDTPs.mid",123
70144,70144,1.25,"Agnew, Roy, An Autumn Morning, KBcERxrDTPs.mid",124
70144,200960,0.75,"Agnew, Roy, An Autumn Morning, KBcERxrDTPs.mid",125
200960,219392,7/12,"Agnew, Roy, An Autumn Morning, KBcERxrDTPs.mid",126
219392,215296,1/12,"Agnew, Roy, An Autumn Morning, KBcERxrDTPs.mid",127
215296,219392,1/3,"Agnew, Roy, An Autumn Morning, KBcERxrDTPs.mid",128
219392,219392,0.25,"Agnew, Roy, An Autumn Morning, KBcERxrDTPs.mid",129
219392,200960,1/12,"Agnew, Roy, An Autumn Morning, KBcERxrDTPs.mid",130
200960,219520,1/6,"Agnew, Roy, An Autumn Morning, KBcERxrDTPs.mid",131
219520,88192,1/6,"Agnew, Roy, An Autumn Morning, KBcERxrDTPs.mid",132
88192,84096,5/6,"Agnew, Roy, An Autumn Morning, KBcERxrDTPs.mid",133
84096,88704,1/6,"Agnew, Roy, An Autumn Morning, KBcERxrDTPs.mid",134
88704,86656,1/3,"Agnew, Roy, An Autumn Morning, KBcERxrDTPs.mid",135
86656,70272,2/3,"Agnew, Roy, An Autumn Morning, KBcERxrDTPs.mid",136
70272,70272,1/12,"Agnew, Roy, An Autumn Morning, KBcERxrDTPs.mid",137
70272,103104,1/12,"Agnew, Roy, An Autumn Morning, KBcERxrDTPs.mid",138
103104,37440,2/3,"Agnew, Roy, An Autumn Morning, KBcERxrDTPs.mid",139
37440,39488,5/12,"Agnew, Roy, An Autumn Morning, KBcERxrDTPs.mid",140
39488,38976,1/12,"Agnew, Roy, An Autumn Morning, KBcERxrDTPs.mid",141
38976,38976,1/6,"Agnew, Roy, An Autumn Morning, KBcERxrDTPs.mid",142
38976,34880,1/12,"Agnew, Roy, An Autumn Morning, KBcERxrDTPs.mid",143
34880,38976,7/12,"Agnew, Roy, An Autumn Morning, KBcERxrDTPs.mid",144
38976,36928,1/6,"Agnew, Roy, An Autumn Morning, KBcERxrDTPs.mid",145
36928,51296,0.25,"Agnew, Roy, An Autumn Morning, KBcERxrDTPs.mid",146
51296,18464,17/12,"Agnew, Roy, An Autumn Morning, KBcERxrDTPs.mid",147
18464,18976,2/3,"Agnew, Roy, An Autumn Morning, KBcERxrDTPs.mid",148
18976,27312,1/6,"Agnew, Roy, An Autumn Morning, KBcERxrDTPs.mid",149
27312,10896,1/6,"Agnew, Roy, An Autumn Morning, KBcERxrDTPs.mid",150
10896,10384,1/3,"Agnew, Roy, An Autumn Morning, KBcERxrDTPs.mid",151
10384,10384,2/3,"Agnew, Roy, An Autumn Morning, KBcERxrDTPs.mid",152
10384,10384,7/6,"Agnew, Roy, An Autumn Morning, KBcERxrDTPs.mid",153
10384,8336,1/6,"Agnew, Roy, An Autumn Morning, KBcERxrDTPs.mid",154
8336,14488,1/6,"Agnew, Roy, An Autumn Morning, KBcERxrDTPs.mid",155
14488,14488,1/6,"Agnew, Roy, An Autumn Morning, KBcERxrDTPs.mid",156
14488,6280,11/12,"Agnew, Roy, An Autumn Morning, KBcERxrDTPs.mid",157
6280,6344,1/12,"Agnew, Roy, An Autumn Morning, KBcERxrDTPs.mid",158
6344,6216,2/3,"Agnew, Roy, An Autumn Morning, KBcERxrDTPs.mid",159
6216,6216,2/3,"Agnew, Roy, An Autumn Morning, KBcERxrDTPs.mid",160
6216,6732,1/12,"Agnew, Roy, An Autumn Morning, KBcERxrDTPs.mid",161
6732,6764,0.25,"Agnew, Roy, An Autumn Morning, KBcERxrDTPs.mid",162
6764,4644,1.5,"Agnew, Roy, An Autumn Morning, KBcERxrDTPs.mid",163
4644,4644,1.0,"Agnew, Roy, An Autumn Morning, KBcERxrDTPs.mid",164
4644,219776,1/6,"Agnew, Roy, An Autumn Morning, KBcERxrDTPs.mid",165
219776,199296,1/12,"Agnew, Roy, An Autumn Morning, KBcERxrDTPs.mid",166
199296,67712,0.25,"Agnew, Roy, An Autumn Morning, KBcERxrDTPs.mid",167
67712,67712,0.75,"Agnew, Roy, An Autumn Morning, KBcERxrDTPs.mid",168
67712,68736,0.25,"Agnew, Roy, An Autumn Morning, KBcERxrDTPs.mid",169
68736,66688,1.25,"Agnew, Roy, An Autumn Morning, KBcERxrDTPs.mid",170
66688,71328,1/6,"Agnew, Roy, An Autumn Morning, KBcERxrDTPs.mid",171
71328,70304,1/12,"Agnew, Roy, An Autumn Morning, KBcERxrDTPs.mid",172
70304,70176,1.5,"Agnew, Roy, An Autumn Morning, KBcERxrDTPs.mid",173
70176,16,1.0,"Agnew, Roy, An Autumn Morning, KBcERxrDTPs.mid",174
16,4768,1.0,"Agnew, Roy, An Autumn Morning, KBcERxrDTPs.mid",175
4768,2320,0.75,"Agnew, Roy, An Autumn Morning, KBcERxrDTPs.mid",176
2320,18704,0.25,"Agnew, Roy, An Autumn Morning, KBcERxrDTPs.mid",177
18704,18704,2/3,"Agnew, Roy, An Autumn Morning, KBcERxrDTPs.mid",178
18704,18704,1/12,"Agnew, Roy, An Autumn Morning, KBcERxrDTPs.mid",179
18704,2320,0.75,"Agnew, Roy, An Autumn Morning, KBcERxrDTPs.mid",180
2320,7576,1/6,"Agnew, Roy, An Autumn Morning, KBcERxrDTPs.mid",181
7576,7576,1/12,"Agnew, Roy, An Autumn Morning, KBcERxrDTPs.mid",182
7576,5256,0.25,"Agnew, Roy, An Autumn Morning, KBcERxrDTPs.mid",183
5256,5256,7/6,"Agnew, Roy, An Autumn Morning, KBcERxrDTPs.mid",184
5256,580,8/3,"Agnew, Roy, An Autumn Morning, KBcERxrDTPs.mid",185
580,580,0.25,"Agnew, Roy, An Autumn Morning, KBcERxrDTPs.mid",186
580,2804,1/12,"Agnew, Roy, An Autumn Morning, KBcERxrDTPs.mid",187
2804,198784,1.0,"Agnew, Roy, An Autumn Morning, KBcERxrDTPs.mid",188
198784,215168,11/12,"Agnew, Roy, An Autumn Morning, KBcERxrDTPs.mid",189
215168,215168,13/12,"Agnew, Roy, An Autumn Morning, KBcERxrDTPs.mid",190
215168,2737,1/6,"Agnew, Roy, An Autumn Morning, KBcERxrDTPs.mid",191
2737,657,0.5,"Agnew, Roy, An Autumn Morning, KBcERxrDTPs.mid",192
657,657,1.25,"Agnew, Roy, An Autumn Morning, KBcERxrDTPs.mid",193
657,657,5/6,"Agnew, Roy, An Autumn Morning, KBcERxrDTPs.mid",194
657,145,1/6,"Agnew, Roy, An Autumn Morning, KBcERxrDTPs.mid",195
145,657,1.0,"Agnew, Roy, An Autumn Morning, KBcERxrDTPs.mid",196
657,657,1/12,"Agnew, Roy, An Autumn Morning, KBcERxrDTPs.mid",197
657,657,2/3,"Agnew, Roy, An Autumn Morning, KBcERxrDTPs.mid",198
657,145,13/12,"Agnew, Roy, An Autumn Morning, KBcERxrDTPs.mid",199
145,128,8/3,"Agnew, Roy, An Autumn Morning, KBcERxrDTPs.mid",200
128,70272,0.25,"Agnew, Roy, An Autumn Morning, KBcERxrDTPs.mid",201
70272,70144,0.75,"Agnew, Roy, An Autumn Morning, KBcERxrDTPs.mid",202
70144,6788,0.25,"Agnew, Roy, An Autumn Morning, KBcERxrDTPs.mid",203
6788,2180,0.75,"Agnew, Roy, An Autumn Morning, KBcERxrDTPs.mid",204
2180,2196,2/3,"Agnew, Roy, An Autumn Morning, KBcERxrDTPs.mid",205
2196,2068,1/12,"Agnew, Roy, An Autumn Morning, KBcERxrDTPs.mid",206
2068,2196,11/12,"Agnew, Roy, An Autumn Morning, KBcERxrDTPs.mid",207
2196,70304,1/12,"Agnew, Roy, An Autumn Morning, KBcERxrDTPs.mid",208
70304,70176,0.25,"Agnew, Roy, An Autumn Morning, KBcERxrDTPs.mid",209
70176,4640,2/3,"Agnew, Roy, An Autumn Morning, KBcERxrDTPs.mid",210
4640,513,7/12,"Agnew, Roy, An Autumn Morning, KBcERxrDTPs.mid",211
513,529,0.75,"Agnew, Roy, An Autumn Morning, KBcERxrDTPs.mid",212
529,565,1/6,"Agnew, Roy, An Autumn Morning, KBcERxrDTPs.mid",213
565,564,1/3,"Agnew, Roy, An Autumn Morning, KBcERxrDTPs.mid",214
564,548,1/6,"Agnew, Roy, An Autumn Morning, KBcERxrDTPs.mid",215
548,548,1/3,"Agnew, Roy, An Autumn Morning, KBcERxrDTPs.mid",216
548,4644,2/3,"Agnew, Roy, An Autumn Morning, KBcERxrDTPs.mid",217
4644,6692,1/3,"Agnew, Roy, An Autumn Morning, KBcERxrDTPs.mid",218
6692,6692,0.5,"Agnew, Roy, An Autumn Morning, KBcERxrDTPs.mid",219
6692,6836,1/6,"Agnew, Roy, An Autumn Morning, KBcERxrDTPs.mid",220
6836,69760,13/12,"Agnew, Roy, An Autumn Morning, KBcERxrDTPs.mid",221
69760,69760,1.5,"Agnew, Roy, An Autumn Morning, KBcERxrDTPs.mid",222
69760,69760,1/12,"Agnew, Roy, An Autumn Morning, KBcERxrDTPs.mid",223
69760,88224,1/6,"Agnew, Roy, An Autumn Morning, KBcERxrDTPs.mid",224
88224,18592,0.5,"Agnew, Roy, An Autumn Morning, KBcERxrDTPs.mid",225
18592,18592,0.25,"Agnew, Roy, An Autumn Morning, KBcERxrDTPs.mid",226
18592,23200,1/12,"Agnew, Roy, An Autumn Morning, KBcERxrDTPs.mid",227
23200,4768,2/3,"Agnew, Roy, An Autumn Morning, KBcERxrDTPs.mid",228
4768,23200,7/12,"Agnew, Roy, An Autumn Morning, KBcERxrDTPs.mid",229
23200,18592,1/12,"Agnew, Roy, An Autumn Morning, KBcERxrDTPs.mid",230
18592,22656,1/3,"Agnew, Roy, An Autumn Morning, KBcERxrDTPs.mid",231
22656,4224,1/3,"Agnew, Roy, An Autumn Morning, KBcERxrDTPs.mid",232
4224,69760,2/3,"Agnew, Roy, An Autumn Morning, KBcERxrDTPs.mid",233
69760,69760,0.75,"Agnew, Roy, An Autumn Morning, KBcERxrDTPs.mid",234
69760,218240,0.25,"Agnew, Roy, An Autumn Morning, KBcERxrDTPs.mid",235
218240,218240,1/12,"Agnew, Roy, An Autumn Morning, KBcERxrDTPs.mid",236
218240,152704,1/12,"Agnew, Roy, An Autumn Morning, KBcERxrDTPs.mid",237
152704,672768,1/3,"Agnew, Roy, An Autumn Morning, KBcERxrDTPs.mid",238
672768,607232,0.5,"Agnew, Roy, An Autumn Morning, KBcERxrDTPs.mid",239
607232,607232,0.75,"Agnew, Roy, An Autumn Morning, KBcERxrDTPs.mid",240
607232,873984,1/12,"Agnew, Roy, An Autumn Morning, KBcERxrDTPs.mid",241
873984,873984,1/6,"Agnew, Roy, An Autumn Morning, KBcERxrDTPs.mid",242
873984,332288,0.75,"Agnew, Roy, An Autumn Morning, KBcERxrDTPs.mid",243
332288,266752,0.25,"Agnew, Roy, An Autumn Morning, KBcERxrDTPs.mid",244
266752,266752,0.75,"Agnew, Roy, An Autumn Morning, KBcERxrDTPs.mid",245
266752,397824,0.25,"Agnew, Roy, An Autumn Morning, KBcERxrDTPs.mid",246
397824,397824,1/3,"Agnew, Roy, An Autumn Morning, KBcERxrDTPs.mid",247
397824,4708,1/12,"Agnew, Roy, An Autumn Morning, KBcERxrDTPs.mid",248
4708,4644,11/12,"Agnew, Roy, An Autumn Morning, KBcERxrDTPs.mid",249
4644,4660,1/6,"Agnew, Roy, An Autumn Morning, KBcERxrDTPs.mid",250
4660,4628,0.5,"Agnew, Roy, An Autumn Morning, KBcERxrDTPs.mid",251
4628,4660,2/3,"Agnew, Roy, An Autumn Morning, KBcERxrDTPs.mid",252
4660,4644,1/12,"Agnew, Roy, An Autumn Morning, KBcERxrDTPs.mid",253
4644,219776,1/12,"Agnew, Roy, An Autumn Morning, KBcERxrDTPs.mid",254
219776,203392,2/3,"Agnew, Roy, An Autumn Morning, KBcERxrDTPs.mid",255
203392,203392,0.5,"Agnew, Roy, An Autumn Morning, KBcERxrDTPs.mid",256
203392,219776,1.0,"Agnew, Roy, An Autumn Morning, KBcERxrDTPs.mid",257
219776,203392,0.25,"Agnew, Roy, An Autumn Morning, KBcERxrDTPs.mid",258
203392,70144,1.0,"Agnew, Roy, An Autumn Morning, KBcERxrDTPs.mid",259
70144,70144,13/12,"Agnew, Roy, An Autumn Morning, KBcERxrDTPs.mid",260
70144,71296,1/6,"Agnew, Roy, An Autumn Morning, KBcERxrDTPs.mid",261
71296,70784,0.5,"Agnew, Roy, An Autumn Morning, KBcERxrDTPs.mid",262
70784,70784,1.75,"Agnew, Roy, An Autumn Morning, KBcERxrDTPs.mid",263
70784,71328,1/12,"Agnew, Roy, An Autumn Morning, KBcERxrDTPs.mid",264
71328,4640,11/12,"Agnew, Roy, An Autumn Morning, KBcERxrDTPs.mid",265
4640,21024,0.75,"Agnew, Roy, An Autumn Morning, KBcERxrDTPs.mid",266
21024,86560,0.5,"Agnew, Roy, An Autumn Morning, KBcERxrDTPs.mid",267
86560,1,0.25,"Agnew, Roy, An Autumn Morning, KBcERxrDTPs.mid",268
1,86560,0.25,"Agnew, Roy, An Autumn Morning, KBcERxrDTPs.mid",269
86560,2448,0.25,"Agnew, Roy, An Autumn Morning, KBcERxrDTPs.mid",270
2448,2448,0.5,"Agnew, Roy, An Autumn Morning, KBcERxrDTPs.mid",271
2448,2320,0.5,"Agnew, Roy, An Autumn Morning, KBcERxrDTPs.mid",272
2320,2448,0.75,"Agnew, Roy, An Autumn Morning, KBcERxrDTPs.mid",273
2448,2480,1/12,"Agnew, Roy, An Autumn Morning, KBcERxrDTPs.mid",274
2480,7092,1/6,"Agnew, Roy, An Autumn Morning, KBcERxrDTPs.mid",275
7092,6964,1/12,"Agnew, Roy, An Autumn Morning, KBcERxrDTPs.mid",276
6964,4644,17/12,"Agnew, Roy, An Autumn Morning, KBcERxrDTPs.mid",277
4644,4644,0.5,"Agnew, Roy, An Autumn Morning, KBcERxrDTPs.mid",278
4644,6820,1/6,"Agnew, Roy, An Autumn Morning, KBcERxrDTPs.mid",279
6820,2212,13/12,"Agnew, Roy, An Autumn Morning, KBcERxrDTPs.mid",280
2212,2196,0.25,"Agnew, Roy, An Autumn Morning, KBcERxrDTPs.mid",281
2196,2196,1/3,"Agnew, Roy, An Autumn Morning, KBcERxrDTPs.mid",282
2196,84096,11/12,"Agnew, Roy, An Autumn Morning, KBcERxrDTPs.mid",283
84096,215168,0.75,"Agnew, Roy, An Autumn Morning, KBcERxrDTPs.mid",284
215168,215168,1/3,"Agnew, Roy, An Autumn Morning, KBcERxrDTPs.mid",285
215168,215168,1/12,"Agnew, Roy, An Autumn Morning, KBcERxrDTPs.mid",286
215168,149632,7/12,"Agnew, Roy, An Autumn Morning, KBcERxrDTPs.mid",287
149632,18560,0.25,"Agnew, Roy, An Autumn Morning, KBcERxrDTPs.mid",288
18560,215168,0.75,"Agnew, Roy, An Autumn Morning, KBcERxrDTPs.mid",289
215168,219776,1/12,"Agnew, Roy, An Autumn Morning, KBcERxrDTPs.mid",290
219776,219776,1/6,"Agnew, Roy, An Autumn Morning, KBcERxrDTPs.mid",291
219776,529,1.75,"Agnew, Roy, An Autumn Morning, KBcERxrDTPs.mid",292
529,529,0.25,"Agnew, Roy, An Autumn Morning, KBcERxrDTPs.mid",293
529,145,0.75,"Agnew, Roy, An Autumn Morning, KBcERxrDTPs.mid",294
145,145,1.0,"Agnew, Roy, An Autumn Morning, KBcERxrDTPs.mid",295
145,657,1.0,"Agnew, Roy, An Autumn Morning, KBcERxrDTPs.mid",296
657,657,0.25,"Agnew, Roy, An Autumn Morning, KBcERxrDTPs.mid",297
657,145,0.75,"Agnew, Roy, An Autumn Morning, KBcERxrDTPs.mid",298
145,1,4.75,"Agnew, Roy, An Autumn Morning, KBcERxrDTPs.mid",299
1,1,0.5,"Agnew, Roy, An Autumn Morning, KBcERxrDTPs.mid",300
1,65664,3.5,"Agnew, Roy, An Autumn Morning, KBcERxrDTPs.mid",301
65664,65664,0.5,"Agnew, Roy, An Autumn Morning, KBcERxrDTPs.mid",302
65664,65664,1.0,"Agnew, Roy, An Autumn Morning, KBcERxrDTPs.mid",303
65664,37536,1/6,"Agnew, Roy, An Autumn Morning, KBcERxrDTPs.mid",304
37536,37408,5/6,"Agnew, Roy, An Autumn Morning, KBcERxrDTPs.mid",305
37408,37536,0.75,"Agnew, Roy, An Autumn Morning, KBcERxrDTPs.mid",306
37536,37536,0.75,"Agnew, Roy, An Autumn Morning, KBcERxrDTPs.mid",307
37536,54944,1/6,"Agnew, Roy, An Autumn Morning, KBcERxrDTPs.mid",308
54944,54816,1/12,"Agnew, Roy, An Autumn Morning, KBcERxrDTPs.mid",309
54816,148480,0.25,"Agnew, Roy, An Autumn Morning, KBcERxrDTPs.mid",310
148480,148480,0.25,"Agnew, Roy, An Autumn Morning, KBcERxrDTPs.mid",311
148480,152576,7/12,"Agnew, Roy, An Autumn Morning, KBcERxrDTPs.mid",312
152576,136192,1/6,"Agnew, Roy, An Autumn Morning, KBcERxrDTPs.mid",313
136192,152576,0.75,"Agnew, Roy, An Autumn Morning, KBcERxrDTPs.mid",314
152576,709632,5/12,"Agnew, Roy, An Autumn Morning, KBcERxrDTPs.mid",315
709632,578560,1/12,"Agnew, Roy, An Autumn Morning, KBcERxrDTPs.mid",316
578560,574464,0.5,"Agnew, Roy, An Autumn Morning, KBcERxrDTPs.mid",317
574464,578560,0.25,"Agnew, Roy, An Autumn Morning, KBcERxrDTPs.mid",318
578560,562176,0.5,"Agnew, Roy, An Autumn Morning, KBcERxrDTPs.mid",319
562176,574464,0.5,"Agnew, Roy, An Autumn Morning, KBcERxrDTPs.mid",320
574464,1024,2.75,"Agnew, Roy, An Autumn Morning, KBcERxrDTPs.mid",321
1024,17576,0.25,"Agnew, Roy, An Autumn Morning, KBcERxrDTPs.mid",322
17576,1064,0.5,"Agnew, Roy, An Autumn Morning, KBcERxrDTPs.mid",323
1064,1064,0.25,"Agnew, Roy, An Autumn Morning, KBcERxrDTPs.mid",324
1064,1032,0.5,"Agnew, Roy, An Autumn Morning, KBcERxrDTPs.mid",325
1032,17416,5/6,"Agnew, Roy, An Autumn Morning, KBcERxrDTPs.mid",326
17416,22024,1/6,"Agnew, Roy, An Autumn Morning, KBcERxrDTPs.mid",327
22024,5644,0.25,"Agnew, Roy, An Autumn Morning, KBcERxrDTPs.mid",328
5644,4612,1.0,"Agnew, Roy, An Autumn Morning, KBcERxrDTPs.mid",329
4612,4644,0.25,"Agnew, Roy, An Autumn Morning, KBcERxrDTPs.mid",330
4644,4644,0.5,"Agnew, Roy, An Autumn Morning, KBcERxrDTPs.mid",331
4644,5796,1/6,"Agnew, Roy, An Autumn Morning, KBcERxrDTPs.mid",332
5796,1188,1/12,"Agnew, Roy, An Autumn Morning, KBcERxrDTPs.mid",333
1188,1156,0.5,"Agnew, Roy, An Autumn Morning, KBcERxrDTPs.mid",334
1156,1156,0.75,"Agnew, Roy, An Autumn Morning, KBcERxrDTPs.mid",335
1156,1188,0.75,"Agnew, Roy, An Autumn Morning, KBcERxrDTPs.mid",336
1188,5796,0.25,"Agnew, Roy, An Autumn Morning, KBcERxrDTPs.mid",337
5796,4772,0.25,"Agnew, Roy, An Autumn Morning, KBcERxrDTPs.mid",338
4772,4768,1/12,"Agnew, Roy, An Autumn Morning, KBcERxrDTPs.mid",339
4768,4768,2/3,"Agnew, Roy, An Autumn Morning, KBcERxrDTPs.mid",340
4768,4768,1/3,"Agnew, Roy, An Autumn Morning, KBcERxrDTPs.mid",341
4768,4768,2/3,"Agnew, Roy, An Autumn Morning, KBcERxrDTPs.mid",342
4768,4128,0.25,"Agnew, Roy, An Autumn Morning, KBcERxrDTPs.mid",343
4128,4256,1/12,"Agnew, Roy, An Autumn Morning, KBcERxrDTPs.mid",344
4256,4256,2/3,"Agnew, Roy, An Autumn Morning, KBcERxrDTPs.mid",345
4256,4768,0.5,"Agnew, Roy, An Autumn Morning, KBcERxrDTPs.mid",346
4768,4768,2/3,"Agnew, Roy, An Autumn Morning, KBcERxrDTPs.mid",347
4768,4768,1/6,"Agnew, Roy, An Autumn Morning, KBcERxrDTPs.mid",348
4768,5800,1/6,"Agnew, Roy, An Autumn Morning, KBcERxrDTPs.mid",349
5800,5768,1/6,"Agnew, Roy, An Autumn Morning, KBcERxrDTPs.mid",350
5768,5256,1/12,"Agnew, Roy, An Autumn Morning, KBcERxrDTPs.mid",351
5256,5256,0.25,"Agnew, Roy, An Autumn Morning, KBcERxrDTPs.mid",352
5256,5256,2/3,"Agnew, Roy, An Autumn Morning, KBcERxrDTPs.mid",353
5256,5256,5/6,"Agnew, Roy, An Autumn Morning, KBcERxrDTPs.mid",354
5256,5804,1/6,"Agnew, Roy, An Autumn Morning, KBcERxrDTPs.mid",355
5804,5804,1/6,"Agnew, Roy, An Autumn Morning, KBcERxrDTPs.mid",356
5804,5668,0.25,"Agnew, Roy, An Autumn Morning, KBcERxrDTPs.mid",357
5668,4644,0.25,"Agnew, Roy, An Autumn Morning, KBcERxrDTPs.mid",358
4644,5668,2/3,"Agnew, Roy, An Autumn Morning, KBcERxrDTPs.mid",359
5668,5668,0.75,"Agnew, Roy, An Autumn Morning, KBcERxrDTPs.mid",360
5668,1709,1/12,"Agnew, Roy, An Autumn Morning, KBcERxrDTPs.mid",361
1709,1709,1/6,"Agnew, Roy, An Autumn Morning, KBcERxrDTPs.mid",362
1709,1161,2/3,"Agnew, Roy, An Autumn Morning, KBcERxrDTPs.mid",363
1161,1673,2/3,"Agnew, Roy, An Autumn Morning, KBcERxrDTPs.mid",364
1673,1673,2/3,"Agnew, Roy, An Autumn Morning, KBcERxrDTPs.mid",365
1673,2806784,0.25,"Agnew, Roy, An Autumn Morning, KBcERxrDTPs.mid",366
2806784,2769920,1/12,"Agnew, Roy, An Autumn Morning, KBcERxrDTPs.mid",367
2769920,2245632,7/6,"Agnew, Roy, An Autumn Morning, KBcERxrDTPs.mid",368
2245632,2245632,0.5,"Agnew, Roy, An Autumn Morning, KBcERxrDTPs.mid",369
2245632,2245632,2/3,"Agnew, Roy, An Autumn Morning, KBcERxrDTPs.mid",370
2245632,742912,1/12,"Agnew, Roy, An Autumn Morning, KBcERxrDTPs.mid",371
742912,610816,1/12,"Agnew, Roy, An Autumn Morning, KBcERxrDTPs.mid",372
610816,594432,17/12,"Agnew, Roy, An Autumn Morning, KBcERxrDTPs.mid",373
594432,594432,1.0,"Agnew, Roy, An Autumn Morning, KBcERxrDTPs.mid",374
594432,725504,0.75,"Agnew, Roy, An Autumn Morning, KBcERxrDTPs.mid",375
725504,725504,0.25,"Agnew, Roy, An Autumn Morning, KBcERxrDTPs.mid",376
725504,741888,0.75,"Agnew, Roy, An Autumn Morning, KBcERxrDTPs.mid",377
741888,676352,0.75,"Agnew, Roy, An Autumn Morning, KBcERxrDTPs.mid",378
676352,152192,1/6,"Agnew, Roy, An Autumn Morning, KBcERxrDTPs.mid",379
152192,152192,1/12,"Agnew, Roy, An Autumn Morning, KBcERxrDTPs.mid",380
152192,152192,1/6,"Agnew, Roy, An Autumn Morning, KBcERxrDTPs.mid",381
152192,151680,1/12,"Agnew, Roy, An Autumn Morning, KBcERxrDTPs.mid",382
151680,20608,13/12,"Agnew, Roy, An Autumn Morning, KBcERxrDTPs.mid",383
20608,21120,2/3,"Agnew, Roy, An Autumn Morning, KBcERxrDTPs.mid",384
21120,21120,1/3,"Agnew, Roy, An Autumn Morning, KBcERxrDTPs.mid",385
21120,20608,1/6,"Agnew, Roy, An Autumn Morning, KBcERxrDTPs.mid",386
20608,16512,19/12,"Agnew, Roy, An Autumn Morning, KBcERxrDTPs.mid",387
16512,16512,1/6,"Agnew, Roy, An Autumn Morning, KBcERxrDTPs.mid",388
16512,16512,1.25,"Agnew, Roy, An Autumn Morning, KBcERxrDTPs.mid",389
16512,1161,1/12,"Agnew, Roy, An Autumn Morning, KBcERxrDTPs.mid",390
1161,1161,5/12,"Agnew, Roy, An Autumn Morning, KBcERxrDTPs.mid",391
1161,1161,1/3,"Agnew, Roy, An Autumn Morning, KBcERxrDTPs.mid",392
1161,1165,2/3,"Agnew, Roy, An Autumn Morning, KBcERxrDTPs.mid",393
1165,1709,0.75,"Agnew, Roy, An Autumn Morning, KBcERxrDTPs.mid",394
1709,709632,1/12,"Agnew, Roy, An Autumn Morning, KBcERxrDTPs.mid",395
709632,693248,1/6,"Agnew, Roy, An Autumn Morning, KBcERxrDTPs.mid",396
693248,689152,0.5,"Agnew, Roy, An Autumn Morning, KBcERxrDTPs.mid",397
689152,705536,0.5,"Agnew, Roy, An Autumn Morning, KBcERxrDTPs.mid",398
705536,574464,0.25,"Agnew, Roy, An Autumn Morning, KBcERxrDTPs.mid",399
574464,574464,0.75,"Agnew, Roy, An Autumn Morning, KBcERxrDTPs.mid",400
574464,574464,0.25,"Agnew, Roy, An Autumn Morning, KBcERxrDTPs.mid",401
574464,17544,0.5,"Agnew, Roy, An Autumn Morning, KBcERxrDTPs.mid",402
17544,21640,7/12,"Agnew, Roy, An Autumn Morning, KBcERxrDTPs.mid",403
21640,21640,0.25,"Agnew, Roy, An Autumn Morning, KBcERxrDTPs.mid",404
21640,21640,1/6,"Agnew, Roy, An Autumn Morning, KBcERxrDTPs.mid",405
21640,21640,0.25,"Agnew, Roy, An Autumn Morning, KBcERxrDTPs.mid",406
21640,37920,1/12,"Agnew, Roy, An Autumn Morning, KBcERxrDTPs.mid",407
37920,37920,11/12,"Agnew, Roy, An Autumn Morning, KBcERxrDTPs.mid",408
37920,38432,2/3,"Agnew, Roy, An Autumn Morning, KBcERxrDTPs.mid",409
38432,38432,1/3,"Agnew, Roy, An Autumn Morning, KBcERxrDTPs.mid",410
38432,38432,5/12,"Agnew, Roy, An Autumn Morning, KBcERxrDTPs.mid",411
38432,37408,1/12,"Agnew, Roy, An Autumn Morning, KBcERxrDTPs.mid",412
37408,165504,1/6,"Agnew, Roy, An Autumn Morning, KBcERxrDTPs.mid",413
165504,33920,7/12,"Agnew, Roy, An Autumn Morning, KBcERxrDTPs.mid",414
33920,164992,0.75,"Agnew, Roy, An Autumn Morning, KBcERxrDTPs.mid",415
164992,164992,0.75,"Agnew, Roy, An Autumn Morning, KBcERxrDTPs.mid",416
164992,1708,0.25,"Agnew, Roy, An Autumn Morning, KBcERxrDTPs.mid",417
1708,548,0.5,"Agnew, Roy, An Autumn Morning, KBcERxrDTPs.mid",418
548,4644,0.25,"Agnew, Roy, An Autumn Morning, KBcERxrDTPs.mid",419
4644,4644,0.25,"Agnew, Roy, An Autumn Morning, KBcERxrDTPs.mid",420
4644,4644,0.25,"Agnew, Roy, An Autumn Morning, KBcERxrDTPs.mid",421
4644,5796,0.75,"Agnew, Roy, An Autumn Morning, KBcERxrDTPs.mid",422
5796,1709,0.25,"Agnew, Roy, An Autumn Morning, KBcERxrDTPs.mid",423
1709,1709,1/6,"Agnew, Roy, An Autumn Morning, KBcERxrDTPs.mid",424
1709,1161,1/3,"Agnew, Roy, An Autumn Morning, KBcERxrDTPs.mid",425
1161,1673,0.25,"Agnew, Roy, An Autumn Morning, KBcERxrDTPs.mid",426
1673,649,0.5,"Agnew, Roy, An Autumn Morning, KBcERxrDTPs.mid",427
649,681,1.0,"Agnew, Roy, An Autumn Morning, KBcERxrDTPs.mid",428
681,607232,0.5,"Agnew, Roy, An Autumn Morning, KBcERxrDTPs.mid",429
607232,607232,4/3,"Agnew, Roy, An Autumn Morning, KBcERxrDTPs.mid",430
607232,611328,4/3,"Agnew, Roy, An Autumn Morning, KBcERxrDTPs.mid",431
611328,120480,1/12,"Agnew, Roy, An Autumn Morning, KBcERxrDTPs.mid",432
120480,120352,1/12,"Agnew, Roy, An Autumn Morning, KBcERxrDTPs.mid",433
120352,37408,5/6,"Agnew, Roy, An Autumn Morning, KBcERxrDTPs.mid",434
37408,37536,1/3,"Agnew, Roy, An Autumn Morning, KBcERxrDTPs.mid",435
37536,37536,1/3,"Agnew, Roy, An Autumn Morning, KBcERxrDTPs.mid",436
37536,37536,2/3,"Agnew, Roy, An Autumn Morning, KBcERxrDTPs.mid",437
37536,53920,1/12,"Agnew, Roy, An Autumn Morning, KBcERxrDTPs.mid",438
53920,49824,1/6,"Agnew, Roy, An Autumn Morning, KBcERxrDTPs.mid",439
49824,50848,1/12,"Agnew, Roy, An Autumn Morning, KBcERxrDTPs.mid",440
50848,148480,5/12,"Agnew, Roy, An Autumn Morning, KBcERxrDTPs.mid",441
148480,136192,7/12,"Agnew, Roy, An Autumn Morning, KBcERxrDTPs.mid",442
136192,136192,1/6,"Agnew, Roy, An Autumn Morning, KBcERxrDTPs.mid",443
136192,152576,0.75,"Agnew, Roy, An Autumn Morning, KBcERxrDTPs.mid",444
152576,709632,0.25,"Agnew, Roy, An Autumn Morning, KBcERxrDTPs.mid",445
709632,558080,0.5,"Agnew, Roy, An Autumn Morning, KBcERxrDTPs.mid",446
558080,562176,0.75,"Agnew, Roy, An Autumn Morning, KBcERxrDTPs.mid",447
562176,574464,7/12,"Agnew, Roy, An Autumn Morning, KBcERxrDTPs.mid",448
574464,705536,1/6,"Agnew, Roy, An Autumn Morning, KBcERxrDTPs.mid",449
705536,689152,1/12,"Agnew, Roy, An Autumn Morning, KBcERxrDTPs.mid",450
689152,164864,5/12,"Agnew, Roy, An Autumn Morning, KBcERxrDTPs.mid",451
164864,164864,1/3,"Agnew, Roy, An Autumn Morning, KBcERxrDTPs.mid",452
164864,33792,5/12,"Agnew, Roy, An Autumn Morning, KBcERxrDTPs.mid",453
33792,50176,0.75,"Agnew, Roy, An Autumn Morning, KBcERxrDTPs.mid",454
50176,2151424,1/6,"Agnew, Roy, An Autumn Morning, KBcERxrDTPs.mid",455
2151424,2151424,1/12,"Agnew, Roy, An Autumn Morning, KBcERxrDTPs.mid",456
2151424,2118656,1/6,"Agnew, Roy, An Autumn Morning, KBcERxrDTPs.mid",457
2118656,4612,1/12,"Agnew, Roy, An Autumn Morning, KBcERxrDTPs.mid",458
4612,4612,1.0,"Agnew, Roy, An Autumn Morning, KBcERxrDTPs.mid",459
4612,4644,2/3,"Agnew, Roy, An Autumn Morning, KBcERxrDTPs.mid",460
4644,5796,1/6,"Agnew, Roy, An Autumn Morning, KBcERxrDTPs.mid",461
5796,1188,1/6,"Agnew, Roy, An Autumn Morning, KBcERxrDTPs.mid",462
1188,1156,1/3,"Agnew, Roy, An Autumn Morning, KBcERxrDTPs.mid",463
1156,1156,2/3,"Agnew, Roy, An Autumn Morning, KBcERxrDTPs.mid",464
1156,1188,1.0,"Agnew, Roy, An Autumn Morning, KBcERxrDTPs.mid",465
1188,4,1/6,"Agnew, Roy, An Autumn Morning, KBcERxrDTPs.mid",466
4,22176,1/12,"Agnew, Roy, An Autumn Morning, KBcERxrDTPs.mid",467
22176,5792,1/12,"Agnew, Roy, An Autumn Morning, KBcERxrDTPs.mid",468
5792,4768,4/3,"Agnew, Roy, An Autumn Morning, KBcERxrDTPs.mid",469
4768,4768,2/3,"Agnew, Roy, An Autumn Morning, KBcERxrDTPs.mid",470
4768,4768,1/12,"Agnew, Roy, An Autumn Morning, KBcERxrDTPs.mid",471
4768,4128,1/12,"Agnew, Roy, An Autumn Morning, KBcERxrDTPs.mid",472
4128,4256,11/12,"Agnew, Roy, An Autumn Morning, KBcERxrDTPs.mid",473
4256,4768,0.5,"Agnew, Roy, An Autumn Morning, KBcERxrDTPs.mid",474
4768,4768,0.25,"Agnew, Roy, An Autumn Morning, KBcERxrDTPs.mid",475
4768,4768,5/12,"Agnew, Roy, An Autumn Morning, KBcERxrDTPs.mid",476
4768,4768,0.25,"Agnew, Roy, An Autumn Morning, KBcERxrDTPs.mid",477
4768,5800,1/12,"Agnew, Roy, An Autumn Morning, KBcERxrDTPs.mid",478
5800,5288,1/12,"Agnew, Roy, An Autumn Morning, KBcERxrDTPs.mid",479
5288,5288,1/6,"Agnew, Roy, An Autumn Morning, KBcERxrDTPs.mid",480
5288,5256,2/3,"Agnew, Roy, An Autumn Morning, KBcERxrDTPs.mid",481
5256,1160,1/3,"Agnew, Roy, An Autumn Morning, KBcERxrDTPs.mid",482
1160,5256,0.75,"Agnew, Roy, An Autumn Morning, KBcERxrDTPs.mid",483
5256,5804,1/6,"Agnew, Roy, An Autumn Morning, KBcERxrDTPs.mid",484
5804,4644,7/12,"Agnew, Roy, An Autumn Morning, KBcERxrDTPs.mid",485
4644,5668,0.5,"Agnew, Roy, An Autumn Morning, KBcERxrDTPs.mid",486
5668,5668,0.25,"Agnew, Roy, An Autumn Morning, KBcERxrDTPs.mid",487
5668,5668,0.75,"Agnew, Roy, An Autumn Morning, KBcERxrDTPs.mid",488
5668,4644,0.25,"Agnew, Roy, An Autumn Morning, KBcERxrDTPs.mid",489
4644,1709,1/6,"Agnew, Roy, An Autumn Morning, KBcERxrDTPs.mid",490
1709,1673,0.5,"Agnew, Roy, An Autumn Morning, KBcERxrDTPs.mid",491
1673,1161,1/12,"Agnew, Roy, An Autumn Morning, KBcERxrDTPs.mid",492
1161,1673,2/3,"Agnew, Roy, An Autumn Morning, KBcERxrDTPs.mid",493
1673,1673,5/6,"Agnew, Roy, An Autumn Morning, KBcERxrDTPs.mid",494
1673,2806784,1/6,"Agnew, Roy, An Autumn Morning, KBcERxrDTPs.mid",495
2806784,2806784,1/12,"Agnew, Roy, An Autumn Morning, KBcERxrDTPs.mid",496
2806784,2245632,0.25,"Agnew, Roy, An Autumn Morning, KBcERxrDTPs.mid",497
2245632,2245632,1.0,"Agnew, Roy, An Autumn Morning, KBcERxrDTPs.mid",498
2245632,2245632,1.25,"Agnew, Roy, An Autumn Morning, KBcERxrDTPs.mid",499
2245632,742912,0.25,"Agnew, Roy, An Autumn Morning, KBcERxrDTPs.mid",500
742912,594432,1.5,"Agnew, Roy, An Autumn Morning, KBcERxrDTPs.mid",501
594432,594432,2.0,"Agnew, Roy, An Autumn Morning, KBcERxrDTPs.mid",502
594432,725504,1.0,"Agnew, Roy, An Autumn Morning, KBcERxrDTPs.mid",503
725504,741888,1.0,"Agnew, Roy, An Autumn Morning, KBcERxrDTPs.mid",504
741888,594432,1.0,"Agnew, Roy, An Autumn Morning, KBcERxrDTPs.mid",505
594432,20512,1.0,"Agnew, Roy, An Autumn Morning, KBcERxrDTPs.mid",506
20512,151680,1/3,"Agnew, Roy, An Autumn Morning, KBcERxrDTPs.mid",507
151680,151680,1/6,"Agnew, Roy, An Autumn Morning, KBcERxrDTPs.mid",508
151680,20608,1.75,"Agnew, Roy, An Autumn Morning, KBcERxrDTPs.mid",509
20608,21120,0.75,"Agnew, Roy, An Autumn Morning, KBcERxrDTPs.mid",510
21120,21120,0.25,"Agnew, Roy, An Autumn Morning, KBcERxrDTPs.mid",511
21120,21120,0.25,"Agnew, Roy, An Autumn Morning, KBcERxrDTPs.mid",512
21120,17024,0.25,"Agnew, Roy, An Autumn Morning, KBcERxrDTPs.mid",513
17024,16512,3.25,"Agnew, Roy, An Autumn Morning, KBcERxrDTPs.mid",514
16512,16512,0.25,"Agnew, Roy, An Autumn Morning, KBcERxrDTPs.mid",515
16512,53888,1/12,"Agnew, Roy, An Autumn Morning, KBcERxrDTPs.mid",516
53888,4744,1/6,"Agnew, Roy, An Autumn Morning, KBcERxrDTPs.mid",517
4744,4616,0.5,"Agnew, Roy, An Autumn Morning, KBcERxrDTPs.mid",518
4616,4744,0.75,"Agnew, Roy, An Autumn Morning, KBcERxrDTPs.mid",519
4744,5768,0.75,"Agnew, Roy, An Autumn Morning, KBcERxrDTPs.mid",520
5768,5676,1/12,"Agnew, Roy, An Autumn Morning, KBcERxrDTPs.mid",521
5676,1572,1/6,"Agnew, Roy, An Autumn Morning, KBcERxrDTPs.mid",522
1572,548,1.25,"Agnew, Roy, An Autumn Morning, KBcERxrDTPs.mid",523
548,548,0.75,"Agnew, Roy, An Autumn Morning, KBcERxrDTPs.mid",524
548,684,0.25,"Agnew, Roy, An Autumn Morning, KBcERxrDTPs.mid",525
684,136,2/3,"Agnew, Roy, An Autumn Morning, KBcERxrDTPs.mid",526
136,4232,2/3,"Agnew, Roy, An Autumn Morning, KBcERxrDTPs.mid",527
4232,5256,1/12,"Agnew, Roy, An Autumn Morning, KBcERxrDTPs.mid",528
5256,1160,7/12,"Agnew, Roy, An Autumn Morning, KBcERxrDTPs.mid",529
1160,5256,1/3,"Agnew, Roy, An Autumn Morning, KBcERxrDTPs.mid",530
5256,4232,2/3,"Agnew, Roy, An Autumn Morning, KBcERxrDTPs.mid",531
4232,4232,0.5,"Agnew, Roy, An Autumn Morning, KBcERxrDTPs.mid",532
4232,4744,5/6,"Agnew, Roy, An Autumn Morning, KBcERxrDTPs.mid",533
4744,1677,1/6,"Agnew, Roy, An Autumn Morning, KBcERxrDTPs.mid",534
1677,1669,0.25,"Agnew, Roy, An Autumn Morning, KBcERxrDTPs.mid",535
1669,1157,1.5,"Agnew, Roy, An Autumn Morning, KBcERxrDTPs.mid",536
1157,1189,0.75,"Agnew, Roy, An Autumn Morning, KBcERxrDTPs.mid",537
1189,1189,0.25,"Agnew, Roy, An Autumn Morning, KBcERxrDTPs.mid",538
1189,1701,1/12,"Agnew, Roy, An Autumn Morning, KBcERxrDTPs.mid",539
1701,548,1/6,"Agnew, Roy, An Autumn Morning, KBcERxrDTPs.mid",540
548,516,1.0,"Agnew, Roy, An Autumn Morning, KBcERxrDTPs.mid",541
516,532,1.0,"Agnew, Roy, An Autumn Morning, KBcERxrDTPs.mid",542
532,516,1.25,"Agnew, Roy, An Autumn Morning, KBcERxrDTPs.mid",543
516,1684,0.25,"Agnew, Roy, An Autumn Morning, KBcERxrDTPs.mid",544
1684,590848,10/3,"Agnew, Roy, An Autumn Morning, KBcERxrDTPs.mid",545
590848,594944,5/12,"Agnew, Roy, An Autumn Morning, KBcERxrDTPs.mid",546
594944,529408,0.25,"Agnew, Roy, An Autumn Morning, KBcERxrDTPs.mid",547
529408,529408,3.0,"Agnew, Roy, An Autumn Morning, KBcERxrDTPs.mid",548
529408,1,1.0,"Agnew, Roy, An Autumn Morning, KBcERxrDTPs.mid",549
1,1,0.25,"Agnew, Roy, An Autumn Morning, KBcERxrDTPs.mid",550
1,21024,1/12,"Agnew, Roy, An Autumn Morning, KBcERxrDTPs.mid",551
21024,16928,4/3,"Agnew, Roy, An Autumn Morning, KBcERxrDTPs.mid",552
16928,82464,1/12,"Agnew, Roy, An Autumn Morning, KBcERxrDTPs.mid",553
82464,86560,0.75,"Agnew, Roy, An Autumn Morning, KBcERxrDTPs.mid",554
86560,88608,0.75,"Agnew, Roy, An Autumn Morning, KBcERxrDTPs.mid",555
88608,70144,0.75,"Agnew, Roy, An Autumn Morning, KBcERxrDTPs.mid",556
70144,70144,2/3,"Agnew, Roy, An Autumn Morning, KBcERxrDTPs.mid",557
70144,88576,1/3,"Agnew, Roy, An Autumn Morning, KBcERxrDTPs.mid",558
88576,88576,5/12,"Agnew, Roy, An Autumn Morning, KBcERxrDTPs.mid",559
88576,70144,1/12,"Agnew, Roy, An Autumn Morning, KBcERxrDTPs.mid",560
70144,70272,0.75,"Agnew, Roy, An Autumn Morning, KBcERxrDTPs.mid",561
70272,70272,0.75,"Agnew, Roy, An Autumn Morning, KBcERxrDTPs.mid",562
70272,70272,2/3,"Agnew, Roy, An Autumn Morning, KBcERxrDTPs.mid",563
70272,6800,1/12,"Agnew, Roy, An Autumn Morning, KBcERxrDTPs.mid",564
6800,6800,1/6,"Agnew, Roy, An Autumn Morning, KBcERxrDTPs.mid",565
6800,6288,1/12,"Agnew, Roy, An Autumn Morning, KBcERxrDTPs.mid",566
6288,6288,0.5,"Agnew, Roy, An Autumn Morning, KBcERxrDTPs.mid",567
6288,6800,0.75,"Agnew, Roy, An Autumn Morning, KBcERxrDTPs.mid",568
6800,6800,2/3,"Agnew, Roy, An Autumn Morning, KBcERxrDTPs.mid",569
6800,640,1/12,"Agnew, Roy, An Autumn Morning, KBcERxrDTPs.mid",570
640,70304,0.25,"Agnew, Roy, An Autumn Morning, KBcERxrDTPs.mid",571
70304,70176,0.25,"Agnew, Roy, An Autumn Morning, KBcERxrDTPs.mid",572
70176,70176,1.0,"Agnew, Roy, An Autumn Morning, KBcERxrDTPs.mid",573
70176,70176,0.5,"Agnew, Roy, An Autumn Morning, KBcERxrDTPs.mid",574
70176,70176,0.5,"Agnew, Roy, An Autumn Morning, KBcERxrDTPs.mid",575
70176,88736,1/6,"Agnew, Roy, An Autumn Morning, KBcERxrDTPs.mid",576
88736,6292,1/12,"Agnew, Roy, An Autumn Morning, KBcERxrDTPs.mid",577
6292,2196,7/12,"Agnew, Roy, An Autumn Morning, KBcERxrDTPs.mid",578
2196,2228,2/3,"Agnew, Roy, An Autumn Morning, KBcERxrDTPs.mid",579
2228,2228,0.75,"Agnew, Roy, An Autumn Morning, KBcERxrDTPs.mid",580
2228,2741,0.25,"Agnew, Roy, An Autumn Morning, KBcERxrDTPs.mid",581
2741,529,1.0,"Agnew, Roy, An Autumn Morning, KBcERxrDTPs.mid",582
529,529,0.25,"Agnew, Roy, An Autumn Morning, KBcERxrDTPs.mid",583
529,529,0.75,"Agnew, Roy, An Autumn Morning, KBcERxrDTPs.mid",584
529,2709,1/12,"Agnew, Roy, An Autumn Morning, KBcERxrDTPs.mid",585
2709,18576,1/6,"Agnew, Roy, An Autumn Morning, KBcERxrDTPs.mid",586
18576,18576,0.5,"Agnew, Roy, An Autumn Morning, KBcERxrDTPs.mid",587
18576,18576,0.75,"Agnew, Roy, An Autumn Morning, KBcERxrDTPs.mid",588
18576,18576,5/6,"Agnew, Roy, An Autumn Morning, KBcERxrDTPs.mid",589
18576,22704,1/6,"Agnew, Roy, An Autumn Morning, KBcERxrDTPs.mid",590
22704,69664,1/6,"Agnew, Roy, An Autumn Morning, KBcERxrDTPs.mid",591
69664,86048,1/3,"Agnew, Roy, An Autumn Morning, KBcERxrDTPs.mid",592
86048,86560,5/12,"Agnew, Roy, An Autumn Morning, KBcERxrDTPs.mid",593
86560,70176,1/3,"Agnew, Roy, An Autumn Morning, KBcERxrDTPs.mid",594
70176,70176,1/12,"Agnew, Roy, An Autumn Morning, KBcERxrDTPs.mid",595
70176,70176,2/3,"Agnew, Roy, An Autumn Morning, KBcERxrDTPs.mid",596
70176,88224,1/12,"Agnew, Roy, An Autumn Morning, KBcERxrDTPs.mid",597
88224,18560,17/12,"Agnew, Roy, An Autumn Morning, KBcERxrDTPs.mid",598
18560,18560,1.0,"Agnew, Roy, An Autumn Morning, KBcERxrDTPs.mid",599
18560,70144,4/3,"Agnew, Roy, An Autumn Morning, KBcERxrDTPs.mid",600
70144,70144,17/12,"Agnew, Roy, An Autumn Morning, KBcERxrDTPs.mid",601
70144,72320,1/3,"Agnew, Roy, An Autumn Morning, KBcERxrDTPs.mid",602
72320,72320,1/6,"Agnew, Roy, An Autumn Morning, KBcERxrDTPs.mid",603
72320,67712,0.5,"Agnew, Roy, An Autumn Morning, KBcERxrDTPs.mid",604
67712,71808,0.25,"Agnew, Roy, An Autumn Morning, KBcERxrDTPs.mid",605
71808,71808,0.5,"Agnew, Roy, An Autumn Morning, KBcERxrDTPs.mid",606
71808,88192,0.75,"Agnew, Roy, An Autumn Morning, KBcERxrDTPs.mid",607
88192,88736,1/6,"Agnew, Roy, An Autumn Morning, KBcERxrDTPs.mid",608
88736,21024,7/12,"Agnew, Roy, An Autumn Morning, KBcERxrDTPs.mid",609
21024,86560,2/3,"Agnew, Roy, An Autumn Morning, KBcERxrDTPs.mid",610
86560,88608,1/12,"Agnew, Roy, An Autumn Morning, KBcERxrDTPs.mid",611
88608,88608,2/3,"Agnew, Roy, An Autumn Morning, KBcERxrDTPs.mid",612
88608,70176,1/12,"Agnew, Roy, An Autumn Morning, KBcERxrDTPs.mid",613
70176,4640,1/12,"Agnew, Roy, An Autumn Morning, KBcERxrDTPs.mid",614
4640,4640,5/12,"Agnew, Roy, An Autumn Morning, KBcERxrDTPs.mid",615
4640,4640,1.0,"Agnew, Roy, An Autumn Morning, KBcERxrDTPs.mid",616
4640,23072,1.0,"Agnew, Roy, An Autumn Morning, KBcERxrDTPs.mid",617
23072,2741,0.25,"Agnew, Roy, An Autumn Morning, KBcERxrDTPs.mid",618
2741,145,0.5,"Agnew, Roy, An Autumn Morning, KBcERxrDTPs.mid",619
145,2193,0.75,"Agnew, Roy, An Autumn Morning, KBcERxrDTPs.mid",620
2193,145,0.5,"Agnew, Roy, An Autumn Morning, KBcERxrDTPs.mid",621
145,145,1/3,"Agnew, Roy, An Autumn Morning, KBcERxrDTPs.mid",622
145,657,1/6,"Agnew, Roy, An Autumn Morning, KBcERxrDTPs.mid",623
657,657,7/6,"Agnew, Roy, An Autumn Morning, KBcERxrDTPs.mid",624
657,657,1/6,"Agnew, Roy, An Autumn Morning, KBcERxrDTPs.mid",625
657,145,11/6,"Agnew, Roy, An Autumn Morning, KBcERxrDTPs.mid",626
145,2193,0.25,"Agnew, Roy, An Autumn Morning, KBcERxrDTPs.mid",627
2193,2193,1/12,"Agnew, Roy, An Autumn Morning, KBcERxrDTPs.mid",628
2193,2192,0.5,"Agnew, Roy, An Autumn Morning, KBcERxrDTPs.mid",629
2192,6288,0.75,"Agnew, Roy, An Autumn Morning, KBcERxrDTPs.mid",630
6288,22672,0.5,"Agnew, Roy, An Autumn Morning, KBcERxrDTPs.mid",631
22672,22736,1/6,"Agnew, Roy, An Autumn Morning, KBcERxrDTPs.mid",632
22736,86080,1/12,"Agnew, Roy, An Autumn Morning, KBcERxrDTPs.mid",633
86080,86080,0.25,"Agnew, Roy, An Autumn Morning, KBcERxrDTPs.mid",634
86080,86080,0.75,"Agnew, Roy, An Autumn Morning, KBcERxrDTPs.mid",635
86080,86592,1.0,"Agnew, Roy, An Autumn Morning, KBcERxrDTPs.mid",636
86592,88640,1/12,"Agnew, Roy, An Autumn Morning, KBcERxrDTPs.mid",637
88640,2565,1/6,"Agnew, Roy, An Autumn Morning, KBcERxrDTPs.mid",638
2565,18560,0.5,"Agnew, Roy, An Autumn Morning, KBcERxrDTPs.mid",639
18560,18560,0.25,"Agnew, Roy, An Autumn Morning, KBcERxrDTPs.mid",640
18560,18560,0.5,"Agnew, Roy, An Autumn Morning, KBcERxrDTPs.mid",641
18560,18560,0.75,"Agnew, Roy, An Autumn Morning, KBcERxrDTPs.mid",642
18560,154240,0.25,"Agnew, Roy, An Autumn Morning, KBcERxrDTPs.mid",643
154240,135808,1/12,"Agnew, Roy, An Autumn Morning, KBcERxrDTPs.mid",644
135808,135680,5/12,"Agnew, Roy, An Autumn Morning, KBcERxrDTPs.mid",645
135680,152064,0.5,"Agnew, Roy, An Autumn Morning, KBcERxrDTPs.mid",646
152064,217600,0.5,"Agnew, Roy, An Autumn Morning, KBcERxrDTPs.mid",647
217600,217600,0.25,"Agnew, Roy, An Autumn Morning, KBcERxrDTPs.mid",648
217600,741888,1/12,"Agnew, Roy, An Autumn Morning, KBcERxrDTPs.mid",649
741888,743936,1/6,"Agnew, Roy, An Autumn Morning, KBcERxrDTPs.mid",650
743936,18576,0.5,"Agnew, Roy, An Autumn Morning, KBcERxrDTPs.mid",651
18576,19088,0.25,"Agnew, Roy, An Autumn Morning, KBcERxrDTPs.mid",652
19088,18960,5/12,"Agnew, Roy, An Autumn Morning, KBcERxrDTPs.mid",653
18960,18960,7/12,"Agnew, Roy, An Autumn Morning, KBcERxrDTPs.mid",654
18960,2612,1/12,"Agnew, Roy, An Autumn Morning, KBcERxrDTPs.mid",655
2612,6708,1/6,"Agnew, Roy, An Autumn Morning, KBcERxrDTPs.mid",656
6708,6708,1/12,"Agnew, Roy, An Autumn Morning, KBcERxrDTPs.mid",657
6708,6692,1/12,"Agnew, Roy, An Autumn Morning, KBcERxrDTPs.mid",658
6692,4644,1/3,"Agnew, Roy, An Autumn Morning, KBcERxrDTPs.mid",659
4644,4644,1/12,"Agnew, Roy, An Autumn Morning, KBcERxrDTPs.mid",660
4644,548,7/12,"Agnew, Roy, An Autumn Morning, KBcERxrDTPs.mid",661
548,4644,1/3,"Agnew, Roy, An Autumn Morning, KBcERxrDTPs.mid",662
4644,4644,1/3,"Agnew, Roy, An Autumn Morning, KBcERxrDTPs.mid",663
4644,6836,1/6,"Agnew, Roy, An Autumn Morning, KBcERxrDTPs.mid",664
6836,6288,1/6,"Agnew, Roy, An Autumn Morning, KBcERxrDTPs.mid",665
6288,2192,2/3,"Agnew, Roy, An Autumn Morning, KBcERxrDTPs.mid",666
2192,2064,1/6,"Agnew, Roy, An Autumn Morning, KBcERxrDTPs.mid",667
2064,18576,7/6,"Agnew, Roy, An Autumn Morning, KBcERxrDTPs.mid",668
18576,23216,1/6,"Agnew, Roy, An Autumn Morning, KBcERxrDTPs.mid",669
23216,70176,7/6,"Agnew, Roy, An Autumn Morning, KBcERxrDTPs.mid",670
70176,70176,0.25,"Agnew, Roy, An Autumn Morning, KBcERxrDTPs.mid",671
70176,70176,11/12,"Agnew, Roy, An Autumn Morning, KBcERxrDTPs.mid",672
70176,4640,1/12,"Agnew, Roy, An Autumn Morning, KBcERxrDTPs.mid",673
4640,87712,1/6,"Agnew, Roy, An Autumn Morning, KBcERxrDTPs.mid",674
87712,611328,1/12,"Agnew, Roy, An Autumn Morning, KBcERxrDTPs.mid",675
611328,607232,0.5,"Agnew, Roy, An Autumn Morning, KBcERxrDTPs.mid",676
607232,607232,0.5,"Agnew, Roy, An Autumn Morning, KBcERxrDTPs.mid",677
607232,738304,0.75,"Agnew, Roy, An Autumn Morning, KBcERxrDTPs.mid",678
738304,218624,1/12,"Agnew, Roy, An Autumn Morning, KBcERxrDTPs.mid",679
218624,218624,5/12,"Agnew, Roy, An Autumn Morning, KBcERxrDTPs.mid",680
218624,70144,0.25,"Agnew, Roy, An Autumn Morning, KBcERxrDTPs.mid",681
70144,70144,1/3,"Agnew, Roy, An Autumn Morning, KBcERxrDTPs.mid",682
70144,70144,4/3,"Agnew, Roy, An Autumn Morning, KBcERxrDTPs.mid",683
70144,201472,1/12,"Agnew, Roy, An Autumn Morning, KBcERxrDTPs.mid",684
201472,200960,7/12,"Agnew, Roy, An Autumn Morning, KBcERxrDTPs.mid",685
200960,219392,2/3,"Agnew, Roy, An Autumn Morning, KBcERxrDTPs.mid",686
219392,219392,7/12,"Agnew, Roy, An Autumn Morning, KBcERxrDTPs.mid",687
219392,200960,1/12,"Agnew, Roy, An Autumn Morning, KBcERxrDTPs.mid",688
200960,219520,0.25,"Agnew, Roy, An Autumn Morning, KBcERxrDTPs.mid",689
219520,219264,1/12,"Agnew, Roy, An Autumn Morning, KBcERxrDTPs.mid",690
219264,215168,2/3,"Agnew, Roy, An Autumn Morning, KBcERxrDTPs.mid",691
215168,84096,1/12,"Agnew, Roy, An Autumn Morning, KBcERxrDTPs.mid",692
84096,88704,1/6,"Agnew, Roy, An Autumn Morning, KBcERxrDTPs.mid",693
88704,70272,5/6,"Agnew, Roy, An Autumn Morning, KBcERxrDTPs.mid",694
70272,69760,0.25,"Agnew, Roy, An Autumn Morning, KBcERxrDTPs.mid",695
69760,37440,0.5,"Agnew, Roy, An Autumn Morning, KBcERxrDTPs.mid",696
37440,39488,0.25,"Agnew, Roy, An Autumn Morning, KBcERxrDTPs.mid",697
39488,38976,0.25,"Agnew, Roy, An Autumn Morning, KBcERxrDTPs.mid",698
38976,34880,0.25,"Agnew, Roy, An Autumn Morning, KBcERxrDTPs.mid",699
34880,38976,0.75,"Agnew, Roy, An Autumn Morning, KBcERxrDTPs.mid",700
38976,55392,0.25,"Agnew, Roy, An Autumn Morning, KBcERxrDTPs.mid",701
55392,18464,17/12,"Agnew, Roy, An Autumn Morning, KBcERxrDTPs.mid",702
18464,18976,5/6,"Agnew, Roy, An Autumn Morning, KBcERxrDTPs.mid",703
18976,10896,1/6,"Agnew, Roy, An Autumn Morning, KBcERxrDTPs.mid",704
10896,10384,1.0,"Agnew, Roy, An Autumn Morning, KBcERxrDTPs.mid",705
10384,10384,1/3,"Agnew, Roy, An Autumn Morning, KBcERxrDTPs.mid",706
10384,10384,0.75,"Agnew, Roy, An Autumn Morning, KBcERxrDTPs.mid",707
10384,14488,1/12,"Agnew, Roy, An Autumn Morning, KBcERxrDTPs.mid",708
14488,14488,1/3,"Agnew, Roy, An Autumn Morning, KBcERxrDTPs.mid",709
14488,14488,1/12,"Agnew, Roy, An Autumn Morning, KBcERxrDTPs.mid",710
14488,6280,1.0,"Agnew, Roy, An Autumn Morning, KBcERxrDTPs.mid",711
6280,6216,17/12,"Agnew, Roy, An Autumn Morning, KBcERxrDTPs.mid",712
6216,6764,1/12,"Agnew, Roy, An Autumn Morning, KBcERxrDTPs.mid",713
6764,4708,0.25,"Agnew, Roy, An Autumn Morning, KBcERxrDTPs.mid",714
4708,4644,1.5,"Agnew, Roy, An Autumn Morning, KBcERxrDTPs.mid",715
4644,4644,5/6,"Agnew, Roy, An Autumn Morning, KBcERxrDTPs.mid",716
4644,219776,1/12,"Agnew, Roy, An Autumn Morning, KBcERxrDTPs.mid",717
219776,68224,1/12,"Agnew, Roy, An Autumn Morning, KBcERxrDTPs.mid",718
68224,67712,7/6,"Agnew, Roy, An Autumn Morning, KBcERxrDTPs.mid",719
67712,68736,1/6,"Agnew, Roy, An Autumn Morning, KBcERxrDTPs.mid",720
68736,66688,1/6,"Agnew, Roy, An Autumn Morning, KBcERxrDTPs.mid",721
66688,66688,1.0,"Agnew, Roy, An Autumn Morning, KBcERxrDTPs.mid",722
66688,71328,1/12,"Agnew, Roy, An Autumn Morning, KBcERxrDTPs.mid",723
71328,71200,1/12,"Agnew, Roy, An Autumn Morning, KBcERxrDTPs.mid",724
71200,70176,19/12,"Agnew, Roy, An Autumn Morning, KBcERxrDTPs.mid",725
70176,70304,11/12,"Agnew, Roy, An Autumn Morning, KBcERxrDTPs.mid",726
70304,4768,1/12,"Agnew, Roy, An Autumn Morning, KBcERxrDTPs.mid",727
4768,7088,0.25,"Agnew, Roy, An Autumn Morning, KBcERxrDTPs.mid",728
7088,2320,0.75,"Agnew, Roy, An Autumn Morning, KBcERxrDTPs.mid",729
2320,18704,0.75,"Agnew, Roy, An Autumn Morning, KBcERxrDTPs.mid",730
18704,2320,1.0,"Agnew, Roy, An Autumn Morning, KBcERxrDTPs.mid",731
2320,5272,2/3,"Agnew, Roy, An Autumn Morning, KBcERxrDTPs.mid",732
5272,5256,5/6,"Agnew, Roy, An Autumn Morning, KBcERxrDTPs.mid",733
5256,5256,0.25,"Agnew, Roy, An Autumn Morning, KBcERxrDTPs.mid",734
5256,4676,2.25,"Agnew, Roy, An Autumn Morning, KBcERxrDTPs.mid",735
4676,6900,5/12,"Agnew, Roy, An Autumn Morning, KBcERxrDTPs.mid",736
6900,198784,5/6,"Agnew, Roy, An Autumn Morning, KBcERxrDTPs.mid",737
198784,215168,1/12,"Agnew, Roy, An Autumn Morning, KBcERxrDTPs.mid",738
215168,149632,1/6,"Agnew, Roy, An Autumn Morning, KBcERxrDTPs.mid",739
149632,149632,0.5,"Agnew, Roy, An Autumn Morning, KBcERxrDTPs.mid",740
149632,215168,1.25,"Agnew, Roy, An Autumn Morning, KBcERxrDTPs.mid",741
215168,2741,0.25,"Agnew, Roy, An Autumn Morning, KBcERxrDTPs.mid",742
2741,657,1.5,"Agnew, Roy, An Autumn Morning, KBcERxrDTPs.mid",743
657,145,0.5,"Agnew, Roy, An Autumn Morning, KBcERxrDTPs.mid",744
145,128,3.0,"Agnew, Roy, An Autumn Morning, KBcERxrDTPs.mid",745
128,145,0.5,"Agnew, Roy, An Autumn Morning, KBcERxrDTPs.mid",746
145,529,7/6,"Agnew, Roy, An Autumn Morning, KBcERxrDTPs.mid",747
529,529,1/12,"Agnew, Roy, An Autumn Morning, KBcERxrDTPs.mid",748
529,529,1.0,"Agnew, Roy, An Autumn Morning, KBcERxrDTPs.mid",749
529,529,0.25,"Agnew, Roy, An Autumn Morning, KBcERxrDTPs.mid",750
529,4624,1.0,"Agnew, Roy, An Autumn Morning, KBcERxrDTPs.mid",751
4624,16,0.5,"Agnew, Roy, An Autumn Morning, KBcERxrDTPs.mid",752
16,70144,0.5,"Agnew, Roy, An Autumn Morning, KBcERxrDTPs.mid",753
70144,6804,1/6,"Agnew, Roy, An Autumn Morning, KBcERxrDTPs.mid",754
6804,2708,1/12,"Agnew, Roy, An Autumn Morning, KBcERxrDTPs.mid",755
2708,2180,11/12,"Agnew, Roy, An Autumn Morning, KBcERxrDTPs.mid",756
2180,2196,5/6,"Agnew, Roy, An Autumn Morning, KBcERxrDTPs.mid",757
2196,2196,1.0,"Agnew, Roy, An Autumn Morning, KBcERxrDTPs.mid",758
2196,70176,1/6,"Agnew, Roy, An Autumn Morning, KBcERxrDTPs.mid",759
70176,4640,1/3,"Agnew, Roy, An Autumn Morning, KBcERxrDTPs.mid",760
4640,4640,1.25,"Agnew, Roy, An Autumn Morning, KBcERxrDTPs.mid",761
4640,70176,11/12,"Agnew, Roy, An Autumn Morning, KBcERxrDTPs.mid",762
70176,70176,1/12,"Agnew, Roy, An Autumn Morning, KBcERxrDTPs.mid",763
70176,86560,0.25,"Agnew, Roy, An Autumn Morning, KBcERxrDTPs.mid",764
86560,548,0.5,"Agnew, Roy, An Autumn Morning, KBcERxrDTPs.mid",765
548,4644,0.75,"Agnew, Roy, An Autumn Morning, KBcERxrDTPs.mid",766
4644,6692,0.25,"Agnew, Roy, An Autumn Morning, KBcERxrDTPs.mid",767
6692,6692,0.5,"Agnew, Roy, An Autumn Morning, KBcERxrDTPs.mid",768
6692,2596,1/6,"Agnew, Roy, An Autumn Morning, KBcERxrDTPs.mid",769
2596,6836,1/3,"Agnew, Roy, An Autumn Morning, KBcERxrDTPs.mid",770
6836,69760,1.0,"Agnew, Roy, An Autumn Morning, KBcERxrDTPs.mid",771
69760,69760,4/3,"Agnew, Roy, An Autumn Morning, KBcERxrDTPs.mid",772
69760,69760,1/6,"Agnew, Roy, An Autumn Morning, KBcERxrDTPs.mid",773
69760,88224,5/12,"Agnew, Roy, An Autumn Morning, KBcERxrDTPs.mid",774
88224,18592,1/12,"Agnew, Roy, An Autumn Morning, KBcERxrDTPs.mid",775
18592,18592,1/3,"Agnew, Roy, An Autumn Morning, KBcERxrDTPs.mid",776
18592,23200,1/6,"Agnew, Roy, An Autumn Morning, KBcERxrDTPs.mid",777
23200,4768,0.5,"Agnew, Roy, An Autumn Morning, KBcERxrDTPs.mid",778
4768,23200,1/3,"Agnew, Roy, An Autumn Morning, KBcERxrDTPs.mid",779
23200,18592,1/6,"Agnew, Roy, An Autumn Morning, KBcERxrDTPs.mid",780
18592,542720,0.5,"Agnew, Roy, An Autumn Morning, KBcERxrDTPs.mid",781
542720,20608,2/3,"Agnew, Roy, An Autumn Morning, KBcERxrDTPs.mid",782
20608,86144,5/6,"Agnew, Roy, An Autumn Morning, KBcERxrDTPs.mid",783
86144,86144,0.5,"Agnew, Roy, An Autumn Morning, KBcERxrDTPs.mid",784
86144,128,7/12,"Agnew, Roy, An Autumn Morning, KBcERxrDTPs.mid",785
128,86144,0.5,"Agnew, Roy, An Autumn Morning, KBcERxrDTPs.mid",786
86144,218240,0.25,"Agnew, Roy, An Autumn Morning, KBcERxrDTPs.mid",787
218240,218240,1/12,"Agnew, Roy, An Autumn Morning, KBcERxrDTPs.mid",788
218240,218240,1/12,"Agnew, Roy, An Autumn Morning, KBcERxrDTPs.mid",789
218240,218240,1/12,"Agnew, Roy, An Autumn Morning, KBcERxrDTPs.mid",790
218240,148608,1/3,"Agnew, Roy, An Autumn Morning, KBcERxrDTPs.mid",791
148608,214144,1/6,"Agnew, Roy, An Autumn Morning, KBcERxrDTPs.mid",792
214144,83072,0.5,"Agnew, Roy, An Autumn Morning, KBcERxrDTPs.mid",793
83072,83072,0.75,"Agnew, Roy, An Autumn Morning, KBcERxrDTPs.mid",794
83072,345728,1/12,"Agnew, Roy, An Autumn Morning, KBcERxrDTPs.mid",795
345728,345728,1/6,"Agnew, Roy, An Autumn Morning, KBcERxrDTPs.mid",796
345728,873984,1/6,"Agnew, Roy, An Autumn Morning, KBcERxrDTPs.mid",797
873984,348672,1/12,"Agnew, Roy, An Autumn Morning, KBcERxrDTPs.mid",798
348672,332288,0.75,"Agnew, Roy, An Autumn Morning, KBcERxrDTPs.mid",799
332288,332288,0.25,"Agnew, Roy, An Autumn Morning, KBcERxrDTPs.mid",800
332288,332288,0.75,"Agnew, Roy, An Autumn Morning, KBcERxrDTPs.mid",801
332288,463360,0.75,"Agnew, Roy, An Autumn Morning, KBcERxrDTPs.mid",802
463360,4724,1/6,"Agnew, Roy, An Autumn Morning, KBcERxrDTPs.mid",803
4724,4724,1/12,"Agnew, Roy, An Autumn Morning, KBcERxrDTPs.mid",804
4724,4644,2/3,"Agnew, Roy, An Autumn Morning, KBcERxrDTPs.mid",805
4644,4660,7/12,"Agnew, Roy, An Autumn Morning, KBcERxrDTPs.mid",806
4660,4628,1/12,"Agnew, Roy, An Autumn Morning, KBcERxrDTPs.mid",807
4628,4660,2/3,"Agnew, Roy, An Autumn Morning, KBcERxrDTPs.mid",808
4660,219776,2/3,"Agnew, Roy, An Autumn Morning, KBcERxrDTPs.mid",809
219776,88704,1/3,"Agnew, Roy, An Autumn Morning, KBcERxrDTPs.mid",810
88704,84096,0.75,"Agnew, Roy, An Autumn Morning, KBcERxrDTPs.mid",811
84096,84096,11/12,"Agnew, Roy, An Autumn Morning, KBcERxrDTPs.mid",812
84096,88192,1/12,"Agnew, Roy, An Autumn Morning, KBcERxrDTPs.mid",813
88192,88576,0.25,"Agnew, Roy, An Autumn Morning, KBcERxrDTPs.mid",814
88576,70144,1.0,"Agnew, Roy, An Autumn Morning, KBcERxrDTPs.mid",815
70144,70144,1/12,"Agnew, Roy, An Autumn Morning, KBcERxrDTPs.mid",816
70144,70144,7/6,"Agnew, Roy, An Autumn Morning, KBcERxrDTPs.mid",817
70144,71168,0.25,"Agnew, Roy, An Autumn Morning, KBcERxrDTPs.mid",818
71168,71168,1/6,"Agnew, Roy, An Autumn Morning, KBcERxrDTPs.mid",819
71168,71296,1/3,"Agnew, Roy, An Autumn Morning, KBcERxrDTPs.mid",820
71296,5248,2.0,"Agnew, Roy, An Autumn Morning, KBcERxrDTPs.mid",821
5248,1,23/12,"Agnew, Roy, An Autumn Morning, KBcERxrDTPs.mid",822
1,5248,0.5,"Agnew, Roy, An Autumn Morning, KBcERxrDTPs.mid",823
5248,5792,5/12,"Agnew, Roy, An Autumn Morning, KBcERxrDTPs.mid",824
5792,4768,5/12,"Agnew, Roy, An Autumn Morning, KBcERxrDTPs.mid",825
4768,4640,1/3,"Agnew, Roy, An Autumn Morning, KBcERxrDTPs.mid",826
4640,21024,5/6,"Agnew, Roy, An Autumn Morning, KBcERxrDTPs.mid",827
21024,86560,0.75,"Agnew, Roy, An Autumn Morning, KBcERxrDTPs.mid",828
86560,23472,1/6,"Agnew, Roy, An Autumn Morning, KBcERxrDTPs.mid",829
23472,7088,1/12,"Agnew, Roy, An Autumn Morning, KBcERxrDTPs.mid",830
7088,2448,0.5,"Agnew, Roy, An Autumn Morning, KBcERxrDTPs.mid",831
2448,2448,0.25,"Agnew, Roy, An Autumn Morning, KBcERxrDTPs.mid",832
2448,2320,0.5,"Agnew, Roy, An Autumn Morning, KBcERxrDTPs.mid",833
2320,400,11/12,"Agnew, Roy, An Autumn Morning, KBcERxrDTPs.mid",834
400,5044,1/12,"Agnew, Roy, An Autumn Morning, KBcERxrDTPs.mid",835
5044,4644,2.25,"Agnew, Roy, An Autumn Morning, KBcERxrDTPs.mid",836
4644,4644,0.75,"Agnew, Roy, An Autumn Morning, KBcERxrDTPs.mid",837
4644,6820,7/12,"Agnew, Roy, An Autumn Morning, KBcERxrDTPs.mid",838
6820,149632,17/12,"Agnew, Roy, An Autumn Morning, KBcERxrDTPs.mid",839
149632,215168,1/6,"Agnew, Roy, An Autumn Morning, KBcERxrDTPs.mid",840
215168,84096,13/12,"Agnew, Roy, An Autumn Morning, KBcERxrDTPs.mid",841
84096,84096,0.25,"Agnew, Roy, An Autumn Morning, KBcERxrDTPs.mid",842
84096,215168,0.75,"Agnew, Roy, An Autumn Morning, KBcERxrDTPs.mid",843
215168,215168,1.0,"Agnew, Roy, An Autumn Morning, KBcERxrDTPs.mid",844
215168,215168,1.25,"Agnew, Roy, An Autumn Morning, KBcERxrDTPs.mid",845
215168,4656,1/12,"Agnew, Roy, An Autumn Morning, KBcERxrDTPs.mid",846
4656,4656,1/6,"Agnew, Roy, An Autumn Morning, KBcERxrDTPs.mid",847
4656,4624,0.5,"Agnew, Roy, An Autumn Morning, KBcERxrDTPs.mid",848
4624,4624,1.25,"Agnew, Roy, An Autumn Morning, KBcERxrDTPs.mid",849
4624,4752,0.25,"Agnew, Roy, An Autumn Morning, KBcERxrDTPs.mid",850
4752,4240,2.5,"Agnew, Roy, An Autumn Morning, KBcERxrDTPs.mid",851
4240,4240,0.5,"Agnew, Roy, An Autumn Morning, KBcERxrDTPs.mid",852
4240,70272,0.25,"Agnew, Roy, An Autumn Morning, KBcERxrDTPs.mid",853
70272,70272,1.0,"Agnew, Roy, An Autumn Morning, KBcERxrDTPs.mid",854
70272,70272,1/6,"Agnew, Roy, An Autumn Morning, KBcERxrDTPs.mid",855
70272,70272,25/12,"Agnew, Roy, An Autumn Morning, KBcERxrDTPs.mid",856
70272,4224,3.0,"Agnew, Roy, An Autumn Morning, KBcERxrDTPs.mid",857
4224,66176,17/6,"Agnew, Roy, An Autumn Morning, KBcERxrDTPs.mid",858
66176,16,1/6,"Agnew, Roy, An Autumn Morning, KBcERxrDTPs.mid",859
0,3216,0.5,"Agnew, Roy, Dance of the Wild Men, EOgmmiZ0iFE.mid",0
3216,1624,0.25,"Agnew, Roy, Dance of the Wild Men, EOgmmiZ0iFE.mid",1
1624,1624,0.75,"Agnew, Roy, Dance of the Wild Men, EOgmmiZ0iFE.mid",2
1624,3108,0.25,"Agnew, Roy, Dance of the Wild Men, EOgmmiZ0iFE.mid",3
3108,1060,0.25,"Agnew, Roy, Dance of the Wild Men, EOgmmiZ0iFE.mid",4
1060,7204,0.25,"Agnew, Roy, Dance of the Wild Men, EOgmmiZ0iFE.mid",5
7204,36,0.25,"Agnew, Roy, Dance of the Wild Men, EOgmmiZ0iFE.mid",6
36,1554,0.25,"Agnew, Roy, Dance of the Wild Men, EOgmmiZ0iFE.mid",7
1554,1554,0.25,"Agnew, Roy, Dance of the Wild Men, EOgmmiZ0iFE.mid",8
1554,1554,1/3,"Agnew, Roy, Dance of the Wild Men, EOgmmiZ0iFE.mid",9
1554,1563,1/6,"Agnew, Roy, Dance of the Wild Men, EOgmmiZ0iFE.mid",10
1563,9,0.25,"Agnew, Roy, Dance of the Wild Men, EOgmmiZ0iFE.mid",11
9,4106,0.25,"Agnew, Roy, Dance of the Wild Men, EOgmmiZ0iFE.mid",12
4106,11,1/3,"Agnew, Roy, Dance of the Wild Men, EOgmmiZ0iFE.mid",13
11,47104,1/6,"Agnew, Roy, Dance of the Wild Men, EOgmmiZ0iFE.mid",14
47104,56448,1/12,"Agnew, Roy, Dance of the Wild Men, EOgmmiZ0iFE.mid",15
56448,17536,1/6,"Agnew, Roy, Dance of the Wild Men, EOgmmiZ0iFE.mid",16
17536,16512,0.25,"Agnew, Roy, Dance of the Wild Men, EOgmmiZ0iFE.mid",17
16512,150,1/6,"Agnew, Roy, Dance of the Wild Men, EOgmmiZ0iFE.mid",18
150,18,1/6,"Agnew, Roy, Dance of the Wild Men, EOgmmiZ0iFE.mid",19
18,11264,0.25,"Agnew, Roy, Dance of the Wild Men, EOgmmiZ0iFE.mid",20
11264,4204544,1/6,"Agnew, Roy, Dance of the Wild Men, EOgmmiZ0iFE.mid",21
4204544,4208640,0.25,"Agnew, Roy, Dance of the Wild Men, EOgmmiZ0iFE.mid",22
4208640,4616,0.25,"Agnew, Roy, Dance of the Wild Men, EOgmmiZ0iFE.mid",23
4616,4992,0.25,"Agnew, Roy, Dance of the Wild Men, EOgmmiZ0iFE.mid",24
4992,4608,0.25,"Agnew, Roy, Dance of the Wild Men, EOgmmiZ0iFE.mid",25
4608,2304,0.25,"Agnew, Roy, Dance of the Wild Men, EOgmmiZ0iFE.mid",26
2304,3728,0.25,"Agnew, Roy, Dance of the Wild Men, EOgmmiZ0iFE.mid",27
3728,1608,1.0,"Agnew, Roy, Dance of the Wild Men, EOgmmiZ0iFE.mid",28
1608,7204,0.25,"Agnew, Roy, Dance of the Wild Men, EOgmmiZ0iFE.mid",29
7204,36,0.25,"Agnew, Roy, Dance of the Wild Men, EOgmmiZ0iFE.mid",30
36,7204,0.25,"Agnew, Roy, Dance of the Wild Men, EOgmmiZ0iFE.mid",31
7204,1554,1.0,"Agnew, Roy, Dance of the Wild Men, EOgmmiZ0iFE.mid",32
1554,9,0.25,"Agnew, Roy, Dance of the Wild Men, EOgmmiZ0iFE.mid",33
9,9,0.25,"Agnew, Roy, Dance of the Wild Men, EOgmmiZ0iFE.mid",34
9,4106,1/12,"Agnew, Roy, Dance of the Wild Men, EOgmmiZ0iFE.mid",35
4106,47104,0.25,"Agnew, Roy, Dance of the Wild Men, EOgmmiZ0iFE.mid",36
47104,4106,1/6,"Agnew, Roy, Dance of the Wild Men, EOgmmiZ0iFE.mid",37
4106,27776,0.25,"Agnew, Roy, Dance of the Wild Men, EOgmmiZ0iFE.mid",38
27776,18560,0.25,"Agnew, Roy, Dance of the Wild Men, EOgmmiZ0iFE.mid",39
18560,18576,1/6,"Agnew, Roy, Dance of the Wild Men, EOgmmiZ0iFE.mid",40
18576,16,1/12,"Agnew, Roy, Dance of the Wild Men, EOgmmiZ0iFE.mid",41
16,18,1/12,"Agnew, Roy, Dance of the Wild Men, EOgmmiZ0iFE.mid",42
18,2,1/12,"Agnew, Roy, Dance of the Wild Men, EOgmmiZ0iFE.mid",43
2,11264,1/3,"Agnew, Roy, Dance of the Wild Men, EOgmmiZ0iFE.mid",44
11264,15360,0.25,"Agnew, Roy, Dance of the Wild Men, EOgmmiZ0iFE.mid",45
15360,11264,1/12,"Agnew, Roy, Dance of the Wild Men, EOgmmiZ0iFE.mid",46
11264,4616,1/6,"Agnew, Roy, Dance of the Wild Men, EOgmmiZ0iFE.mid",47
4616,4872,1/12,"Agnew, Roy, Dance of the Wild Men, EOgmmiZ0iFE.mid",48
4872,4864,1/6,"Agnew, Roy, Dance of the Wild Men, EOgmmiZ0iFE.mid",49
4864,4608,1/12,"Agnew, Roy, Dance of the Wild Men, EOgmmiZ0iFE.mid",50
4608,4736,0.25,"Agnew, Roy, Dance of the Wild Men, EOgmmiZ0iFE.mid",51
4736,4608,0.25,"Agnew, Roy, Dance of the Wild Men, EOgmmiZ0iFE.mid",52
4608,2304,0.5,"Agnew, Roy, Dance of the Wild Men, EOgmmiZ0iFE.mid",53
2304,2304,1/3,"Agnew, Roy, Dance of the Wild Men, EOgmmiZ0iFE.mid",54
2304,2304,11/12,"Agnew, Roy, Dance of the Wild Men, EOgmmiZ0iFE.mid",55
2304,527616,0.5,"Agnew, Roy, Dance of the Wild Men, EOgmmiZ0iFE.mid",56
527616,528128,0.25,"Agnew, Roy, Dance of the Wild Men, EOgmmiZ0iFE.mid",57
528128,527872,0.5,"Agnew, Roy, Dance of the Wild Men, EOgmmiZ0iFE.mid",58
527872,262656,0.25,"Agnew, Roy, Dance of the Wild Men, EOgmmiZ0iFE.mid",59
262656,576,0.25,"Agnew, Roy, Dance of the Wild Men, EOgmmiZ0iFE.mid",60
576,2360320,0.5,"Agnew, Roy, Dance of the Wild Men, EOgmmiZ0iFE.mid",61
2360320,1180672,0.5,"Agnew, Roy, Dance of the Wild Men, EOgmmiZ0iFE.mid",62
1180672,1182720,0.25,"Agnew, Roy, Dance of the Wild Men, EOgmmiZ0iFE.mid",63
1182720,1181696,5/12,"Agnew, Roy, Dance of the Wild Men, EOgmmiZ0iFE.mid",64
1181696,1771520,1/12,"Agnew, Roy, Dance of the Wild Men, EOgmmiZ0iFE.mid",65
1771520,1640448,5/12,"Agnew, Roy, Dance of the Wild Men, EOgmmiZ0iFE.mid",66
1640448,591872,1/12,"Agnew, Roy, Dance of the Wild Men, EOgmmiZ0iFE.mid",67
591872,595968,1/12,"Agnew, Roy, Dance of the Wild Men, EOgmmiZ0iFE.mid",68
595968,145,5/6,"Agnew, Roy, Dance of the Wild Men, EOgmmiZ0iFE.mid",69
145,1,1/12,"Agnew, Roy, Dance of the Wild Men, EOgmmiZ0iFE.mid",70
1,74,5/12,"Agnew, Roy, Dance of the Wild Men, EOgmmiZ0iFE.mid",71
74,78,1/3,"Agnew, Roy, Dance of the Wild Men, EOgmmiZ0iFE.mid",72
78,94,0.25,"Agnew, Roy, Dance of the Wild Men, EOgmmiZ0iFE.mid",73
94,126,0.25,"Agnew, Roy, Dance of the Wild Men, EOgmmiZ0iFE.mid",74
126,510,1/12,"Agnew, Roy, Dance of the Wild Men, EOgmmiZ0iFE.mid",75
510,414,1/12,"Agnew, Roy, Dance of the Wild Men, EOgmmiZ0iFE.mid",76
414,386,1/12,"Agnew, Roy, Dance of the Wild Men, EOgmmiZ0iFE.mid",77
386,1538,1/6,"Agnew, Roy, Dance of the Wild Men, EOgmmiZ0iFE.mid",78
1538,1536,1/12,"Agnew, Roy, Dance of the Wild Men, EOgmmiZ0iFE.mid",79
1536,6144,0.5,"Agnew, Roy, Dance of the Wild Men, EOgmmiZ0iFE.mid",80
6144,6,0.25,"Agnew, Roy, Dance of the Wild Men, EOgmmiZ0iFE.mid",81
6,8,0.25,"Agnew, Roy, Dance of the Wild Men, EOgmmiZ0iFE.mid",82
8,73856,0.25,"Agnew, Roy, Dance of the Wild Men, EOgmmiZ0iFE.mid",83
73856,262656,0.25,"Agnew, Roy, Dance of the Wild Men, EOgmmiZ0iFE.mid",84
262656,512,0.25,"Agnew, Roy, Dance of the Wild Men, EOgmmiZ0iFE.mid",85
512,591872,0.25,"Agnew, Roy, Dance of the Wild Men, EOgmmiZ0iFE.mid",86
591872,514,0.25,"Agnew, Roy, Dance of the Wild Men, EOgmmiZ0iFE.mid",87
514,2,0.25,"Agnew, Roy, Dance of the Wild Men, EOgmmiZ0iFE.mid",88
2,2180,0.25,"Agnew, Roy, Dance of the Wild Men, EOgmmiZ0iFE.mid",89
2180,8208,0.25,"Agnew, Roy, Dance of the Wild Men, EOgmmiZ0iFE.mid",90
8208,16,1/12,"Agnew, Roy, Dance of the Wild Men, EOgmmiZ0iFE.mid",91
16,18512,1/6,"Agnew, Roy, Dance of the Wild Men, EOgmmiZ0iFE.mid",92
18512,18496,1/6,"Agnew, Roy, Dance of the Wild Men, EOgmmiZ0iFE.mid",93
18496,16,1/6,"Agnew, Roy, Dance of the Wild Men, EOgmmiZ0iFE.mid",94
16,65664,1/12,"Agnew, Roy, Dance of the Wild Men, EOgmmiZ0iFE.mid",95
65664,128,1/6,"Agnew, Roy, Dance of the Wild Men, EOgmmiZ0iFE.mid",96
128,279168,0.25,"Agnew, Roy, Dance of the Wild Men, EOgmmiZ0iFE.mid",97
279168,65664,0.25,"Agnew, Roy, Dance of the Wild Men, EOgmmiZ0iFE.mid",98
65664,128,1/6,"Agnew, Roy, Dance of the Wild Men, EOgmmiZ0iFE.mid",99
128,18560,1/12,"Agnew, Roy, Dance of the Wild Men, EOgmmiZ0iFE.mid",100
18560,542720,1/6,"Agnew, Roy, Dance of the Wild Men, EOgmmiZ0iFE.mid",101
542720,65664,0.25,"Agnew, Roy, Dance of the Wild Men, EOgmmiZ0iFE.mid",102
65664,128,1/12,"Agnew, Roy, Dance of the Wild Men, EOgmmiZ0iFE.mid",103
128,279168,1/6,"Agnew, Roy, Dance of the Wild Men, EOgmmiZ0iFE.mid",104
279168,279040,1/12,"Agnew, Roy, Dance of the Wild Men, EOgmmiZ0iFE.mid",105
279040,65664,0.25,"Agnew, Roy, Dance of the Wild Men, EOgmmiZ0iFE.mid",106
65664,128,0.25,"Agnew, Roy, Dance of the Wild Men, EOgmmiZ0iFE.mid",107
128,526336,1/12,"Agnew, Roy, Dance of the Wild Men, EOgmmiZ0iFE.mid",108
526336,84096,0.25,"Agnew, Roy, Dance of the Wild Men, EOgmmiZ0iFE.mid",109
84096,84096,5/12,"Agnew, Roy, Dance of the Wild Men, EOgmmiZ0iFE.mid",110
84096,1170,0.25,"Agnew, Roy, Dance of the Wild Men, EOgmmiZ0iFE.mid",111
1170,1170,0.25,"Agnew, Roy, Dance of the Wild Men, EOgmmiZ0iFE.mid",112
1170,7314,0.25,"Agnew, Roy, Dance of the Wild Men, EOgmmiZ0iFE.mid",113
7314,1170,1/6,"Agnew, Roy, Dance of the Wild Men, EOgmmiZ0iFE.mid",114
1170,1170,1/12,"Agnew, Roy, Dance of the Wild Men, EOgmmiZ0iFE.mid",115
1170,1673,1/3,"Agnew, Roy, Dance of the Wild Men, EOgmmiZ0iFE.mid",116
1673,525824,1/12,"Agnew, Roy, Dance of the Wild Men, EOgmmiZ0iFE.mid",117
525824,1691,1/12,"Agnew, Roy, Dance of the Wild Men, EOgmmiZ0iFE.mid",118
1691,155,1/6,"Agnew, Roy, Dance of the Wild Men, EOgmmiZ0iFE.mid",119
155,5449728,1/3,"Agnew, Roy, Dance of the Wild Men, EOgmmiZ0iFE.mid",120
5449728,1193984,0.25,"Agnew, Roy, Dance of the Wild Men, EOgmmiZ0iFE.mid",121
1193984,558080,1/12,"Agnew, Roy, Dance of the Wild Men, EOgmmiZ0iFE.mid",122
558080,1606656,1/6,"Agnew, Roy, Dance of the Wild Men, EOgmmiZ0iFE.mid",123
1606656,264,1/12,"Agnew, Roy, Dance of the Wild Men, EOgmmiZ0iFE.mid",124
264,393,0.5,"Agnew, Roy, Dance of the Wild Men, EOgmmiZ0iFE.mid",125
393,1168,1/6,"Agnew, Roy, Dance of the Wild Men, EOgmmiZ0iFE.mid",126
1168,1170,1/12,"Agnew, Roy, Dance of the Wild Men, EOgmmiZ0iFE.mid",127
1170,5266,0.25,"Agnew, Roy, Dance of the Wild Men, EOgmmiZ0iFE.mid",128
5266,1170,0.25,"Agnew, Roy, Dance of the Wild Men, EOgmmiZ0iFE.mid",129
1170,3202,1/12,"Agnew, Roy, Dance of the Wild Men, EOgmmiZ0iFE.mid",130
3202,3723,1/6,"Agnew, Roy, Dance of the Wild Men, EOgmmiZ0iFE.mid",131
3723,3739,1/6,"Agnew, Roy, Dance of the Wild Men, EOgmmiZ0iFE.mid",132
3739,3739,1/12,"Agnew, Roy, Dance of the Wild Men, EOgmmiZ0iFE.mid",133
3739,3202,1/6,"Agnew, Roy, Dance of the Wild Men, EOgmmiZ0iFE.mid",134
3202,2,1/12,"Agnew, Roy, Dance of the Wild Men, EOgmmiZ0iFE.mid",135
2,3362,1/6,"Agnew, Roy, Dance of the Wild Men, EOgmmiZ0iFE.mid",136
3362,3362,1/3,"Agnew, Roy, Dance of the Wild Men, EOgmmiZ0iFE.mid",137
3362,1193984,0.25,"Agnew, Roy, Dance of the Wild Men, EOgmmiZ0iFE.mid",138
1193984,1606656,0.5,"Agnew, Roy, Dance of the Wild Men, EOgmmiZ0iFE.mid",139
1606656,136,1/3,"Agnew, Roy, Dance of the Wild Men, EOgmmiZ0iFE.mid",140
136,1154,0.25,"Agnew, Roy, Dance of the Wild Men, EOgmmiZ0iFE.mid",141
1154,1154,1/12,"Agnew, Roy, Dance of the Wild Men, EOgmmiZ0iFE.mid",142
1154,5258,1/3,"Agnew, Roy, Dance of the Wild Men, EOgmmiZ0iFE.mid",143
5258,12456,0.25,"Agnew, Roy, Dance of the Wild Men, EOgmmiZ0iFE.mid",144
12456,12296,1/6,"Agnew, Roy, Dance of the Wild Men, EOgmmiZ0iFE.mid",145
12296,1026,0.25,"Agnew, Roy, Dance of the Wild Men, EOgmmiZ0iFE.mid",146
1026,4234,1/3,"Agnew, Roy, Dance of the Wild Men, EOgmmiZ0iFE.mid",147
4234,4234,1/6,"Agnew, Roy, Dance of the Wild Men, EOgmmiZ0iFE.mid",148
4234,1026,0.25,"Agnew, Roy, Dance of the Wild Men, EOgmmiZ0iFE.mid",149
1026,1186,1/12,"Agnew, Roy, Dance of the Wild Men, EOgmmiZ0iFE.mid",150
1186,162,5/12,"Agnew, Roy, Dance of the Wild Men, EOgmmiZ0iFE.mid",151
162,1186,0.25,"Agnew, Roy, Dance of the Wild Men, EOgmmiZ0iFE.mid",152
1186,1026,1/6,"Agnew, Roy, Dance of the Wild Men, EOgmmiZ0iFE.mid",153
1026,1059,1/12,"Agnew, Roy, Dance of the Wild Men, EOgmmiZ0iFE.mid",154
1059,1059,0.5,"Agnew, Roy, Dance of the Wild Men, EOgmmiZ0iFE.mid",155
1059,1315,1/6,"Agnew, Roy, Dance of the Wild Men, EOgmmiZ0iFE.mid",156
1315,1313,1/12,"Agnew, Roy, Dance of the Wild Men, EOgmmiZ0iFE.mid",157
1313,1225728,1/6,"Agnew, Roy, Dance of the Wild Men, EOgmmiZ0iFE.mid",158
1225728,1221632,1/12,"Agnew, Roy, Dance of the Wild Men, EOgmmiZ0iFE.mid",159
1221632,1225728,1/12,"Agnew, Roy, Dance of the Wild Men, EOgmmiZ0iFE.mid",160
1225728,1094656,1/12,"Agnew, Roy, Dance of the Wild Men, EOgmmiZ0iFE.mid",161
1094656,1094656,1/12,"Agnew, Roy, Dance of the Wild Men, EOgmmiZ0iFE.mid",162
1094656,534016,0.25,"Agnew, Roy, Dance of the Wild Men, EOgmmiZ0iFE.mid",163
534016,176640,0.25,"Agnew, Roy, Dance of the Wild Men, EOgmmiZ0iFE.mid",164
176640,173312,0.25,"Agnew, Roy, Dance of the Wild Men, EOgmmiZ0iFE.mid",165
173312,34,0.25,"Agnew, Roy, Dance of the Wild Men, EOgmmiZ0iFE.mid",166
34,4130,0.25,"Agnew, Roy, Dance of the Wild Men, EOgmmiZ0iFE.mid",167
4130,1,1/6,"Agnew, Roy, Dance of the Wild Men, EOgmmiZ0iFE.mid",168
1,1059,1/12,"Agnew, Roy, Dance of the Wild Men, EOgmmiZ0iFE.mid",169
1059,1059,0.25,"Agnew, Roy, Dance of the Wild Men, EOgmmiZ0iFE.mid",170
1059,1059,1/6,"Agnew, Roy, Dance of the Wild Men, EOgmmiZ0iFE.mid",171
1059,1024,1/6,"Agnew, Roy, Dance of the Wild Men, EOgmmiZ0iFE.mid",172
1024,416,1/6,"Agnew, Roy, Dance of the Wild Men, EOgmmiZ0iFE.mid",173
416,1745920,0.25,"Agnew, Roy, Dance of the Wild Men, EOgmmiZ0iFE.mid",174
1745920,1450,1/12,"Agnew, Roy, Dance of the Wild Men, EOgmmiZ0iFE.mid",175
1450,418,1/6,"Agnew, Roy, Dance of the Wild Men, EOgmmiZ0iFE.mid",176
418,566784,0.25,"Agnew, Roy, Dance of the Wild Men, EOgmmiZ0iFE.mid",177
566784,139776,1/6,"Agnew, Roy, Dance of the Wild Men, EOgmmiZ0iFE.mid",178
139776,143872,1/12,"Agnew, Roy, Dance of the Wild Men, EOgmmiZ0iFE.mid",179
143872,144640,0.25,"Agnew, Roy, Dance of the Wild Men, EOgmmiZ0iFE.mid",180
144640,144640,0.25,"Agnew, Roy, Dance of the Wild Men, EOgmmiZ0iFE.mid",181
144640,144640,1/12,"Agnew, Roy, Dance of the Wild Men, EOgmmiZ0iFE.mid",182
144640,144640,5/12,"Agnew, Roy, Dance of the Wild Men, EOgmmiZ0iFE.mid",183
144640,4768,1/3,"Agnew, Roy, Dance of the Wild Men, EOgmmiZ0iFE.mid",184
4768,4768,1/6,"Agnew, Roy, Dance of the Wild Men, EOgmmiZ0iFE.mid",185
4768,33,1/3,"Agnew, Roy, Dance of the Wild Men, EOgmmiZ0iFE.mid",186
33,2384,1/3,"Agnew, Roy, Dance of the Wild Men, EOgmmiZ0iFE.mid",187
2384,2384,1/6,"Agnew, Roy, Dance of the Wild Men, EOgmmiZ0iFE.mid",188
2384,16,1/6,"Agnew, Roy, Dance of the Wild Men, EOgmmiZ0iFE.mid",189
16,149,1/3,"Agnew, Roy, Dance of the Wild Men, EOgmmiZ0iFE.mid",190
149,20864,0.25,"Agnew, Roy, Dance of the Wild Men, EOgmmiZ0iFE.mid",191
20864,2126,0.25,"Agnew, Roy, Dance of the Wild Men, EOgmmiZ0iFE.mid",192
2126,2122,0.25,"Agnew, Roy, Dance of the Wild Men, EOgmmiZ0iFE.mid",193
2122,2048,0.25,"Agnew, Roy, Dance of the Wild Men, EOgmmiZ0iFE.mid",194
2048,4772,0.25,"Agnew, Roy, Dance of the Wild Men, EOgmmiZ0iFE.mid",195
4772,67904,1/3,"Agnew, Roy, Dance of the Wild Men, EOgmmiZ0iFE.mid",196
67904,2384,1/6,"Agnew, Roy, Dance of the Wild Men, EOgmmiZ0iFE.mid",197
2384,2064,1/12,"Agnew, Roy, Dance of the Wild Men, EOgmmiZ0iFE.mid",198
2064,21,1/3,"Agnew, Roy, Dance of the Wild Men, EOgmmiZ0iFE.mid",199
21,149,0.25,"Agnew, Roy, Dance of the Wild Men, EOgmmiZ0iFE.mid",200
149,21,1/12,"Agnew, Roy, Dance of the Wild Men, EOgmmiZ0iFE.mid",201
21,305152,0.25,"Agnew, Roy, Dance of the Wild Men, EOgmmiZ0iFE.mid",202
305152,309248,1/12,"Agnew, Roy, Dance of the Wild Men, EOgmmiZ0iFE.mid",203
309248,309248,1/6,"Agnew, Roy, Dance of the Wild Men, EOgmmiZ0iFE.mid",204
309248,305152,1/12,"Agnew, Roy, Dance of the Wild Men, EOgmmiZ0iFE.mid",205
305152,2122,1/6,"Agnew, Roy, Dance of the Wild Men, EOgmmiZ0iFE.mid",206
2122,296960,0.25,"Agnew, Roy, Dance of the Wild Men, EOgmmiZ0iFE.mid",207
296960,5,1/6,"Agnew, Roy, Dance of the Wild Men, EOgmmiZ0iFE.mid",208
5,15,1/12,"Agnew, Roy, Dance of the Wild Men, EOgmmiZ0iFE.mid",209
15,10,1/6,"Agnew, Roy, Dance of the Wild Men, EOgmmiZ0iFE.mid",210
10,516,0.25,"Agnew, Roy, Dance of the Wild Men, EOgmmiZ0iFE.mid",211
516,10256,1/3,"Agnew, Roy, Dance of the Wild Men, EOgmmiZ0iFE.mid",212
10256,10288,1/6,"Agnew, Roy, Dance of the Wild Men, EOgmmiZ0iFE.mid",213
10288,32,1/12,"Agnew, Roy, Dance of the Wild Men, EOgmmiZ0iFE.mid",214
32,18512,5/12,"Agnew, Roy, Dance of the Wild Men, EOgmmiZ0iFE.mid",215
18512,18512,0.25,"Agnew, Roy, Dance of the Wild Men, EOgmmiZ0iFE.mid",216
18512,16,0.25,"Agnew, Roy, Dance of the Wild Men, EOgmmiZ0iFE.mid",217
16,17,0.25,"Agnew, Roy, Dance of the Wild Men, EOgmmiZ0iFE.mid",218
17,2,0.25,"Agnew, Roy, Dance of the Wild Men, EOgmmiZ0iFE.mid",219
2,20,0.25,"Agnew, Roy, Dance of the Wild Men, EOgmmiZ0iFE.mid",220
20,8,0.25,"Agnew, Roy, Dance of the Wild Men, EOgmmiZ0iFE.mid",221
8,37536,1/12,"Agnew, Roy, Dance of the Wild Men, EOgmmiZ0iFE.mid",222
37536,45728,0.25,"Agnew, Roy, Dance of the Wild Men, EOgmmiZ0iFE.mid",223
45728,37536,1/6,"Agnew, Roy, Dance of the Wild Men, EOgmmiZ0iFE.mid",224
37536,32,1/12,"Agnew, Roy, Dance of the Wild Men, EOgmmiZ0iFE.mid",225
32,12448,0.25,"Agnew, Roy, Dance of the Wild Men, EOgmmiZ0iFE.mid",226
12448,45216,0.25,"Agnew, Roy, Dance of the Wild Men, EOgmmiZ0iFE.mid",227
45216,45216,2/3,"Agnew, Roy, Dance of the Wild Men, EOgmmiZ0iFE.mid",228
45216,45728,1/12,"Agnew, Roy, Dance of the Wild Men, EOgmmiZ0iFE.mid",229
45728,4616,0.25,"Agnew, Roy, Dance of the Wild Men, EOgmmiZ0iFE.mid",230
4616,4744,1/3,"Agnew, Roy, Dance of the Wild Men, EOgmmiZ0iFE.mid",231
4744,4744,1/3,"Agnew, Roy, Dance of the Wild Men, EOgmmiZ0iFE.mid",232
4744,648,1/12,"Agnew, Roy, Dance of the Wild Men, EOgmmiZ0iFE.mid",233
648,21008,1/12,"Agnew, Roy, Dance of the Wild Men, EOgmmiZ0iFE.mid",234
21008,21008,1/6,"Agnew, Roy, Dance of the Wild Men, EOgmmiZ0iFE.mid",235
21008,21072,1/3,"Agnew, Roy, Dance of the Wild Men, EOgmmiZ0iFE.mid",236
21072,21072,1/6,"Agnew, Roy, Dance of the Wild Men, EOgmmiZ0iFE.mid",237
21072,12832,0.5,"Agnew, Roy, Dance of the Wild Men, EOgmmiZ0iFE.mid",238
12832,45600,0.25,"Agnew, Roy, Dance of the Wild Men, EOgmmiZ0iFE.mid",239
45600,520,1/12,"Agnew, Roy, Dance of the Wild Men, EOgmmiZ0iFE.mid",240
520,4672,5/12,"Agnew, Roy, Dance of the Wild Men, EOgmmiZ0iFE.mid",241
4672,70208,0.25,"Agnew, Roy, Dance of the Wild Men, EOgmmiZ0iFE.mid",242
70208,70208,1/3,"Agnew, Roy, Dance of the Wild Men, EOgmmiZ0iFE.mid",243
70208,16,1/12,"Agnew, Roy, Dance of the Wild Men, EOgmmiZ0iFE.mid",244
16,4744,7/12,"Agnew, Roy, Dance of the Wild Men, EOgmmiZ0iFE.mid",245
4744,21144,1/12,"Agnew, Roy, Dance of the Wild Men, EOgmmiZ0iFE.mid",246
21144,16400,1/6,"Agnew, Roy, Dance of the Wild Men, EOgmmiZ0iFE.mid",247
16400,16464,0.25,"Agnew, Roy, Dance of the Wild Men, EOgmmiZ0iFE.mid",248
16464,16976,0.25,"Agnew, Roy, Dance of the Wild Men, EOgmmiZ0iFE.mid",249
16976,12832,1/12,"Agnew, Roy, Dance of the Wild Men, EOgmmiZ0iFE.mid",250
12832,12832,0.25,"Agnew, Roy, Dance of the Wild Men, EOgmmiZ0iFE.mid",251
12832,45600,1/6,"Agnew, Roy, Dance of the Wild Men, EOgmmiZ0iFE.mid",252
45600,45600,1/6,"Agnew, Roy, Dance of the Wild Men, EOgmmiZ0iFE.mid",253
45600,8704,1/12,"Agnew, Roy, Dance of the Wild Men, EOgmmiZ0iFE.mid",254
8704,512,0.25,"Agnew, Roy, Dance of the Wild Men, EOgmmiZ0iFE.mid",255
512,4672,0.25,"Agnew, Roy, Dance of the Wild Men, EOgmmiZ0iFE.mid",256
4672,70208,1/6,"Agnew, Roy, Dance of the Wild Men, EOgmmiZ0iFE.mid",257
70208,69696,1/12,"Agnew, Roy, Dance of the Wild Men, EOgmmiZ0iFE.mid",258
69696,70208,0.5,"Agnew, Roy, Dance of the Wild Men, EOgmmiZ0iFE.mid",259
70208,332416,1/6,"Agnew, Roy, Dance of the Wild Men, EOgmmiZ0iFE.mid",260
332416,331904,1/12,"Agnew, Roy, Dance of the Wild Men, EOgmmiZ0iFE.mid",261
331904,32896,0.25,"Agnew, Roy, Dance of the Wild Men, EOgmmiZ0iFE.mid",262
32896,33408,0.25,"Agnew, Roy, Dance of the Wild Men, EOgmmiZ0iFE.mid",263
33408,37504,0.25,"Agnew, Roy, Dance of the Wild Men, EOgmmiZ0iFE.mid",264
37504,37504,1/12,"Agnew, Roy, Dance of the Wild Men, EOgmmiZ0iFE.mid",265
37504,32896,0.25,"Agnew, Roy, Dance of the Wild Men, EOgmmiZ0iFE.mid",266
32896,180352,0.25,"Agnew, Roy, Dance of the Wild Men, EOgmmiZ0iFE.mid",267
180352,147584,1/12,"Agnew, Roy, Dance of the Wild Men, EOgmmiZ0iFE.mid",268
147584,148096,1/3,"Agnew, Roy, Dance of the Wild Men, EOgmmiZ0iFE.mid",269
148096,150144,1/6,"Agnew, Roy, Dance of the Wild Men, EOgmmiZ0iFE.mid",270
150144,150144,1/6,"Agnew, Roy, Dance of the Wild Men, EOgmmiZ0iFE.mid",271
150144,36992,1/3,"Agnew, Roy, Dance of the Wild Men, EOgmmiZ0iFE.mid",272
36992,36992,1/3,"Agnew, Roy, Dance of the Wild Men, EOgmmiZ0iFE.mid",273
36992,37504,0.25,"Agnew, Roy, Dance of the Wild Men, EOgmmiZ0iFE.mid",274
37504,53888,1/12,"Agnew, Roy, Dance of the Wild Men, EOgmmiZ0iFE.mid",275
53888,16512,5/12,"Agnew, Roy, Dance of the Wild Men, EOgmmiZ0iFE.mid",276
16512,20608,7/12,"Agnew, Roy, Dance of the Wild Men, EOgmmiZ0iFE.mid",277
20608,22656,1/6,"Agnew, Roy, Dance of the Wild Men, EOgmmiZ0iFE.mid",278
22656,18560,1/6,"Agnew, Roy, Dance of the Wild Men, EOgmmiZ0iFE.mid",279
18560,149632,1/3,"Agnew, Roy, Dance of the Wild Men, EOgmmiZ0iFE.mid",280
149632,149632,1/6,"Agnew, Roy, Dance of the Wild Men, EOgmmiZ0iFE.mid",281
149632,149632,1/6,"Agnew, Roy, Dance of the Wild Men, EOgmmiZ0iFE.mid",282
149632,2564,2/3,"Agnew, Roy, Dance of the Wild Men, EOgmmiZ0iFE.mid",283
2564,2692,7/12,"Agnew, Roy, Dance of the Wild Men, EOgmmiZ0iFE.mid",284
2692,128,1/12,"Agnew, Roy, Dance of the Wild Men, EOgmmiZ0iFE.mid",285
128,100352,1/3,"Agnew, Roy, Dance of the Wild Men, EOgmmiZ0iFE.mid",286
100352,8256,0.25,"Agnew, Roy, Dance of the Wild Men, EOgmmiZ0iFE.mid",287
8256,50176,0.25,"Agnew, Roy, Dance of the Wild Men, EOgmmiZ0iFE.mid",288
50176,185344,0.25,"Agnew, Roy, Dance of the Wild Men, EOgmmiZ0iFE.mid",289
185344,50176,1/6,"Agnew, Roy, Dance of the Wild Men, EOgmmiZ0iFE.mid",290
50176,16896,5/12,"Agnew, Roy, Dance of the Wild Men, EOgmmiZ0iFE.mid",291
16896,84480,1/3,"Agnew, Roy, Dance of the Wild Men, EOgmmiZ0iFE.mid",292
84480,42240,0.25,"Agnew, Roy, Dance of the Wild Men, EOgmmiZ0iFE.mid",293
42240,16768,0.25,"Agnew, Roy, Dance of the Wild Men, EOgmmiZ0iFE.mid",294
16768,8208,0.25,"Agnew, Roy, Dance of the Wild Men, EOgmmiZ0iFE.mid",295
8208,9216,0.25,"Agnew, Roy, Dance of the Wild Men, EOgmmiZ0iFE.mid",296
9216,544,0.25,"Agnew, Roy, Dance of the Wild Men, EOgmmiZ0iFE.mid",297
544,544,0.5,"Agnew, Roy, Dance of the Wild Men, EOgmmiZ0iFE.mid",298
544,1024,0.25,"Agnew, Roy, Dance of the Wild Men, EOgmmiZ0iFE.mid",299
1024,17,0.25,"Agnew, Roy, Dance of the Wild Men, EOgmmiZ0iFE.mid",300
17,270848,0.25,"Agnew, Roy, Dance of the Wild Men, EOgmmiZ0iFE.mid",301
270848,303616,1/12,"Agnew, Roy, Dance of the Wild Men, EOgmmiZ0iFE.mid",302
303616,72,1/6,"Agnew, Roy, Dance of the Wild Men, EOgmmiZ0iFE.mid",303
72,8208,0.25,"Agnew, Roy, Dance of the Wild Men, EOgmmiZ0iFE.mid",304
8208,16928,0.25,"Agnew, Roy, Dance of the Wild Men, EOgmmiZ0iFE.mid",305
16928,18976,5/12,"Agnew, Roy, Dance of the Wild Men, EOgmmiZ0iFE.mid",306
18976,2048,1/12,"Agnew, Roy, Dance of the Wild Men, EOgmmiZ0iFE.mid",307
2048,17408,0.25,"Agnew, Roy, Dance of the Wild Men, EOgmmiZ0iFE.mid",308
17408,1,0.25,"Agnew, Roy, Dance of the Wild Men, EOgmmiZ0iFE.mid",309
1,8704,0.5,"Agnew, Roy, Dance of the Wild Men, EOgmmiZ0iFE.mid",310
8704,8960,0.5,"Agnew, Roy, Dance of the Wild Men, EOgmmiZ0iFE.mid",311
8960,256,1/6,"Agnew, Roy, Dance of the Wild Men, EOgmmiZ0iFE.mid",312
256,128,1/3,"Agnew, Roy, Dance of the Wild Men, EOgmmiZ0iFE.mid",313
128,640,0.25,"Agnew, Roy, Dance of the Wild Men, EOgmmiZ0iFE.mid",314
640,2688,1/12,"Agnew, Roy, Dance of the Wild Men, EOgmmiZ0iFE.mid",315
2688,6784,1/6,"Agnew, Roy, Dance of the Wild Men, EOgmmiZ0iFE.mid",316
6784,88704,1/6,"Agnew, Roy, Dance of the Wild Men, EOgmmiZ0iFE.mid",317
88704,88064,1/6,"Agnew, Roy, Dance of the Wild Men, EOgmmiZ0iFE.mid",318
88064,88064,1/6,"Agnew, Roy, Dance of the Wild Men, EOgmmiZ0iFE.mid",319
88064,790016,0.25,"Agnew, Roy, Dance of the Wild Men, EOgmmiZ0iFE.mid",320
790016,2720,1/6,"Agnew, Roy, Dance of the Wild Men, EOgmmiZ0iFE.mid",321
2720,2736,1/12,"Agnew, Roy, Dance of the Wild Men, EOgmmiZ0iFE.mid",322
2736,2064,1/6,"Agnew, Roy, Dance of the Wild Men, EOgmmiZ0iFE.mid",323
2064,10252,0.25,"Agnew, Roy, Dance of the Wild Men, EOgmmiZ0iFE.mid",324
10252,2048,1/12,"Agnew, Roy, Dance of the Wild Men, EOgmmiZ0iFE.mid",325
2048,350208,0.25,"Agnew, Roy, Dance of the Wild Men, EOgmmiZ0iFE.mid",326
350208,351744,0.25,"Agnew, Roy, Dance of the Wild Men, EOgmmiZ0iFE.mid",327
351744,8352,0.25,"Agnew, Roy, Dance of the Wild Men, EOgmmiZ0iFE.mid",328
8352,2584,0.25,"Agnew, Roy, Dance of the Wild Men, EOgmmiZ0iFE.mid",329
2584,4100,0.25,"Agnew, Roy, Dance of the Wild Men, EOgmmiZ0iFE.mid",330
4100,88064,0.5,"Agnew, Roy, Dance of the Wild Men, EOgmmiZ0iFE.mid",331
88064,787968,0.25,"Agnew, Roy, Dance of the Wild Men, EOgmmiZ0iFE.mid",332
787968,2736,0.25,"Agnew, Roy, Dance of the Wild Men, EOgmmiZ0iFE.mid",333
2736,10764,1/3,"Agnew, Roy, Dance of the Wild Men, EOgmmiZ0iFE.mid",334
10764,346112,1/6,"Agnew, Roy, Dance of the Wild Men, EOgmmiZ0iFE.mid",335
346112,88128,0.25,"Agnew, Roy, Dance of the Wild Men, EOgmmiZ0iFE.mid",336
88128,85568,0.25,"Agnew, Roy, Dance of the Wild Men, EOgmmiZ0iFE.mid",337
85568,347648,0.25,"Agnew, Roy, Dance of the Wild Men, EOgmmiZ0iFE.mid",338
347648,351744,1/12,"Agnew, Roy, Dance of the Wild Men, EOgmmiZ0iFE.mid",339
351744,7680,1/12,"Agnew, Roy, Dance of the Wild Men, EOgmmiZ0iFE.mid",340
7680,2049,1/12,"Agnew, Roy, Dance of the Wild Men, EOgmmiZ0iFE.mid",341
2049,6144,1/6,"Agnew, Roy, Dance of the Wild Men, EOgmmiZ0iFE.mid",342
6144,531456,1/12,"Agnew, Roy, Dance of the Wild Men, EOgmmiZ0iFE.mid",343
531456,525312,0.25,"Agnew, Roy, Dance of the Wild Men, EOgmmiZ0iFE.mid",344
525312,4608,0.25,"Agnew, Roy, Dance of the Wild Men, EOgmmiZ0iFE.mid",345
4608,4180,0.25,"Agnew, Roy, Dance of the Wild Men, EOgmmiZ0iFE.mid",346
4180,350208,1/6,"Agnew, Roy, Dance of the Wild Men, EOgmmiZ0iFE.mid",347
350208,351232,1/12,"Agnew, Roy, Dance of the Wild Men, EOgmmiZ0iFE.mid",348
351232,349184,0.25,"Agnew, Roy, Dance of the Wild Men, EOgmmiZ0iFE.mid",349
349184,349696,1/3,"Agnew, Roy, Dance of the Wild Men, EOgmmiZ0iFE.mid",350
349696,351232,1/12,"Agnew, Roy, Dance of the Wild Men, EOgmmiZ0iFE.mid",351
351232,350208,1/12,"Agnew, Roy, Dance of the Wild Men, EOgmmiZ0iFE.mid",352
350208,547840,1/6,"Agnew, Roy, Dance of the Wild Men, EOgmmiZ0iFE.mid",353
547840,545792,1/12,"Agnew, Roy, Dance of the Wild Men, EOgmmiZ0iFE.mid",354
545792,4100,1/6,"Agnew, Roy, Dance of the Wild Men, EOgmmiZ0iFE.mid",355
4100,512,0.25,"Agnew, Roy, Dance of the Wild Men, EOgmmiZ0iFE.mid",356
512,81,0.25,"Agnew, Roy, Dance of the Wild Men, EOgmmiZ0iFE.mid",357
81,333824,0.25,"Agnew, Roy, Dance of the Wild Men, EOgmmiZ0iFE.mid",358
333824,334848,1/6,"Agnew, Roy, Dance of the Wild Men, EOgmmiZ0iFE.mid",359
334848,330752,1/12,"Agnew, Roy, Dance of the Wild Men, EOgmmiZ0iFE.mid",360
330752,331264,1/12,"Agnew, Roy, Dance of the Wild Men, EOgmmiZ0iFE.mid",361
331264,330240,1/6,"Agnew, Roy, Dance of the Wild Men, EOgmmiZ0iFE.mid",362
330240,328192,1/12,"Agnew, Roy, Dance of the Wild Men, EOgmmiZ0iFE.mid",363
328192,332288,1/3,"Agnew, Roy, Dance of the Wild Men, EOgmmiZ0iFE.mid",364
332288,329728,1/3,"Agnew, Roy, Dance of the Wild Men, EOgmmiZ0iFE.mid",365
329728,263168,0.25,"Agnew, Roy, Dance of the Wild Men, EOgmmiZ0iFE.mid",366
263168,263680,1/12,"Agnew, Roy, Dance of the Wild Men, EOgmmiZ0iFE.mid",367
263680,262656,1/6,"Agnew, Roy, Dance of the Wild Men, EOgmmiZ0iFE.mid",368
262656,266752,0.25,"Agnew, Roy, Dance of the Wild Men, EOgmmiZ0iFE.mid",369
266752,268800,0.25,"Agnew, Roy, Dance of the Wild Men, EOgmmiZ0iFE.mid",370
268800,264192,0.25,"Agnew, Roy, Dance of the Wild Men, EOgmmiZ0iFE.mid",371
264192,3072,0.25,"Agnew, Roy, Dance of the Wild Men, EOgmmiZ0iFE.mid",372
3072,3584,0.25,"Agnew, Roy, Dance of the Wild Men, EOgmmiZ0iFE.mid",373
3584,3840,0.25,"Agnew, Roy, Dance of the Wild Men, EOgmmiZ0iFE.mid",374
3840,1792,1/6,"Agnew, Roy, Dance of the Wild Men, EOgmmiZ0iFE.mid",375
1792,1280,1/12,"Agnew, Roy, Dance of the Wild Men, EOgmmiZ0iFE.mid",376
1280,256,1/12,"Agnew, Roy, Dance of the Wild Men, EOgmmiZ0iFE.mid",377
256,384,1/3,"Agnew, Roy, Dance of the Wild Men, EOgmmiZ0iFE.mid",378
384,448,1/3,"Agnew, Roy, Dance of the Wild Men, EOgmmiZ0iFE.mid",379
448,480,0.5,"Agnew, Roy, Dance of the Wild Men, EOgmmiZ0iFE.mid",380
480,224,1/6,"Agnew, Roy, Dance of the Wild Men, EOgmmiZ0iFE.mid",381
224,2480,1/12,"Agnew, Roy, Dance of the Wild Men, EOgmmiZ0iFE.mid",382
2480,2448,1/12,"Agnew, Roy, Dance of the Wild Men, EOgmmiZ0iFE.mid",383
2448,2320,1/12,"Agnew, Roy, Dance of the Wild Men, EOgmmiZ0iFE.mid",384
2320,2320,0.75,"Agnew, Roy, Dance of the Wild Men, EOgmmiZ0iFE.mid",385
2320,2320,7/12,"Agnew, Roy, Dance of the Wild Men, EOgmmiZ0iFE.mid",386
2320,2448,5/12,"Agnew, Roy, Dance of the Wild Men, EOgmmiZ0iFE.mid",387
2448,2960,1/3,"Agnew, Roy, Dance of the Wild Men, EOgmmiZ0iFE.mid",388
2960,2960,1/3,"Agnew, Roy, Dance of the Wild Men, EOgmmiZ0iFE.mid",389
2960,7056,2/3,"Agnew, Roy, Dance of the Wild Men, EOgmmiZ0iFE.mid",390
7056,7056,0.25,"Agnew, Roy, Dance of the Wild Men, EOgmmiZ0iFE.mid",391
7056,6928,1/12,"Agnew, Roy, Dance of the Wild Men, EOgmmiZ0iFE.mid",392
6928,2832,1/12,"Agnew, Roy, Dance of the Wild Men, EOgmmiZ0iFE.mid",393
2832,2576,1/3,"Agnew, Roy, Dance of the Wild Men, EOgmmiZ0iFE.mid",394
2576,2576,0.5,"Agnew, Roy, Dance of the Wild Men, EOgmmiZ0iFE.mid",395
2576,2704,0.25,"Agnew, Roy, Dance of the Wild Men, EOgmmiZ0iFE.mid",396
2704,2704,0.5,"Agnew, Roy, Dance of the Wild Men, EOgmmiZ0iFE.mid",397
2704,2704,1/3,"Agnew, Roy, Dance of the Wild Men, EOgmmiZ0iFE.mid",398
2704,19088,5/12,"Agnew, Roy, Dance of the Wild Men, EOgmmiZ0iFE.mid",399
19088,19088,0.25,"Agnew, Roy, Dance of the Wild Men, EOgmmiZ0iFE.mid",400
19088,19088,0.25,"Agnew, Roy, Dance of the Wild Men, EOgmmiZ0iFE.mid",401
19088,18576,0.25,"Agnew, Roy, Dance of the Wild Men, EOgmmiZ0iFE.mid",402
18576,18448,1/6,"Agnew, Roy, Dance of the Wild Men, EOgmmiZ0iFE.mid",403
18448,18448,1/3,"Agnew, Roy, Dance of the Wild Men, EOgmmiZ0iFE.mid",404
18448,18576,1/3,"Agnew, Roy, Dance of the Wild Men, EOgmmiZ0iFE.mid",405
18576,19088,1/3,"Agnew, Roy, Dance of the Wild Men, EOgmmiZ0iFE.mid",406
19088,18960,1/12,"Agnew, Roy, Dance of the Wild Men, EOgmmiZ0iFE.mid",407
18960,19088,0.25,"Agnew, Roy, Dance of the Wild Men, EOgmmiZ0iFE.mid",408
19088,19088,1/6,"Agnew, Roy, Dance of the Wild Men, EOgmmiZ0iFE.mid",409
19088,19088,1/3,"Agnew, Roy, Dance of the Wild Men, EOgmmiZ0iFE.mid",410
19088,19088,1/3,"Agnew, Roy, Dance of the Wild Men, EOgmmiZ0iFE.mid",411
19088,18576,1/6,"Agnew, Roy, Dance of the Wild Men, EOgmmiZ0iFE.mid",412
18576,19088,1/6,"Agnew, Roy, Dance of the Wild Men, EOgmmiZ0iFE.mid",413
19088,17040,1/12,"Agnew, Roy, Dance of the Wild Men, EOgmmiZ0iFE.mid",414
17040,19088,5/12,"Agnew, Roy, Dance of the Wild Men, EOgmmiZ0iFE.mid",415
19088,23184,1/3,"Agnew, Roy, Dance of the Wild Men, EOgmmiZ0iFE.mid",416
23184,4,1/12,"Agnew, Roy, Dance of the Wild Men, EOgmmiZ0iFE.mid",417
4,23184,1/3,"Agnew, Roy, Dance of the Wild Men, EOgmmiZ0iFE.mid",418
23184,23184,0.5,"Agnew, Roy, Dance of the Wild Men, EOgmmiZ0iFE.mid",419
23184,23184,1/6,"Agnew, Roy, Dance of the Wild Men, EOgmmiZ0iFE.mid",420
23184,23248,1/12,"Agnew, Roy, Dance of the Wild Men, EOgmmiZ0iFE.mid",421
23248,23248,1/12,"Agnew, Roy, Dance of the Wild Men, EOgmmiZ0iFE.mid",422
23248,19024,1/12,"Agnew, Roy, Dance of the Wild Men, EOgmmiZ0iFE.mid",423
19024,80,0.25,"Agnew, Roy, Dance of the Wild Men, EOgmmiZ0iFE.mid",424
80,8272,0.25,"Agnew, Roy, Dance of the Wild Men, EOgmmiZ0iFE.mid",425
8272,8784,0.25,"Agnew, Roy, Dance of the Wild Men, EOgmmiZ0iFE.mid",426
8784,8784,0.25,"Agnew, Roy, Dance of the Wild Men, EOgmmiZ0iFE.mid",427
8784,8784,0.25,"Agnew, Roy, Dance of the Wild Men, EOgmmiZ0iFE.mid",428
8784,41552,0.25,"Agnew, Roy, Dance of the Wild Men, EOgmmiZ0iFE.mid",429
41552,41040,0.25,"Agnew, Roy, Dance of the Wild Men, EOgmmiZ0iFE.mid",430
41040,41552,0.25,"Agnew, Roy, Dance of the Wild Men, EOgmmiZ0iFE.mid",431
41552,41552,1/12,"Agnew, Roy, Dance of the Wild Men, EOgmmiZ0iFE.mid",432
41552,41552,1/6,"Agnew, Roy, Dance of the Wild Men, EOgmmiZ0iFE.mid",433
41552,8784,0.25,"Agnew, Roy, Dance of the Wild Men, EOgmmiZ0iFE.mid",434
8784,8784,0.25,"Agnew, Roy, Dance of the Wild Men, EOgmmiZ0iFE.mid",435
8784,8784,0.25,"Agnew, Roy, Dance of the Wild Men, EOgmmiZ0iFE.mid",436
8784,8784,1/12,"Agnew, Roy, Dance of the Wild Men, EOgmmiZ0iFE.mid",437
8784,8784,1/12,"Agnew, Roy, Dance of the Wild Men, EOgmmiZ0iFE.mid",438
8784,8784,1/3,"Agnew, Roy, Dance of the Wild Men, EOgmmiZ0iFE.mid",439
8784,41552,0.25,"Agnew, Roy, Dance of the Wild Men, EOgmmiZ0iFE.mid",440
41552,41552,0.25,"Agnew, Roy, Dance of the Wild Men, EOgmmiZ0iFE.mid",441
41552,41552,0.25,"Agnew, Roy, Dance of the Wild Men, EOgmmiZ0iFE.mid",442
41552,41552,1/6,"Agnew, Roy, Dance of the Wild Men, EOgmmiZ0iFE.mid",443
41552,41552,1/12,"Agnew, Roy, Dance of the Wild Men, EOgmmiZ0iFE.mid",444
41552,8784,1/12,"Agnew, Roy, Dance of the Wild Men, EOgmmiZ0iFE.mid",445
8784,592,1/12,"Agnew, Roy, Dance of the Wild Men, EOgmmiZ0iFE.mid",446
592,592,1/12,"Agnew, Roy, Dance of the Wild Men, EOgmmiZ0iFE.mid",447
592,8784,1/3,"Agnew, Roy, Dance of the Wild Men, EOgmmiZ0iFE.mid",448
8784,8784,1/3,"Agnew, Roy, Dance of the Wild Men, EOgmmiZ0iFE.mid",449
8784,8784,1/3,"Agnew, Roy, Dance of the Wild Men, EOgmmiZ0iFE.mid",450
8784,41552,1/3,"Agnew, Roy, Dance of the Wild Men, EOgmmiZ0iFE.mid",451
41552,41552,1/6,"Agnew, Roy, Dance of the Wild Men, EOgmmiZ0iFE.mid",452
41552,41552,1/6,"Agnew, Roy, Dance of the Wild Men, EOgmmiZ0iFE.mid",453
41552,33360,1/12,"Agnew, Roy, Dance of the Wild Men, EOgmmiZ0iFE.mid",454
33360,41552,0.25,"Agnew, Roy, Dance of the Wild Men, EOgmmiZ0iFE.mid",455
41552,41552,1/3,"Agnew, Roy, Dance of the Wild Men, EOgmmiZ0iFE.mid",456
41552,41040,1/6,"Agnew, Roy, Dance of the Wild Men, EOgmmiZ0iFE.mid",457
41040,41552,0.25,"Agnew, Roy, Dance of the Wild Men, EOgmmiZ0iFE.mid",458
41552,41552,13/12,"Agnew, Roy, Dance of the Wild Men, EOgmmiZ0iFE.mid",459
41552,41040,1/6,"Agnew, Roy, Dance of the Wild Men, EOgmmiZ0iFE.mid",460
41040,8784,0.25,"Agnew, Roy, Dance of the Wild Men, EOgmmiZ0iFE.mid",461
8784,8720,1/6,"Agnew, Roy, Dance of the Wild Men, EOgmmiZ0iFE.mid",462
8720,528,0.25,"Agnew, Roy, Dance of the Wild Men, EOgmmiZ0iFE.mid",463
528,8720,0.25,"Agnew, Roy, Dance of the Wild Men, EOgmmiZ0iFE.mid",464
8720,8720,1/12,"Agnew, Roy, Dance of the Wild Men, EOgmmiZ0iFE.mid",465
8720,8720,0.25,"Agnew, Roy, Dance of the Wild Men, EOgmmiZ0iFE.mid",466
8720,8784,5/12,"Agnew, Roy, Dance of the Wild Men, EOgmmiZ0iFE.mid",467
8784,8784,1/3,"Agnew, Roy, Dance of the Wild Men, EOgmmiZ0iFE.mid",468
8784,16,5.25,"Agnew, Roy, Dance of the Wild Men, EOgmmiZ0iFE.mid",469
16,8784,0.25,"Agnew, Roy, Dance of the Wild Men, EOgmmiZ0iFE.mid",470
8784,8784,1/6,"Agnew, Roy, Dance of the Wild Men, EOgmmiZ0iFE.mid",471
8784,592,1/12,"Agnew, Roy, Dance of the Wild Men, EOgmmiZ0iFE.mid",472
592,8784,1/6,"Agnew, Roy, Dance of the Wild Men, EOgmmiZ0iFE.mid",473
8784,8272,1/12,"Agnew, Roy, Dance of the Wild Men, EOgmmiZ0iFE.mid",474
8272,8784,1/3,"Agnew, Roy, Dance of the Wild Men, EOgmmiZ0iFE.mid",475
8784,592,1/6,"Agnew, Roy, Dance of the Wild Men, EOgmmiZ0iFE.mid",476
592,8784,1/12,"Agnew, Roy, Dance of the Wild Men, EOgmmiZ0iFE.mid",477
8784,41552,1/6,"Agnew, Roy, Dance of the Wild Men, EOgmmiZ0iFE.mid",478
41552,41040,0.25,"Agnew, Roy, Dance of the Wild Men, EOgmmiZ0iFE.mid",479
41040,41552,0.25,"Agnew, Roy, Dance of the Wild Men, EOgmmiZ0iFE.mid",480
41552,41536,1/12,"Agnew, Roy, Dance of the Wild Men, EOgmmiZ0iFE.mid",481
41536,8768,1/6,"Agnew, Roy, Dance of the Wild Men, EOgmmiZ0iFE.mid",482
8768,8788,1/12,"Agnew, Roy, Dance of the Wild Men, EOgmmiZ0iFE.mid",483
8788,8788,0.25,"Agnew, Roy, Dance of the Wild Men, EOgmmiZ0iFE.mid",484
8788,596,5/12,"Agnew, Roy, Dance of the Wild Men, EOgmmiZ0iFE.mid",485
596,596,1/12,"Agnew, Roy, Dance of the Wild Men, EOgmmiZ0iFE.mid",486
596,596,1/6,"Agnew, Roy, Dance of the Wild Men, EOgmmiZ0iFE.mid",487
596,596,0.25,"Agnew, Roy, Dance of the Wild Men, EOgmmiZ0iFE.mid",488
596,2644,1/6,"Agnew, Roy, Dance of the Wild Men, EOgmmiZ0iFE.mid",489
2644,2644,1/12,"Agnew, Roy, Dance of the Wild Men, EOgmmiZ0iFE.mid",490
2644,2644,0.25,"Agnew, Roy, Dance of the Wild Men, EOgmmiZ0iFE.mid",491
2644,2644,0.25,"Agnew, Roy, Dance of the Wild Men, EOgmmiZ0iFE.mid",492
2644,2443264,0.25,"Agnew, Roy, Dance of the Wild Men, EOgmmiZ0iFE.mid",493
2443264,2181120,1/12,"Agnew, Roy, Dance of the Wild Men, EOgmmiZ0iFE.mid",494
2181120,2115584,1/12,"Agnew, Roy, Dance of the Wild Men, EOgmmiZ0iFE.mid",495
2115584,2377728,1/12,"Agnew, Roy, Dance of the Wild Men, EOgmmiZ0iFE.mid",496
2377728,280576,0.25,"Agnew, Roy, Dance of the Wild Men, EOgmmiZ0iFE.mid",497
280576,280576,0.25,"Agnew, Roy, Dance of the Wild Men, EOgmmiZ0iFE.mid",498
280576,280576,1/12,"Agnew, Roy, Dance of the Wild Men, EOgmmiZ0iFE.mid",499
280576,280576,1/6,"Agnew, Roy, Dance of the Wild Men, EOgmmiZ0iFE.mid",500
280576,1329152,0.5,"Agnew, Roy, Dance of the Wild Men, EOgmmiZ0iFE.mid",501
1329152,1329152,0.5,"Agnew, Roy, Dance of the Wild Men, EOgmmiZ0iFE.mid",502
1329152,18768,0.25,"Agnew, Roy, Dance of the Wild Men, EOgmmiZ0iFE.mid",503
18768,2064,1/6,"Agnew, Roy, Dance of the Wild Men, EOgmmiZ0iFE.mid",504
2064,2064,1/12,"Agnew, Roy, Dance of the Wild Men, EOgmmiZ0iFE.mid",505
2064,2064,1/3,"Agnew, Roy, Dance of the Wild Men, EOgmmiZ0iFE.mid",506
2064,2320,1/6,"Agnew, Roy, Dance of the Wild Men, EOgmmiZ0iFE.mid",507
2320,2320,1/6,"Agnew, Roy, Dance of the Wild Men, EOgmmiZ0iFE.mid",508
2320,2320,1/3,"Agnew, Roy, Dance of the Wild Men, EOgmmiZ0iFE.mid",509
2320,10512,1/3,"Agnew, Roy, Dance of the Wild Men, EOgmmiZ0iFE.mid",510
10512,10512,5/12,"Agnew, Roy, Dance of the Wild Men, EOgmmiZ0iFE.mid",511
10512,10576,1/12,"Agnew, Roy, Dance of the Wild Men, EOgmmiZ0iFE.mid",512
10576,10576,1/6,"Agnew, Roy, Dance of the Wild Men, EOgmmiZ0iFE.mid",513
10576,2128,1/12,"Agnew, Roy, Dance of the Wild Men, EOgmmiZ0iFE.mid",514
2128,2128,5/12,"Agnew, Roy, Dance of the Wild Men, EOgmmiZ0iFE.mid",515
2128,18512,0.25,"Agnew, Roy, Dance of the Wild Men, EOgmmiZ0iFE.mid",516
18512,18512,0.5,"Agnew, Roy, Dance of the Wild Men, EOgmmiZ0iFE.mid",517
18512,18768,1/3,"Agnew, Roy, Dance of the Wild Men, EOgmmiZ0iFE.mid",518
18768,18768,1/12,"Agnew, Roy, Dance of the Wild Men, EOgmmiZ0iFE.mid",519
18768,18768,1/3,"Agnew, Roy, Dance of the Wild Men, EOgmmiZ0iFE.mid",520
18768,18768,0.25,"Agnew, Roy, Dance of the Wild Men, EOgmmiZ0iFE.mid",521
18768,18768,1/6,"Agnew, Roy, Dance of the Wild Men, EOgmmiZ0iFE.mid",522
18768,18768,1/12,"Agnew, Roy, Dance of the Wild Men, EOgmmiZ0iFE.mid",523
18768,2320,1/12,"Agnew, Roy, Dance of the Wild Men, EOgmmiZ0iFE.mid",524
2320,2064,1/12,"Agnew, Roy, Dance of the Wild Men, EOgmmiZ0iFE.mid",525
2064,2128,1/3,"Agnew, Roy, Dance of the Wild Men, EOgmmiZ0iFE.mid",526
2128,18512,1/3,"Agnew, Roy, Dance of the Wild Men, EOgmmiZ0iFE.mid",527
18512,18512,1/3,"Agnew, Roy, Dance of the Wild Men, EOgmmiZ0iFE.mid",528
18512,18768,1/12,"Agnew, Roy, Dance of the Wild Men, EOgmmiZ0iFE.mid",529
18768,2384,0.25,"Agnew, Roy, Dance of the Wild Men, EOgmmiZ0iFE.mid",530
2384,18768,0.25,"Agnew, Roy, Dance of the Wild Men, EOgmmiZ0iFE.mid",531
18768,18768,1/12,"Agnew, Roy, Dance of the Wild Men, EOgmmiZ0iFE.mid",532
18768,18768,1/6,"Agnew, Roy, Dance of the Wild Men, EOgmmiZ0iFE.mid",533
18768,18768,1/12,"Agnew, Roy, Dance of the Wild Men, EOgmmiZ0iFE.mid",534
18768,18704,1/12,"Agnew, Roy, Dance of the Wild Men, EOgmmiZ0iFE.mid",535
18704,2064,1/12,"Agnew, Roy, Dance of the Wild Men, EOgmmiZ0iFE.mid",536
2064,2320,0.25,"Agnew, Roy, Dance of the Wild Men, EOgmmiZ0iFE.mid",537
2320,18704,1/3,"Agnew, Roy, Dance of the Wild Men, EOgmmiZ0iFE.mid",538
18704,18768,17/12,"Agnew, Roy, Dance of the Wild Men, EOgmmiZ0iFE.mid",539
18768,18768,1/12,"Agnew, Roy, Dance of the Wild Men, EOgmmiZ0iFE.mid",540
18768,18768,1/6,"Agnew, Roy, Dance of the Wild Men, EOgmmiZ0iFE.mid",541
18768,2048,0.5,"Agnew, Roy, Dance of the Wild Men, EOgmmiZ0iFE.mid",542
2048,18768,1/12,"Agnew, Roy, Dance of the Wild Men, EOgmmiZ0iFE.mid",543
18768,18704,1/6,"Agnew, Roy, Dance of the Wild Men, EOgmmiZ0iFE.mid",544
18704,2064,0.25,"Agnew, Roy, Dance of the Wild Men, EOgmmiZ0iFE.mid",545
2064,2064,0.25,"Agnew, Roy, Dance of the Wild Men, EOgmmiZ0iFE.mid",546
2064,2320,5/12,"Agnew, Roy, Dance of the Wild Men, EOgmmiZ0iFE.mid",547
2320,2320,1/12,"Agnew, Roy, Dance of the Wild Men, EOgmmiZ0iFE.mid",548
2320,2320,1/12,"Agnew, Roy, Dance of the Wild Men, EOgmmiZ0iFE.mid",549
2320,10512,5/12,"Agnew, Roy, Dance of the Wild Men, EOgmmiZ0iFE.mid",550
10512,10512,1/12,"Agnew, Roy, Dance of the Wild Men, EOgmmiZ0iFE.mid",551
10512,10512,1/12,"Agnew, Roy, Dance of the Wild Men, EOgmmiZ0iFE.mid",552
10512,10512,1/6,"Agnew, Roy, Dance of the Wild Men, EOgmmiZ0iFE.mid",553
10512,10512,1/6,"Agnew, Roy, Dance of the Wild Men, EOgmmiZ0iFE.mid",554
10512,10256,1/12,"Agnew, Roy, Dance of the Wild Men, EOgmmiZ0iFE.mid",555
10256,2064,1/6,"Agnew, Roy, Dance of the Wild Men, EOgmmiZ0iFE.mid",556
2064,2128,0.5,"Agnew, Roy, Dance of the Wild Men, EOgmmiZ0iFE.mid",557
2128,18448,0.25,"Agnew, Roy, Dance of the Wild Men, EOgmmiZ0iFE.mid",558
18448,18512,0.25,"Agnew, Roy, Dance of the Wild Men, EOgmmiZ0iFE.mid",559
18512,18768,0.25,"Agnew, Roy, Dance of the Wild Men, EOgmmiZ0iFE.mid",560
18768,18768,0.25,"Agnew, Roy, Dance of the Wild Men, EOgmmiZ0iFE.mid",561
18768,16,1/12,"Agnew, Roy, Dance of the Wild Men, EOgmmiZ0iFE.mid",562
16,1394688,0.25,"Agnew, Roy, Dance of the Wild Men, EOgmmiZ0iFE.mid",563
1394688,18512,1/12,"Agnew, Roy, Dance of the Wild Men, EOgmmiZ0iFE.mid",564
18512,18768,1/12,"Agnew, Roy, Dance of the Wild Men, EOgmmiZ0iFE.mid",565
18768,18768,1/12,"Agnew, Roy, Dance of the Wild Men, EOgmmiZ0iFE.mid",566
18768,2320,1/6,"Agnew, Roy, Dance of the Wild Men, EOgmmiZ0iFE.mid",567
2320,2128,1/3,"Agnew, Roy, Dance of the Wild Men, EOgmmiZ0iFE.mid",568
2128,18512,1/6,"Agnew, Roy, Dance of the Wild Men, EOgmmiZ0iFE.mid",569
18512,18448,1/12,"Agnew, Roy, Dance of the Wild Men, EOgmmiZ0iFE.mid",570
18448,18512,0.25,"Agnew, Roy, Dance of the Wild Men, EOgmmiZ0iFE.mid",571
18512,18768,0.25,"Agnew, Roy, Dance of the Wild Men, EOgmmiZ0iFE.mid",572
18768,18768,0.25,"Agnew, Roy, Dance of the Wild Men, EOgmmiZ0iFE.mid",573
18768,18512,1/12,"Agnew, Roy, Dance of the Wild Men, EOgmmiZ0iFE.mid",574
18512,2128,0.25,"Agnew, Roy, Dance of the Wild Men, EOgmmiZ0iFE.mid",575
2128,2384,1/3,"Agnew, Roy, Dance of the Wild Men, EOgmmiZ0iFE.mid",576
2384,18768,1/12,"Agnew, Roy, Dance of the Wild Men, EOgmmiZ0iFE.mid",577
18768,18704,0.25,"Agnew, Roy, Dance of the Wild Men, EOgmmiZ0iFE.mid",578
18704,2128,0.25,"Agnew, Roy, Dance of the Wild Men, EOgmmiZ0iFE.mid",579
2128,264192,0.25,"Agnew, Roy, Dance of the Wild Men, EOgmmiZ0iFE.mid",580
264192,2112,1/12,"Agnew, Roy, Dance of the Wild Men, EOgmmiZ0iFE.mid",581
2112,64,1/12,"Agnew, Roy, Dance of the Wild Men, EOgmmiZ0iFE.mid",582
64,88064,0.5,"Agnew, Roy, Dance of the Wild Men, EOgmmiZ0iFE.mid",583
88064,787968,0.25,"Agnew, Roy, Dance of the Wild Men, EOgmmiZ0iFE.mid",584
787968,688,0.25,"Agnew, Roy, Dance of the Wild Men, EOgmmiZ0iFE.mid",585
688,6812,0.25,"Agnew, Roy, Dance of the Wild Men, EOgmmiZ0iFE.mid",586
6812,656,1/6,"Agnew, Roy, Dance of the Wild Men, EOgmmiZ0iFE.mid",587
656,5328,0.25,"Agnew, Roy, Dance of the Wild Men, EOgmmiZ0iFE.mid",588
5328,69,0.25,"Agnew, Roy, Dance of the Wild Men, EOgmmiZ0iFE.mid",589
69,2246656,0.25,"Agnew, Roy, Dance of the Wild Men, EOgmmiZ0iFE.mid",590
2246656,544,1/12,"Agnew, Roy, Dance of the Wild Men, EOgmmiZ0iFE.mid",591
544,2176,0.25,"Agnew, Roy, Dance of the Wild Men, EOgmmiZ0iFE.mid",592
2176,5328,0.25,"Agnew, Roy, Dance of the Wild Men, EOgmmiZ0iFE.mid",593
5328,69,1/12,"Agnew, Roy, Dance of the Wild Men, EOgmmiZ0iFE.mid",594
69,85,1/6,"Agnew, Roy, Dance of the Wild Men, EOgmmiZ0iFE.mid",595
85,80,1/12,"Agnew, Roy, Dance of the Wild Men, EOgmmiZ0iFE.mid",596
80,2246656,0.25,"Agnew, Roy, Dance of the Wild Men, EOgmmiZ0iFE.mid",597
2246656,2246656,1/12,"Agnew, Roy, Dance of the Wild Men, EOgmmiZ0iFE.mid",598
2246656,19072,0.25,"Agnew, Roy, Dance of the Wild Men, EOgmmiZ0iFE.mid",599
19072,3216,2/3,"Agnew, Roy, Dance of the Wild Men, EOgmmiZ0iFE.mid",600
3216,1608,1/3,"Agnew, Roy, Dance of the Wild Men, EOgmmiZ0iFE.mid",601
1608,1608,0.25,"Agnew, Roy, Dance of the Wild Men, EOgmmiZ0iFE.mid",602
1608,1644,5/12,"Agnew, Roy, Dance of the Wild Men, EOgmmiZ0iFE.mid",603
1644,548,1/12,"Agnew, Roy, Dance of the Wild Men, EOgmmiZ0iFE.mid",604
548,7698,0.25,"Agnew, Roy, Dance of the Wild Men, EOgmmiZ0iFE.mid",605
7698,1554,0.25,"Agnew, Roy, Dance of the Wild Men, EOgmmiZ0iFE.mid",606
1554,3611,0.25,"Agnew, Roy, Dance of the Wild Men, EOgmmiZ0iFE.mid",607
3611,530,1/6,"Agnew, Roy, Dance of the Wild Men, EOgmmiZ0iFE.mid",608
530,18,1/12,"Agnew, Roy, Dance of the Wild Men, EOgmmiZ0iFE.mid",609
18,6309888,0.5,"Agnew, Roy, Dance of the Wild Men, EOgmmiZ0iFE.mid",610
6309888,2124800,0.5,"Agnew, Roy, Dance of the Wild Men, EOgmmiZ0iFE.mid",611
2124800,32256,1/3,"Agnew, Roy, Dance of the Wild Men, EOgmmiZ0iFE.mid",612
32256,30208,1/6,"Agnew, Roy, Dance of the Wild Men, EOgmmiZ0iFE.mid",613
30208,7632896,0.25,"Agnew, Roy, Dance of the Wild Men, EOgmmiZ0iFE.mid",614
7632896,7632896,1/6,"Agnew, Roy, Dance of the Wild Men, EOgmmiZ0iFE.mid",615
7632896,8157184,1/12,"Agnew, Roy, Dance of the Wild Men, EOgmmiZ0iFE.mid",616
8157184,1665,0.25,"Agnew, Roy, Dance of the Wild Men, EOgmmiZ0iFE.mid",617
1665,1729,5/12,"Agnew, Roy, Dance of the Wild Men, EOgmmiZ0iFE.mid",618
1729,576,1/12,"Agnew, Roy, Dance of the Wild Men, EOgmmiZ0iFE.mid",619
576,1826,0.5,"Agnew, Roy, Dance of the Wild Men, EOgmmiZ0iFE.mid",620
1826,4268,1/3,"Agnew, Roy, Dance of the Wild Men, EOgmmiZ0iFE.mid",621
4268,4782,1/6,"Agnew, Roy, Dance of the Wild Men, EOgmmiZ0iFE.mid",622
4782,4774,0.25,"Agnew, Roy, Dance of the Wild Men, EOgmmiZ0iFE.mid",623
4774,4742,0.25,"Agnew, Roy, Dance of the Wild Men, EOgmmiZ0iFE.mid",624
4742,678,1/12,"Agnew, Roy, Dance of the Wild Men, EOgmmiZ0iFE.mid",625
678,36,0.25,"Agnew, Roy, Dance of the Wild Men, EOgmmiZ0iFE.mid",626
36,33792,1/6,"Agnew, Roy, Dance of the Wild Men, EOgmmiZ0iFE.mid",627
33792,5130,1/12,"Agnew, Roy, Dance of the Wild Men, EOgmmiZ0iFE.mid",628
5130,4098,1/6,"Agnew, Roy, Dance of the Wild Men, EOgmmiZ0iFE.mid",629
4098,4241408,0.25,"Agnew, Roy, Dance of the Wild Men, EOgmmiZ0iFE.mid",630
4241408,48256,0.5,"Agnew, Roy, Dance of the Wild Men, EOgmmiZ0iFE.mid",631
48256,7194,0.25,"Agnew, Roy, Dance of the Wild Men, EOgmmiZ0iFE.mid",632
7194,1024,0.25,"Agnew, Roy, Dance of the Wild Men, EOgmmiZ0iFE.mid",633
1024,6144,1/3,"Agnew, Roy, Dance of the Wild Men, EOgmmiZ0iFE.mid",634
6144,10,0.25,"Agnew, Roy, Dance of the Wild Men, EOgmmiZ0iFE.mid",635
10,384,0.25,"Agnew, Roy, Dance of the Wild Men, EOgmmiZ0iFE.mid",636
384,73856,0.25,"Agnew, Roy, Dance of the Wild Men, EOgmmiZ0iFE.mid",637
73856,262656,0.25,"Agnew, Roy, Dance of the Wild Men, EOgmmiZ0iFE.mid",638
262656,591872,0.25,"Agnew, Roy, Dance of the Wild Men, EOgmmiZ0iFE.mid",639
591872,514,0.25,"Agnew, Roy, Dance of the Wild Men, EOgmmiZ0iFE.mid",640
514,2,1/12,"Agnew, Roy, Dance of the Wild Men, EOgmmiZ0iFE.mid",641
2,2180,0.25,"Agnew, Roy, Dance of the Wild Men, EOgmmiZ0iFE.mid",642
2180,8208,0.25,"Agnew, Roy, Dance of the Wild Men, EOgmmiZ0iFE.mid",643
8208,16,1/6,"Agnew, Roy, Dance of the Wild Men, EOgmmiZ0iFE.mid",644
16,18512,1/12,"Agnew, Roy, Dance of the Wild Men, EOgmmiZ0iFE.mid",645
18512,18496,1/6,"Agnew, Roy, Dance of the Wild Men, EOgmmiZ0iFE.mid",646
18496,73856,0.25,"Agnew, Roy, Dance of the Wild Men, EOgmmiZ0iFE.mid",647
73856,279040,0.25,"Agnew, Roy, Dance of the Wild Men, EOgmmiZ0iFE.mid",648
279040,65664,0.25,"Agnew, Roy, Dance of the Wild Men, EOgmmiZ0iFE.mid",649
65664,128,1/12,"Agnew, Roy, Dance of the Wild Men, EOgmmiZ0iFE.mid",650
128,542720,1/3,"Agnew, Roy, Dance of the Wild Men, EOgmmiZ0iFE.mid",651
542720,67584,1/12,"Agnew, Roy, Dance of the Wild Men, EOgmmiZ0iFE.mid",652
67584,67712,1/6,"Agnew, Roy, Dance of the Wild Men, EOgmmiZ0iFE.mid",653
67712,2176,1/12,"Agnew, Roy, Dance of the Wild Men, EOgmmiZ0iFE.mid",654
2176,279040,0.25,"Agnew, Roy, Dance of the Wild Men, EOgmmiZ0iFE.mid",655
279040,65664,0.25,"Agnew, Roy, Dance of the Wild Men, EOgmmiZ0iFE.mid",656
65664,128,0.25,"Agnew, Roy, Dance of the Wild Men, EOgmmiZ0iFE.mid",657
128,608256,0.25,"Agnew, Roy, Dance of the Wild Men, EOgmmiZ0iFE.mid",658
608256,542720,0.25,"Agnew, Roy, Dance of the Wild Men, EOgmmiZ0iFE.mid",659
542720,84096,2/3,"Agnew, Roy, Dance of the Wild Men, EOgmmiZ0iFE.mid",660
84096,542720,1/12,"Agnew, Roy, Dance of the Wild Men, EOgmmiZ0iFE.mid",661
542720,1170,5/12,"Agnew, Roy, Dance of the Wild Men, EOgmmiZ0iFE.mid",662
1170,1170,0.5,"Agnew, Roy, Dance of the Wild Men, EOgmmiZ0iFE.mid",663
1170,7314,1/6,"Agnew, Roy, Dance of the Wild Men, EOgmmiZ0iFE.mid",664
7314,7314,1/12,"Agnew, Roy, Dance of the Wild Men, EOgmmiZ0iFE.mid",665
7314,1691,1/12,"Agnew, Roy, Dance of the Wild Men, EOgmmiZ0iFE.mid",666
1691,1673,1/6,"Agnew, Roy, Dance of the Wild Men, EOgmmiZ0iFE.mid",667
1673,665,0.25,"Agnew, Roy, Dance of the Wild Men, EOgmmiZ0iFE.mid",668
665,5384192,0.25,"Agnew, Roy, Dance of the Wild Men, EOgmmiZ0iFE.mid",669
5384192,1062912,0.25,"Agnew, Roy, Dance of the Wild Men, EOgmmiZ0iFE.mid",670
1062912,566272,0.25,"Agnew, Roy, Dance of the Wild Men, EOgmmiZ0iFE.mid",671
566272,264,0.5,"Agnew, Roy, Dance of the Wild Men, EOgmmiZ0iFE.mid",672
264,393,0.25,"Agnew, Roy, Dance of the Wild Men, EOgmmiZ0iFE.mid",673
393,129,0.25,"Agnew, Roy, Dance of the Wild Men, EOgmmiZ0iFE.mid",674
129,1170,1/3,"Agnew, Roy, Dance of the Wild Men, EOgmmiZ0iFE.mid",675
1170,5266,1/3,"Agnew, Roy, Dance of the Wild Men, EOgmmiZ0iFE.mid",676
5266,3739,1/12,"Agnew, Roy, Dance of the Wild Men, EOgmmiZ0iFE.mid",677
3739,3609,1/6,"Agnew, Roy, Dance of the Wild Men, EOgmmiZ0iFE.mid",678
3609,664,0.25,"Agnew, Roy, Dance of the Wild Men, EOgmmiZ0iFE.mid",679
664,3,0.25,"Agnew, Roy, Dance of the Wild Men, EOgmmiZ0iFE.mid",680
3,5376000,0.25,"Agnew, Roy, Dance of the Wild Men, EOgmmiZ0iFE.mid",681
5376000,1193984,0.25,"Agnew, Roy, Dance of the Wild Men, EOgmmiZ0iFE.mid",682
1193984,10,0.25,"Agnew, Roy, Dance of the Wild Men, EOgmmiZ0iFE.mid",683
10,1614848,1/3,"Agnew, Roy, Dance of the Wild Men, EOgmmiZ0iFE.mid",684
1614848,128,0.25,"Agnew, Roy, Dance of the Wild Men, EOgmmiZ0iFE.mid",685
128,1154,0.25,"Agnew, Roy, Dance of the Wild Men, EOgmmiZ0iFE.mid",686
1154,4104,0.5,"Agnew, Roy, Dance of the Wild Men, EOgmmiZ0iFE.mid",687
4104,8352,1/3,"Agnew, Roy, Dance of the Wild Men, EOgmmiZ0iFE.mid",688
8352,1026,0.25,"Agnew, Roy, Dance of the Wild Men, EOgmmiZ0iFE.mid",689
1026,2,1/6,"Agnew, Roy, Dance of the Wild Men, EOgmmiZ0iFE.mid",690
2,4234,1/12,"Agnew, Roy, Dance of the Wild Men, EOgmmiZ0iFE.mid",691
4234,4232,1/6,"Agnew, Roy, Dance of the Wild Men, EOgmmiZ0iFE.mid",692
4232,1154,0.25,"Agnew, Roy, Dance of the Wild Men, EOgmmiZ0iFE.mid",693
1154,162,0.25,"Agnew, Roy, Dance of the Wild Men, EOgmmiZ0iFE.mid",694
162,1026,1/3,"Agnew, Roy, Dance of the Wild Men, EOgmmiZ0iFE.mid",695
1026,1059,1/3,"Agnew, Roy, Dance of the Wild Men, EOgmmiZ0iFE.mid",696
1059,1059,1/6,"Agnew, Roy, Dance of the Wild Men, EOgmmiZ0iFE.mid",697
1059,1,1/6,"Agnew, Roy, Dance of the Wild Men, EOgmmiZ0iFE.mid",698
1,1280,1/3,"Agnew, Roy, Dance of the Wild Men, EOgmmiZ0iFE.mid",699
1280,1221632,1/6,"Agnew, Roy, Dance of the Wild Men, EOgmmiZ0iFE.mid",700
1221632,1221632,1/12,"Agnew, Roy, Dance of the Wild Men, EOgmmiZ0iFE.mid",701
1221632,1090560,1/6,"Agnew, Roy, Dance of the Wild Men, EOgmmiZ0iFE.mid",702
1090560,5250,0.25,"Agnew, Roy, Dance of the Wild Men, EOgmmiZ0iFE.mid",703
5250,172544,1/6,"Agnew, Roy, Dance of the Wild Men, EOgmmiZ0iFE.mid",704
172544,176896,1/12,"Agnew, Roy, Dance of the Wild Men, EOgmmiZ0iFE.mid",705
176896,176384,1/6,"Agnew, Roy, Dance of the Wild Men, EOgmmiZ0iFE.mid",706
176384,1024,0.5,"Agnew, Roy, Dance of the Wild Men, EOgmmiZ0iFE.mid",707
1024,1025,1/6,"Agnew, Roy, Dance of the Wild Men, EOgmmiZ0iFE.mid",708
1025,1,0.25,"Agnew, Roy, Dance of the Wild Men, EOgmmiZ0iFE.mid",709
1,1059,1/12,"Agnew, Roy, Dance of the Wild Men, EOgmmiZ0iFE.mid",710
1059,1059,0.25,"Agnew, Roy, Dance of the Wild Men, EOgmmiZ0iFE.mid",711
1059,1315,1/6,"Agnew, Roy, Dance of the Wild Men, EOgmmiZ0iFE.mid",712
1315,1280,1/12,"Agnew, Roy, Dance of the Wild Men, EOgmmiZ0iFE.mid",713
1280,1221632,0.25,"Agnew, Roy, Dance of the Wild Men, EOgmmiZ0iFE.mid",714
1221632,1094656,0.25,"Agnew, Roy, Dance of the Wild Men, EOgmmiZ0iFE.mid",715
1094656,1582592,0.25,"Agnew, Roy, Dance of the Wild Men, EOgmmiZ0iFE.mid",716
1582592,696832,0.25,"Agnew, Roy, Dance of the Wild Men, EOgmmiZ0iFE.mid",717
696832,1,1/12,"Agnew, Roy, Dance of the Wild Men, EOgmmiZ0iFE.mid",718
1,177408,0.25,"Agnew, Roy, Dance of the Wild Men, EOgmmiZ0iFE.mid",719
177408,144640,1/3,"Agnew, Roy, Dance of the Wild Men, EOgmmiZ0iFE.mid",720
144640,144640,5/12,"Agnew, Roy, Dance of the Wild Men, EOgmmiZ0iFE.mid",721
144640,4768,0.25,"Agnew, Roy, Dance of the Wild Men, EOgmmiZ0iFE.mid",722
4768,4768,1/12,"Agnew, Roy, Dance of the Wild Men, EOgmmiZ0iFE.mid",723
4768,1,0.25,"Agnew, Roy, Dance of the Wild Men, EOgmmiZ0iFE.mid",724
1,32,1/3,"Agnew, Roy, Dance of the Wild Men, EOgmmiZ0iFE.mid",725
32,67904,0.25,"Agnew, Roy, Dance of the Wild Men, EOgmmiZ0iFE.mid",726
67904,16,0.25,"Agnew, Roy, Dance of the Wild Men, EOgmmiZ0iFE.mid",727
16,149,0.25,"Agnew, Roy, Dance of the Wild Men, EOgmmiZ0iFE.mid",728
149,4240,0.25,"Agnew, Roy, Dance of the Wild Men, EOgmmiZ0iFE.mid",729
4240,2122,1/3,"Agnew, Roy, Dance of the Wild Men, EOgmmiZ0iFE.mid",730
2122,2122,1/12,"Agnew, Roy, Dance of the Wild Men, EOgmmiZ0iFE.mid",731
2122,305152,1/12,"Agnew, Roy, Dance of the Wild Men, EOgmmiZ0iFE.mid",732
305152,34816,1/6,"Agnew, Roy, Dance of the Wild Men, EOgmmiZ0iFE.mid",733
34816,4768,0.25,"Agnew, Roy, Dance of the Wild Men, EOgmmiZ0iFE.mid",734
4768,67904,0.25,"Agnew, Roy, Dance of the Wild Men, EOgmmiZ0iFE.mid",735
67904,2384,1/12,"Agnew, Roy, Dance of the Wild Men, EOgmmiZ0iFE.mid",736
2384,272,1/6,"Agnew, Roy, Dance of the Wild Men, EOgmmiZ0iFE.mid",737
272,149,0.25,"Agnew, Roy, Dance of the Wild Men, EOgmmiZ0iFE.mid",738
149,86144,0.25,"Agnew, Roy, Dance of the Wild Men, EOgmmiZ0iFE.mid",739
86144,2120,0.25,"Agnew, Roy, Dance of the Wild Men, EOgmmiZ0iFE.mid",740
2120,2120,0.25,"Agnew, Roy, Dance of the Wild Men, EOgmmiZ0iFE.mid",741
2120,296960,0.25,"Agnew, Roy, Dance of the Wild Men, EOgmmiZ0iFE.mid",742
296960,2048,0.25,"Agnew, Roy, Dance of the Wild Men, EOgmmiZ0iFE.mid",743
2048,264192,1/6,"Agnew, Roy, Dance of the Wild Men, EOgmmiZ0iFE.mid",744
264192,264192,1/12,"Agnew, Roy, Dance of the Wild Men, EOgmmiZ0iFE.mid",745
264192,13,0.25,"Agnew, Roy, Dance of the Wild Men, EOgmmiZ0iFE.mid",746
13,10,0.25,"Agnew, Roy, Dance of the Wild Men, EOgmmiZ0iFE.mid",747
10,516,0.25,"Agnew, Roy, Dance of the Wild Men, EOgmmiZ0iFE.mid",748
516,6480,0.5,"Agnew, Roy, Dance of the Wild Men, EOgmmiZ0iFE.mid",749
6480,16,0.25,"Agnew, Roy, Dance of the Wild Men, EOgmmiZ0iFE.mid",750
16,2384,0.25,"Agnew, Roy, Dance of the Wild Men, EOgmmiZ0iFE.mid",751
2384,18768,0.25,"Agnew, Roy, Dance of the Wild Men, EOgmmiZ0iFE.mid",752
18768,17,0.25,"Agnew, Roy, Dance of the Wild Men, EOgmmiZ0iFE.mid",753
17,18,0.25,"Agnew, Roy, Dance of the Wild Men, EOgmmiZ0iFE.mid",754
18,516,0.25,"Agnew, Roy, Dance of the Wild Men, EOgmmiZ0iFE.mid",755
516,8,0.25,"Agnew, Roy, Dance of the Wild Men, EOgmmiZ0iFE.mid",756
8,45600,0.25,"Agnew, Roy, Dance of the Wild Men, EOgmmiZ0iFE.mid",757
45600,37408,1/6,"Agnew, Roy, Dance of the Wild Men, EOgmmiZ0iFE.mid",758
37408,37408,1/3,"Agnew, Roy, Dance of the Wild Men, EOgmmiZ0iFE.mid",759
37408,32,1/6,"Agnew, Roy, Dance of the Wild Men, EOgmmiZ0iFE.mid",760
32,45728,5/12,"Agnew, Roy, Dance of the Wild Men, EOgmmiZ0iFE.mid",761
45728,45728,1/3,"Agnew, Roy, Dance of the Wild Men, EOgmmiZ0iFE.mid",762
45728,32,0.25,"Agnew, Roy, Dance of the Wild Men, EOgmmiZ0iFE.mid",763
32,4136,1/12,"Agnew, Roy, Dance of the Wild Men, EOgmmiZ0iFE.mid",764
4136,4104,5/12,"Agnew, Roy, Dance of the Wild Men, EOgmmiZ0iFE.mid",765
4104,4232,0.25,"Agnew, Roy, Dance of the Wild Men, EOgmmiZ0iFE.mid",766
4232,4744,0.25,"Agnew, Roy, Dance of the Wild Men, EOgmmiZ0iFE.mid",767
4744,640,1/12,"Agnew, Roy, Dance of the Wild Men, EOgmmiZ0iFE.mid",768
640,20624,1/12,"Agnew, Roy, Dance of the Wild Men, EOgmmiZ0iFE.mid",769
20624,20496,1/3,"Agnew, Roy, Dance of the Wild Men, EOgmmiZ0iFE.mid",770
20496,20560,0.25,"Agnew, Roy, Dance of the Wild Men, EOgmmiZ0iFE.mid",771
20560,21072,0.25,"Agnew, Roy, Dance of the Wild Men, EOgmmiZ0iFE.mid",772
21072,29232,1/12,"Agnew, Roy, Dance of the Wild Men, EOgmmiZ0iFE.mid",773
29232,12832,0.25,"Agnew, Roy, Dance of the Wild Men, EOgmmiZ0iFE.mid",774
12832,12832,1/12,"Agnew, Roy, Dance of the Wild Men, EOgmmiZ0iFE.mid",775
12832,45088,1/12,"Agnew, Roy, Dance of the Wild Men, EOgmmiZ0iFE.mid",776
45088,45600,0.25,"Agnew, Roy, Dance of the Wild Men, EOgmmiZ0iFE.mid",777
45600,8,1/6,"Agnew, Roy, Dance of the Wild Men, EOgmmiZ0iFE.mid",778
8,4672,0.25,"Agnew, Roy, Dance of the Wild Men, EOgmmiZ0iFE.mid",779
4672,70208,0.25,"Agnew, Roy, Dance of the Wild Men, EOgmmiZ0iFE.mid",780
70208,70208,0.5,"Agnew, Roy, Dance of the Wild Men, EOgmmiZ0iFE.mid",781
70208,4232,0.5,"Agnew, Roy, Dance of the Wild Men, EOgmmiZ0iFE.mid",782
4232,20632,1/6,"Agnew, Roy, Dance of the Wild Men, EOgmmiZ0iFE.mid",783
20632,53392,1/6,"Agnew, Roy, Dance of the Wild Men, EOgmmiZ0iFE.mid",784
53392,53456,1/6,"Agnew, Roy, Dance of the Wild Men, EOgmmiZ0iFE.mid",785
53456,53968,0.25,"Agnew, Roy, Dance of the Wild Men, EOgmmiZ0iFE.mid",786
53968,37072,1/12,"Agnew, Roy, Dance of the Wild Men, EOgmmiZ0iFE.mid",787
37072,8224,0.25,"Agnew, Roy, Dance of the Wild Men, EOgmmiZ0iFE.mid",788
8224,41504,0.25,"Agnew, Roy, Dance of the Wild Men, EOgmmiZ0iFE.mid",789
41504,8224,0.25,"Agnew, Roy, Dance of the Wild Men, EOgmmiZ0iFE.mid",790
8224,4160,0.25,"Agnew, Roy, Dance of the Wild Men, EOgmmiZ0iFE.mid",791
4160,70208,0.5,"Agnew, Roy, Dance of the Wild Men, EOgmmiZ0iFE.mid",792
70208,4160,0.25,"Agnew, Roy, Dance of the Wild Men, EOgmmiZ0iFE.mid",793
4160,32896,0.25,"Agnew, Roy, Dance of the Wild Men, EOgmmiZ0iFE.mid",794
32896,32896,0.5,"Agnew, Roy, Dance of the Wild Men, EOgmmiZ0iFE.mid",795
32896,37504,0.5,"Agnew, Roy, Dance of the Wild Men, EOgmmiZ0iFE.mid",796
37504,180352,1/12,"Agnew, Roy, Dance of the Wild Men, EOgmmiZ0iFE.mid",797
180352,147584,5/12,"Agnew, Roy, Dance of the Wild Men, EOgmmiZ0iFE.mid",798
147584,148096,0.25,"Agnew, Roy, Dance of the Wild Men, EOgmmiZ0iFE.mid",799
148096,150144,0.25,"Agnew, Roy, Dance of the Wild Men, EOgmmiZ0iFE.mid",800
150144,147584,0.25,"Agnew, Roy, Dance of the Wild Men, EOgmmiZ0iFE.mid",801
147584,36992,1/12,"Agnew, Roy, Dance of the Wild Men, EOgmmiZ0iFE.mid",802
36992,36992,1/3,"Agnew, Roy, Dance of the Wild Men, EOgmmiZ0iFE.mid",803
36992,37504,1/12,"Agnew, Roy, Dance of the Wild Men, EOgmmiZ0iFE.mid",804
37504,37504,1/12,"Agnew, Roy, Dance of the Wild Men, EOgmmiZ0iFE.mid",805
37504,37504,1/6,"Agnew, Roy, Dance of the Wild Men, EOgmmiZ0iFE.mid",806
37504,53888,1/6,"Agnew, Roy, Dance of the Wild Men, EOgmmiZ0iFE.mid",807
53888,53376,1/12,"Agnew, Roy, Dance of the Wild Men, EOgmmiZ0iFE.mid",808
53376,16512,5/12,"Agnew, Roy, Dance of the Wild Men, EOgmmiZ0iFE.mid",809
16512,20608,7/12,"Agnew, Roy, Dance of the Wild Men, EOgmmiZ0iFE.mid",810
20608,5,1/12,"Agnew, Roy, Dance of the Wild Men, EOgmmiZ0iFE.mid",811
5,6276,1/6,"Agnew, Roy, Dance of the Wild Men, EOgmmiZ0iFE.mid",812
6276,6276,1/6,"Agnew, Roy, Dance of the Wild Men, EOgmmiZ0iFE.mid",813
6276,2212,1/3,"Agnew, Roy, Dance of the Wild Men, EOgmmiZ0iFE.mid",814
2212,2212,1/6,"Agnew, Roy, Dance of the Wild Men, EOgmmiZ0iFE.mid",815
2212,2212,1/6,"Agnew, Roy, Dance of the Wild Men, EOgmmiZ0iFE.mid",816
2212,2564,2/3,"Agnew, Roy, Dance of the Wild Men, EOgmmiZ0iFE.mid",817
2564,2692,2/3,"Agnew, Roy, Dance of the Wild Men, EOgmmiZ0iFE.mid",818
2692,128,1/12,"Agnew, Roy, Dance of the Wild Men, EOgmmiZ0iFE.mid",819
128,362496,0.25,"Agnew, Roy, Dance of the Wild Men, EOgmmiZ0iFE.mid",820
362496,370688,0.25,"Agnew, Roy, Dance of the Wild Men, EOgmmiZ0iFE.mid",821
370688,181248,1/3,"Agnew, Roy, Dance of the Wild Men, EOgmmiZ0iFE.mid",822
181248,4128,0.25,"Agnew, Roy, Dance of the Wild Men, EOgmmiZ0iFE.mid",823
4128,16896,0.25,"Agnew, Roy, Dance of the Wild Men, EOgmmiZ0iFE.mid",824
16896,2048,0.25,"Agnew, Roy, Dance of the Wild Men, EOgmmiZ0iFE.mid",825
2048,42240,0.25,"Agnew, Roy, Dance of the Wild Men, EOgmmiZ0iFE.mid",826
42240,16768,0.25,"Agnew, Roy, Dance of the Wild Men, EOgmmiZ0iFE.mid",827
16768,8464,0.25,"Agnew, Roy, Dance of the Wild Men, EOgmmiZ0iFE.mid",828
8464,258,1/12,"Agnew, Roy, Dance of the Wild Men, EOgmmiZ0iFE.mid",829
258,1057792,0.25,"Agnew, Roy, Dance of the Wild Men, EOgmmiZ0iFE.mid",830
1057792,258,1/6,"Agnew, Roy, Dance of the Wild Men, EOgmmiZ0iFE.mid",831
258,16416,0.25,"Agnew, Roy, Dance of the Wild Men, EOgmmiZ0iFE.mid",832
16416,17440,0.25,"Agnew, Roy, Dance of the Wild Men, EOgmmiZ0iFE.mid",833
17440,1024,1/12,"Agnew, Roy, Dance of the Wild Men, EOgmmiZ0iFE.mid",834
1024,17408,0.25,"Agnew, Roy, Dance of the Wild Men, EOgmmiZ0iFE.mid",835
17408,4,1/12,"Agnew, Roy, Dance of the Wild Men, EOgmmiZ0iFE.mid",836
4,149,1/6,"Agnew, Roy, Dance of the Wild Men, EOgmmiZ0iFE.mid",837
149,145,1/12,"Agnew, Roy, Dance of the Wild Men, EOgmmiZ0iFE.mid",838
145,130,0.25,"Agnew, Roy, Dance of the Wild Men, EOgmmiZ0iFE.mid",839
130,270848,0.25,"Agnew, Roy, Dance of the Wild Men, EOgmmiZ0iFE.mid",840
270848,72,0.25,"Agnew, Roy, Dance of the Wild Men, EOgmmiZ0iFE.mid",841
72,18,0.25,"Agnew, Roy, Dance of the Wild Men, EOgmmiZ0iFE.mid",842
18,16416,5/12,"Agnew, Roy, Dance of the Wild Men, EOgmmiZ0iFE.mid",843
16416,18464,0.25,"Agnew, Roy, Dance of the Wild Men, EOgmmiZ0iFE.mid",844
18464,2048,1/12,"Agnew, Roy, Dance of the Wild Men, EOgmmiZ0iFE.mid",845
2048,19456,1/6,"Agnew, Roy, Dance of the Wild Men, EOgmmiZ0iFE.mid",846
19456,17408,1/12,"Agnew, Roy, Dance of the Wild Men, EOgmmiZ0iFE.mid",847
17408,17,0.25,"Agnew, Roy, Dance of the Wild Men, EOgmmiZ0iFE.mid",848
17,262656,1/3,"Agnew, Roy, Dance of the Wild Men, EOgmmiZ0iFE.mid",849
262656,262912,1.0,"Agnew, Roy, Dance of the Wild Men, EOgmmiZ0iFE.mid",850
262912,128,5/12,"Agnew, Roy, Dance of the Wild Men, EOgmmiZ0iFE.mid",851
128,640,0.25,"Agnew, Roy, Dance of the Wild Men, EOgmmiZ0iFE.mid",852
640,2688,0.25,"Agnew, Roy, Dance of the Wild Men, EOgmmiZ0iFE.mid",853
2688,6784,0.25,"Agnew, Roy, Dance of the Wild Men, EOgmmiZ0iFE.mid",854
6784,88704,1/12,"Agnew, Roy, Dance of the Wild Men, EOgmmiZ0iFE.mid",855
88704,88704,1/6,"Agnew, Roy, Dance of the Wild Men, EOgmmiZ0iFE.mid",856
88704,88192,1/12,"Agnew, Roy, Dance of the Wild Men, EOgmmiZ0iFE.mid",857
88192,88064,1/6,"Agnew, Roy, Dance of the Wild Men, EOgmmiZ0iFE.mid",858
88064,790016,0.25,"Agnew, Roy, Dance of the Wild Men, EOgmmiZ0iFE.mid",859
790016,787968,1/12,"Agnew, Roy, Dance of the Wild Men, EOgmmiZ0iFE.mid",860
787968,2608,5/12,"Agnew, Roy, Dance of the Wild Men, EOgmmiZ0iFE.mid",861
2608,10940,0.25,"Agnew, Roy, Dance of the Wild Men, EOgmmiZ0iFE.mid",862
10940,350208,0.25,"Agnew, Roy, Dance of the Wild Men, EOgmmiZ0iFE.mid",863
350208,351744,0.25,"Agnew, Roy, Dance of the Wild Men, EOgmmiZ0iFE.mid",864
351744,350208,1/6,"Agnew, Roy, Dance of the Wild Men, EOgmmiZ0iFE.mid",865
350208,688,0.25,"Agnew, Roy, Dance of the Wild Men, EOgmmiZ0iFE.mid",866
688,656,1/12,"Agnew, Roy, Dance of the Wild Men, EOgmmiZ0iFE.mid",867
656,6812,1/6,"Agnew, Roy, Dance of the Wild Men, EOgmmiZ0iFE.mid",868
6812,6156,1/12,"Agnew, Roy, Dance of the Wild Men, EOgmmiZ0iFE.mid",869
6156,88064,0.5,"Agnew, Roy, Dance of the Wild Men, EOgmmiZ0iFE.mid",870
88064,876032,1/6,"Agnew, Roy, Dance of the Wild Men, EOgmmiZ0iFE.mid",871
876032,787968,1/6,"Agnew, Roy, Dance of the Wild Men, EOgmmiZ0iFE.mid",872
787968,2720,0.25,"Agnew, Roy, Dance of the Wild Men, EOgmmiZ0iFE.mid",873
2720,10908,1/3,"Agnew, Roy, Dance of the Wild Men, EOgmmiZ0iFE.mid",874
10908,512,1/3,"Agnew, Roy, Dance of the Wild Men, EOgmmiZ0iFE.mid",875
512,4692,1/3,"Agnew, Roy, Dance of the Wild Men, EOgmmiZ0iFE.mid",876
4692,2447360,0.25,"Agnew, Roy, Dance of the Wild Men, EOgmmiZ0iFE.mid",877
2447360,351744,5/12,"Agnew, Roy, Dance of the Wild Men, EOgmmiZ0iFE.mid",878
351744,351744,1/12,"Agnew, Roy, Dance of the Wild Men, EOgmmiZ0iFE.mid",879
351744,351744,0.25,"Agnew, Roy, Dance of the Wild Men, EOgmmiZ0iFE.mid",880
351744,873472,1/6,"Agnew, Roy, Dance of the Wild Men, EOgmmiZ0iFE.mid",881
873472,545792,1/6,"Agnew, Roy, Dance of the Wild Men, EOgmmiZ0iFE.mid",882
545792,546304,1/6,"Agnew, Roy, Dance of the Wild Men, EOgmmiZ0iFE.mid",883
546304,20992,1/6,"Agnew, Roy, Dance of the Wild Men, EOgmmiZ0iFE.mid",884
20992,85,1/3,"Agnew, Roy, Dance of the Wild Men, EOgmmiZ0iFE.mid",885
85,350208,0.25,"Agnew, Roy, Dance of the Wild Men, EOgmmiZ0iFE.mid",886
350208,351232,0.25,"Agnew, Roy, Dance of the Wild Men, EOgmmiZ0iFE.mid",887
351232,351744,1/12,"Agnew, Roy, Dance of the Wild Men, EOgmmiZ0iFE.mid",888
351744,350720,1/12,"Agnew, Roy, Dance of the Wild Men, EOgmmiZ0iFE.mid",889
350720,348672,1/3,"Agnew, Roy, Dance of the Wild Men, EOgmmiZ0iFE.mid",890
348672,18432,0.25,"Agnew, Roy, Dance of the Wild Men, EOgmmiZ0iFE.mid",891
18432,543744,1/12,"Agnew, Roy, Dance of the Wild Men, EOgmmiZ0iFE.mid",892
543744,541696,1/6,"Agnew, Roy, Dance of the Wild Men, EOgmmiZ0iFE.mid",893
541696,542208,1/12,"Agnew, Roy, Dance of the Wild Men, EOgmmiZ0iFE.mid",894
542208,541184,1/6,"Agnew, Roy, Dance of the Wild Men, EOgmmiZ0iFE.mid",895
541184,872960,1/12,"Agnew, Roy, Dance of the Wild Men, EOgmmiZ0iFE.mid",896
872960,213,1/12,"Agnew, Roy, Dance of the Wild Men, EOgmmiZ0iFE.mid",897
213,85,1/12,"Agnew, Roy, Dance of the Wild Men, EOgmmiZ0iFE.mid",898
85,4,7/6,"Agnew, Roy, Dance of the Wild Men, EOgmmiZ0iFE.mid",899
4,4176,0.25,"Agnew, Roy, Dance of the Wild Men, EOgmmiZ0iFE.mid",900
4176,333824,0.25,"Agnew, Roy, Dance of the Wild Men, EOgmmiZ0iFE.mid",901
333824,334848,1/12,"Agnew, Roy, Dance of the Wild Men, EOgmmiZ0iFE.mid",902
334848,332800,1/6,"Agnew, Roy, Dance of the Wild Men, EOgmmiZ0iFE.mid",903
332800,333312,0.25,"Agnew, Roy, Dance of the Wild Men, EOgmmiZ0iFE.mid",904
333312,333312,1/12,"Agnew, Roy, Dance of the Wild Men, EOgmmiZ0iFE.mid",905
333312,267264,1/12,"Agnew, Roy, Dance of the Wild Men, EOgmmiZ0iFE.mid",906
267264,65,1/6,"Agnew, Roy, Dance of the Wild Men, EOgmmiZ0iFE.mid",907
65,268288,1/6,"Agnew, Roy, Dance of the Wild Men, EOgmmiZ0iFE.mid",908
268288,2048,1/6,"Agnew, Roy, Dance of the Wild Men, EOgmmiZ0iFE.mid",909
2048,1024,1/3,"Agnew, Roy, Dance of the Wild Men, EOgmmiZ0iFE.mid",910
1024,512,0.25,"Agnew, Roy, Dance of the Wild Men, EOgmmiZ0iFE.mid",911
512,4608,1/12,"Agnew, Roy, Dance of the Wild Men, EOgmmiZ0iFE.mid",912
4608,1,1/6,"Agnew, Roy, Dance of the Wild Men, EOgmmiZ0iFE.mid",913
1,6144,1/12,"Agnew, Roy, Dance of the Wild Men, EOgmmiZ0iFE.mid",914
6144,2048,1/6,"Agnew, Roy, Dance of the Wild Men, EOgmmiZ0iFE.mid",915
2048,3072,0.5,"Agnew, Roy, Dance of the Wild Men, EOgmmiZ0iFE.mid",916
3072,3584,0.25,"Agnew, Roy, Dance of the Wild Men, EOgmmiZ0iFE.mid",917
3584,1536,1/6,"Agnew, Roy, Dance of the Wild Men, EOgmmiZ0iFE.mid",918
1536,1792,1/12,"Agnew, Roy, Dance of the Wild Men, EOgmmiZ0iFE.mid",919
1792,768,1/6,"Agnew, Roy, Dance of the Wild Men, EOgmmiZ0iFE.mid",920
768,256,1/12,"Agnew, Roy, Dance of the Wild Men, EOgmmiZ0iFE.mid",921
256,256,0.25,"Agnew, Roy, Dance of the Wild Men, EOgmmiZ0iFE.mid",922
256,288,5/12,"Agnew, Roy, Dance of the Wild Men, EOgmmiZ0iFE.mid",923
288,304,1/3,"Agnew, Roy, Dance of the Wild Men, EOgmmiZ0iFE.mid",924
304,306,2/3,"Agnew, Roy, Dance of the Wild Men, EOgmmiZ0iFE.mid",925
306,434,1/12,"Agnew, Roy, Dance of the Wild Men, EOgmmiZ0iFE.mid",926
434,435,7/12,"Agnew, Roy, Dance of the Wild Men, EOgmmiZ0iFE.mid",927
435,163,1/6,"Agnew, Roy, Dance of the Wild Men, EOgmmiZ0iFE.mid",928
163,131,1/6,"Agnew, Roy, Dance of the Wild Men, EOgmmiZ0iFE.mid",929
131,135,2/3,"Agnew, Roy, Dance of the Wild Men, EOgmmiZ0iFE.mid",930
135,135,1/3,"Agnew, Roy, Dance of the Wild Men, EOgmmiZ0iFE.mid",931
135,131,1/12,"Agnew, Roy, Dance of the Wild Men, EOgmmiZ0iFE.mid",932
131,135,0.25,"Agnew, Roy, Dance of the Wild Men, EOgmmiZ0iFE.mid",933
135,135,0.25,"Agnew, Roy, Dance of the Wild Men, EOgmmiZ0iFE.mid",934
135,143,0.25,"Agnew, Roy, Dance of the Wild Men, EOgmmiZ0iFE.mid",935
143,399,0.5,"Agnew, Roy, Dance of the Wild Men, EOgmmiZ0iFE.mid",936
399,397,0.25,"Agnew, Roy, Dance of the Wild Men, EOgmmiZ0iFE.mid",937
397,141,0.25,"Agnew, Roy, Dance of the Wild Men, EOgmmiZ0iFE.mid",938
141,129,1/12,"Agnew, Roy, Dance of the Wild Men, EOgmmiZ0iFE.mid",939
129,129,1/6,"Agnew, Roy, Dance of the Wild Men, EOgmmiZ0iFE.mid",940
129,133,0.5,"Agnew, Roy, Dance of the Wild Men, EOgmmiZ0iFE.mid",941
133,133,0.25,"Agnew, Roy, Dance of the Wild Men, EOgmmiZ0iFE.mid",942
133,133,0.5,"Agnew, Roy, Dance of the Wild Men, EOgmmiZ0iFE.mid",943
133,141,1/3,"Agnew, Roy, Dance of the Wild Men, EOgmmiZ0iFE.mid",944
141,1165,5/12,"Agnew, Roy, Dance of the Wild Men, EOgmmiZ0iFE.mid",945
1165,1037,0.25,"Agnew, Roy, Dance of the Wild Men, EOgmmiZ0iFE.mid",946
1037,1,5.75,"Agnew, Roy, Dance of the Wild Men, EOgmmiZ0iFE.mid",947
1,54400,1/12,"Agnew, Roy, Dance of the Wild Men, EOgmmiZ0iFE.mid",948
54400,53376,1/12,"Agnew, Roy, Dance of the Wild Men, EOgmmiZ0iFE.mid",949
53376,36992,1/12,"Agnew, Roy, Dance of the Wild Men, EOgmmiZ0iFE.mid",950
36992,128,0.25,"Agnew, Roy, Dance of the Wild Men, EOgmmiZ0iFE.mid",951
128,16512,0.5,"Agnew, Roy, Dance of the Wild Men, EOgmmiZ0iFE.mid",952
16512,20608,0.25,"Agnew, Roy, Dance of the Wild Men, EOgmmiZ0iFE.mid",953
20608,4224,0.25,"Agnew, Roy, Dance of the Wild Men, EOgmmiZ0iFE.mid",954
4224,20608,0.25,"Agnew, Roy, Dance of the Wild Men, EOgmmiZ0iFE.mid",955
20608,53376,0.25,"Agnew, Roy, Dance of the Wild Men, EOgmmiZ0iFE.mid",956
53376,49280,0.25,"Agnew, Roy, Dance of the Wild Men, EOgmmiZ0iFE.mid",957
49280,53376,5/12,"Agnew, Roy, Dance of the Wild Men, EOgmmiZ0iFE.mid",958
53376,53376,1/12,"Agnew, Roy, Dance of the Wild Men, EOgmmiZ0iFE.mid",959
53376,53376,0.25,"Agnew, Roy, Dance of the Wild Men, EOgmmiZ0iFE.mid",960
53376,53376,1/3,"Agnew, Roy, Dance of the Wild Men, EOgmmiZ0iFE.mid",961
53376,53376,1/6,"Agnew, Roy, Dance of the Wild Men, EOgmmiZ0iFE.mid",962
53376,53376,0.25,"Agnew, Roy, Dance of the Wild Men, EOgmmiZ0iFE.mid",963
53376,53632,0.25,"Agnew, Roy, Dance of the Wild Men, EOgmmiZ0iFE.mid",964
53632,53632,0.25,"Agnew, Roy, Dance of the Wild Men, EOgmmiZ0iFE.mid",965
53632,54656,1/3,"Agnew, Roy, Dance of the Wild Men, EOgmmiZ0iFE.mid",966
54656,50560,1/12,"Agnew, Roy, Dance of the Wild Men, EOgmmiZ0iFE.mid",967
50560,54656,7/12,"Agnew, Roy, Dance of the Wild Men, EOgmmiZ0iFE.mid",968
54656,54912,1/12,"Agnew, Roy, Dance of the Wild Men, EOgmmiZ0iFE.mid",969
54912,54912,1/12,"Agnew, Roy, Dance of the Wild Men, EOgmmiZ0iFE.mid",970
54912,50816,1/12,"Agnew, Roy, Dance of the Wild Men, EOgmmiZ0iFE.mid",971
50816,17024,1/6,"Agnew, Roy, Dance of the Wild Men, EOgmmiZ0iFE.mid",972
17024,17024,1/12,"Agnew, Roy, Dance of the Wild Men, EOgmmiZ0iFE.mid",973
17024,17024,0.5,"Agnew, Roy, Dance of the Wild Men, EOgmmiZ0iFE.mid",974
17024,148096,1/6,"Agnew, Roy, Dance of the Wild Men, EOgmmiZ0iFE.mid",975
148096,147584,1/12,"Agnew, Roy, Dance of the Wild Men, EOgmmiZ0iFE.mid",976
147584,148096,0.25,"Agnew, Roy, Dance of the Wild Men, EOgmmiZ0iFE.mid",977
148096,150144,0.5,"Agnew, Roy, Dance of the Wild Men, EOgmmiZ0iFE.mid",978
150144,150144,5/12,"Agnew, Roy, Dance of the Wild Men, EOgmmiZ0iFE.mid",979
150144,150144,1/12,"Agnew, Roy, Dance of the Wild Men, EOgmmiZ0iFE.mid",980
150144,148096,0.25,"Agnew, Roy, Dance of the Wild Men, EOgmmiZ0iFE.mid",981
148096,128,2.0,"Agnew, Roy, Dance of the Wild Men, EOgmmiZ0iFE.mid",982
128,548,1/6,"Agnew, Roy, Dance of the Wild Men, EOgmmiZ0iFE.mid",983
548,548,1/3,"Agnew, Roy, Dance of the Wild Men, EOgmmiZ0iFE.mid",984
548,548,1/6,"Agnew, Roy, Dance of the Wild Men, EOgmmiZ0iFE.mid",985
548,36,1/12,"Agnew, Roy, Dance of the Wild Men, EOgmmiZ0iFE.mid",986
36,548,0.5,"Agnew, Roy, Dance of the Wild Men, EOgmmiZ0iFE.mid",987
548,2596,0.25,"Agnew, Roy, Dance of the Wild Men, EOgmmiZ0iFE.mid",988
2596,2596,0.5,"Agnew, Roy, Dance of the Wild Men, EOgmmiZ0iFE.mid",989
2596,150144,1/3,"Agnew, Roy, Dance of the Wild Men, EOgmmiZ0iFE.mid",990
150144,150144,1/12,"Agnew, Roy, Dance of the Wild Men, EOgmmiZ0iFE.mid",991
150144,150144,1/3,"Agnew, Roy, Dance of the Wild Men, EOgmmiZ0iFE.mid",992
150144,150144,0.25,"Agnew, Roy, Dance of the Wild Men, EOgmmiZ0iFE.mid",993
150144,150144,0.5,"Agnew, Roy, Dance of the Wild Men, EOgmmiZ0iFE.mid",994
150144,150144,0.25,"Agnew, Roy, Dance of the Wild Men, EOgmmiZ0iFE.mid",995
150144,150144,0.25,"Agnew, Roy, Dance of the Wild Men, EOgmmiZ0iFE.mid",996
150144,149632,0.25,"Agnew, Roy, Dance of the Wild Men, EOgmmiZ0iFE.mid",997
149632,150144,0.25,"Agnew, Roy, Dance of the Wild Men, EOgmmiZ0iFE.mid",998
150144,150144,0.25,"Agnew, Roy, Dance of the Wild Men, EOgmmiZ0iFE.mid",999
150144,150144,0.25,"Agnew, Roy, Dance of the Wild Men, EOgmmiZ0iFE.mid",1000
150144,150144,0.25,"Agnew, Roy, Dance of the Wild Men, EOgmmiZ0iFE.mid",1001
150144,150144,0.25,"Agnew, Roy, Dance of the Wild Men, EOgmmiZ0iFE.mid",1002
150144,150144,0.25,"Agnew, Roy, Dance of the Wild Men, EOgmmiZ0iFE.mid",1003
150144,150144,7/12,"Agnew, Roy, Dance of the Wild Men, EOgmmiZ0iFE.mid",1004
150144,154240,1/12,"Agnew, Roy, Dance of the Wild Men, EOgmmiZ0iFE.mid",1005
154240,154240,1/12,"Agnew, Roy, Dance of the Wild Men, EOgmmiZ0iFE.mid",1006
154240,154240,0.25,"Agnew, Roy, Dance of the Wild Men, EOgmmiZ0iFE.mid",1007
154240,154240,0.25,"Agnew, Roy, Dance of the Wild Men, EOgmmiZ0iFE.mid",1008
154240,154240,0.25,"Agnew, Roy, Dance of the Wild Men, EOgmmiZ0iFE.mid",1009
154240,154240,1/6,"Agnew, Roy, Dance of the Wild Men, EOgmmiZ0iFE.mid",1010
154240,154240,1/12,"Agnew, Roy, Dance of the Wild Men, EOgmmiZ0iFE.mid",1011
154240,154240,0.25,"Agnew, Roy, Dance of the Wild Men, EOgmmiZ0iFE.mid",1012
154240,154240,0.25,"Agnew, Roy, Dance of the Wild Men, EOgmmiZ0iFE.mid",1013
154240,128,14/3,"Agnew, Roy, Dance of the Wild Men, EOgmmiZ0iFE.mid",1014
128,154112,0.25,"Agnew, Roy, Dance of the Wild Men, EOgmmiZ0iFE.mid",1015
154112,154112,0.25,"Agnew, Roy, Dance of the Wild Men, EOgmmiZ0iFE.mid",1016
154112,137728,1/6,"Agnew, Roy, Dance of the Wild Men, EOgmmiZ0iFE.mid",1017
137728,23072,1/6,"Agnew, Roy, Dance of the Wild Men, EOgmmiZ0iFE.mid",1018
23072,21024,1/6,"Agnew, Roy, Dance of the Wild Men, EOgmmiZ0iFE.mid",1019
21024,21024,0.25,"Agnew, Roy, Dance of the Wild Men, EOgmmiZ0iFE.mid",1020
21024,21024,1/6,"Agnew, Roy, Dance of the Wild Men, EOgmmiZ0iFE.mid",1021
21024,21024,1/12,"Agnew, Roy, Dance of the Wild Men, EOgmmiZ0iFE.mid",1022
21024,21024,0.5,"Agnew, Roy, Dance of the Wild Men, EOgmmiZ0iFE.mid",1023
21024,22048,1/3,"Agnew, Roy, Dance of the Wild Men, EOgmmiZ0iFE.mid",1024
22048,22048,1/6,"Agnew, Roy, Dance of the Wild Men, EOgmmiZ0iFE.mid",1025
22048,22048,0.25,"Agnew, Roy, Dance of the Wild Men, EOgmmiZ0iFE.mid",1026
22048,22048,1/6,"Agnew, Roy, Dance of the Wild Men, EOgmmiZ0iFE.mid",1027
22048,22048,1/12,"Agnew, Roy, Dance of the Wild Men, EOgmmiZ0iFE.mid",1028
22048,21536,0.25,"Agnew, Roy, Dance of the Wild Men, EOgmmiZ0iFE.mid",1029
21536,21536,5/12,"Agnew, Roy, Dance of the Wild Men, EOgmmiZ0iFE.mid",1030
21536,1061,0.25,"Agnew, Roy, Dance of the Wild Men, EOgmmiZ0iFE.mid",1031
1061,1029,1/12,"Agnew, Roy, Dance of the Wild Men, EOgmmiZ0iFE.mid",1032
1029,1,5/6,"Agnew, Roy, Dance of the Wild Men, EOgmmiZ0iFE.mid",1033
1,1060,0.25,"Agnew, Roy, Dance of the Wild Men, EOgmmiZ0iFE.mid",1034
1060,1188,1/6,"Agnew, Roy, Dance of the Wild Men, EOgmmiZ0iFE.mid",1035
1188,1188,1/12,"Agnew, Roy, Dance of the Wild Men, EOgmmiZ0iFE.mid",1036
1188,1188,1/6,"Agnew, Roy, Dance of the Wild Men, EOgmmiZ0iFE.mid",1037
1188,1188,1/3,"Agnew, Roy, Dance of the Wild Men, EOgmmiZ0iFE.mid",1038
1188,1205,0.25,"Agnew, Roy, Dance of the Wild Men, EOgmmiZ0iFE.mid",1039
1205,1205,0.25,"Agnew, Roy, Dance of the Wild Men, EOgmmiZ0iFE.mid",1040
1205,1205,0.25,"Agnew, Roy, Dance of the Wild Men, EOgmmiZ0iFE.mid",1041
1205,1205,0.25,"Agnew, Roy, Dance of the Wild Men, EOgmmiZ0iFE.mid",1042
1205,1205,1/6,"Agnew, Roy, Dance of the Wild Men, EOgmmiZ0iFE.mid",1043
1205,1205,1/6,"Agnew, Roy, Dance of the Wild Men, EOgmmiZ0iFE.mid",1044
1205,1205,1/6,"Agnew, Roy, Dance of the Wild Men, EOgmmiZ0iFE.mid",1045
1205,1205,0.25,"Agnew, Roy, Dance of the Wild Men, EOgmmiZ0iFE.mid",1046
1205,1205,0.75,"Agnew, Roy, Dance of the Wild Men, EOgmmiZ0iFE.mid",1047
1205,1205,0.25,"Agnew, Roy, Dance of the Wild Men, EOgmmiZ0iFE.mid",1048
1205,181,1/12,"Agnew, Roy, Dance of the Wild Men, EOgmmiZ0iFE.mid",1049
181,149,1/6,"Agnew, Roy, Dance of the Wild Men, EOgmmiZ0iFE.mid",1050
149,4,11/12,"Agnew, Roy, Dance of the Wild Men, EOgmmiZ0iFE.mid",1051
4,145,1/3,"Agnew, Roy, Dance of the Wild Men, EOgmmiZ0iFE.mid",1052
145,145,1/3,"Agnew, Roy, Dance of the Wild Men, EOgmmiZ0iFE.mid",1053
145,145,1/3,"Agnew, Roy, Dance of the Wild Men, EOgmmiZ0iFE.mid",1054
145,657,1/3,"Agnew, Roy, Dance of the Wild Men, EOgmmiZ0iFE.mid",1055
657,657,5/12,"Agnew, Roy, Dance of the Wild Men, EOgmmiZ0iFE.mid",1056
657,657,1/12,"Agnew, Roy, Dance of the Wild Men, EOgmmiZ0iFE.mid",1057
657,657,5/12,"Agnew, Roy, Dance of the Wild Men, EOgmmiZ0iFE.mid",1058
657,661,0.25,"Agnew, Roy, Dance of the Wild Men, EOgmmiZ0iFE.mid",1059
661,1685,0.25,"Agnew, Roy, Dance of the Wild Men, EOgmmiZ0iFE.mid",1060
1685,1685,1/6,"Agnew, Roy, Dance of the Wild Men, EOgmmiZ0iFE.mid",1061
1685,1685,1/6,"Agnew, Roy, Dance of the Wild Men, EOgmmiZ0iFE.mid",1062
1685,1669,1/6,"Agnew, Roy, Dance of the Wild Men, EOgmmiZ0iFE.mid",1063
1669,1685,0.25,"Agnew, Roy, Dance of the Wild Men, EOgmmiZ0iFE.mid",1064
1685,1685,0.5,"Agnew, Roy, Dance of the Wild Men, EOgmmiZ0iFE.mid",1065
1685,1,4.25,"Agnew, Roy, Dance of the Wild Men, EOgmmiZ0iFE.mid",1066
1,87680,5/12,"Agnew, Roy, Dance of the Wild Men, EOgmmiZ0iFE.mid",1067
87680,71296,1/12,"Agnew, Roy, Dance of the Wild Men, EOgmmiZ0iFE.mid",1068
71296,87680,0.25,"Agnew, Roy, Dance of the Wild Men, EOgmmiZ0iFE.mid",1069
87680,87680,0.25,"Agnew, Roy, Dance of the Wild Men, EOgmmiZ0iFE.mid",1070
87680,87680,1/6,"Agnew, Roy, Dance of the Wild Men, EOgmmiZ0iFE.mid",1071
87680,87680,1/6,"Agnew, Roy, Dance of the Wild Men, EOgmmiZ0iFE.mid",1072
87680,87680,1/6,"Agnew, Roy, Dance of the Wild Men, EOgmmiZ0iFE.mid",1073
87680,87680,1/6,"Agnew, Roy, Dance of the Wild Men, EOgmmiZ0iFE.mid",1074
87680,87680,1/12,"Agnew, Roy, Dance of the Wild Men, EOgmmiZ0iFE.mid",1075
87680,87680,0.25,"Agnew, Roy, Dance of the Wild Men, EOgmmiZ0iFE.mid",1076
87680,87680,1/3,"Agnew, Roy, Dance of the Wild Men, EOgmmiZ0iFE.mid",1077
87680,87680,2/3,"Agnew, Roy, Dance of the Wild Men, EOgmmiZ0iFE.mid",1078
87680,71296,0.25,"Agnew, Roy, Dance of the Wild Men, EOgmmiZ0iFE.mid",1079
71296,87680,0.75,"Agnew, Roy, Dance of the Wild Men, EOgmmiZ0iFE.mid",1080
87680,513,1/6,"Agnew, Roy, Dance of the Wild Men, EOgmmiZ0iFE.mid",1081
513,512,5/6,"Agnew, Roy, Dance of the Wild Men, EOgmmiZ0iFE.mid",1082
512,83072,0.25,"Agnew, Roy, Dance of the Wild Men, EOgmmiZ0iFE.mid",1083
83072,87168,5/12,"Agnew, Roy, Dance of the Wild Men, EOgmmiZ0iFE.mid",1084
87168,87168,1/6,"Agnew, Roy, Dance of the Wild Men, EOgmmiZ0iFE.mid",1085
87168,21632,1/6,"Agnew, Roy, Dance of the Wild Men, EOgmmiZ0iFE.mid",1086
21632,87168,1/6,"Agnew, Roy, Dance of the Wild Men, EOgmmiZ0iFE.mid",1087
87168,87168,1/12,"Agnew, Roy, Dance of the Wild Men, EOgmmiZ0iFE.mid",1088
87168,87168,1/12,"Agnew, Roy, Dance of the Wild Men, EOgmmiZ0iFE.mid",1089
87168,87168,1/6,"Agnew, Roy, Dance of the Wild Men, EOgmmiZ0iFE.mid",1090
87168,120448,0.25,"Agnew, Roy, Dance of the Wild Men, EOgmmiZ0iFE.mid",1091
120448,87680,1/6,"Agnew, Roy, Dance of the Wild Men, EOgmmiZ0iFE.mid",1092
87680,87680,1/12,"Agnew, Roy, Dance of the Wild Men, EOgmmiZ0iFE.mid",1093
87680,87680,0.25,"Agnew, Roy, Dance of the Wild Men, EOgmmiZ0iFE.mid",1094
87680,87680,1/12,"Agnew, Roy, Dance of the Wild Men, EOgmmiZ0iFE.mid",1095
87680,87680,1/3,"Agnew, Roy, Dance of the Wild Men, EOgmmiZ0iFE.mid",1096
87680,87680,1/12,"Agnew, Roy, Dance of the Wild Men, EOgmmiZ0iFE.mid",1097
87680,87680,1/6,"Agnew, Roy, Dance of the Wild Men, EOgmmiZ0iFE.mid",1098
87680,87680,1/12,"Agnew, Roy, Dance of the Wild Men, EOgmmiZ0iFE.mid",1099
87680,87680,1/6,"Agnew, Roy, Dance of the Wild Men, EOgmmiZ0iFE.mid",1100
87680,71296,1/12,"Agnew, Roy, Dance of the Wild Men, EOgmmiZ0iFE.mid",1101
71296,87680,0.25,"Agnew, Roy, Dance of the Wild Men, EOgmmiZ0iFE.mid",1102
87680,87680,1/6,"Agnew, Roy, Dance of the Wild Men, EOgmmiZ0iFE.mid",1103
87680,87680,1/12,"Agnew, Roy, Dance of the Wild Men, EOgmmiZ0iFE.mid",1104
87680,87680,0.25,"Agnew, Roy, Dance of the Wild Men, EOgmmiZ0iFE.mid",1105
87680,128,4.0,"Agnew, Roy, Dance of the Wild Men, EOgmmiZ0iFE.mid",1106
128,2708480,0.5,"Agnew, Roy, Dance of the Wild Men, EOgmmiZ0iFE.mid",1107
2708480,2708480,1/6,"Agnew, Roy, Dance of the Wild Men, EOgmmiZ0iFE.mid",1108
2708480,2708480,1/12,"Agnew, Roy, Dance of the Wild Men, EOgmmiZ0iFE.mid",1109
2708480,2708480,0.25,"Agnew, Roy, Dance of the Wild Men, EOgmmiZ0iFE.mid",1110
2708480,2708480,0.25,"Agnew, Roy, Dance of the Wild Men, EOgmmiZ0iFE.mid",1111
2708480,2708480,1/6,"Agnew, Roy, Dance of the Wild Men, EOgmmiZ0iFE.mid",1112
2708480,2708480,1/12,"Agnew, Roy, Dance of the Wild Men, EOgmmiZ0iFE.mid",1113
2708480,2708480,0.25,"Agnew, Roy, Dance of the Wild Men, EOgmmiZ0iFE.mid",1114
2708480,2708480,1/12,"Agnew, Roy, Dance of the Wild Men, EOgmmiZ0iFE.mid",1115
2708480,611328,1/6,"Agnew, Roy, Dance of the Wild Men, EOgmmiZ0iFE.mid",1116
611328,611328,0.25,"Agnew, Roy, Dance of the Wild Men, EOgmmiZ0iFE.mid",1117
611328,611328,0.25,"Agnew, Roy, Dance of the Wild Men, EOgmmiZ0iFE.mid",1118
611328,611328,0.75,"Agnew, Roy, Dance of the Wild Men, EOgmmiZ0iFE.mid",1119
611328,5774,0.25,"Agnew, Roy, Dance of the Wild Men, EOgmmiZ0iFE.mid",1120
5774,579072,0.25,"Agnew, Roy, Dance of the Wild Men, EOgmmiZ0iFE.mid",1121
579072,54784,1/6,"Agnew, Roy, Dance of the Wild Men, EOgmmiZ0iFE.mid",1122
54784,54272,1/12,"Agnew, Roy, Dance of the Wild Men, EOgmmiZ0iFE.mid",1123
54272,258,1/3,"Agnew, Roy, Dance of the Wild Men, EOgmmiZ0iFE.mid",1124
258,256,2/3,"Agnew, Roy, Dance of the Wild Men, EOgmmiZ0iFE.mid",1125
0,2048,1.0,"Agnew, Roy, Prelude No.1, gHtoiDC0hpk.mid",0
2048,1,0.75,"Agnew, Roy, Prelude No.1, gHtoiDC0hpk.mid",1
1,2048,0.75,"Agnew, Roy, Prelude No.1, gHtoiDC0hpk.mid",2
2048,32,0.75,"Agnew, Roy, Prelude No.1, gHtoiDC0hpk.mid",3
32,16,1.75,"Agnew, Roy, Prelude No.1, gHtoiDC0hpk.mid",4
16,4,2/3,"Agnew, Roy, Prelude No.1, gHtoiDC0hpk.mid",5
4,16,2/3,"Agnew, Roy, Prelude No.1, gHtoiDC0hpk.mid",6
16,16,1/12,"Agnew, Roy, Prelude No.1, gHtoiDC0hpk.mid",7
16,4,0.75,"Agnew, Roy, Prelude No.1, gHtoiDC0hpk.mid",8
4,4100,0.25,"Agnew, Roy, Prelude No.1, gHtoiDC0hpk.mid",9
4100,1,0.75,"Agnew, Roy, Prelude No.1, gHtoiDC0hpk.mid",10
1,2048,1.0,"Agnew, Roy, Prelude No.1, gHtoiDC0hpk.mid",11
2048,2064,1.0,"Agnew, Roy, Prelude No.1, gHtoiDC0hpk.mid",12
2064,18448,1.25,"Agnew, Roy, Prelude No.1, gHtoiDC0hpk.mid",13
18448,2048,1/12,"Agnew, Roy, Prelude No.1, gHtoiDC0hpk.mid",14
2048,292,1.5,"Agnew, Roy, Prelude No.1, gHtoiDC0hpk.mid",15
292,292,0.75,"Agnew, Roy, Prelude No.1, gHtoiDC0hpk.mid",16
292,2340,1/12,"Agnew, Roy, Prelude No.1, gHtoiDC0hpk.mid",17
2340,2340,1/6,"Agnew, Roy, Prelude No.1, gHtoiDC0hpk.mid",18
2340,2340,0.5,"Agnew, Roy, Prelude No.1, gHtoiDC0hpk.mid",19
2340,6436,0.75,"Agnew, Roy, Prelude No.1, gHtoiDC0hpk.mid",20
6436,6436,0.75,"Agnew, Roy, Prelude No.1, gHtoiDC0hpk.mid",21
6436,6436,0.75,"Agnew, Roy, Prelude No.1, gHtoiDC0hpk.mid",22
6436,33,1/12,"Agnew, Roy, Prelude No.1, gHtoiDC0hpk.mid",23
33,32,1/6,"Agnew, Roy, Prelude No.1, gHtoiDC0hpk.mid",24
32,1,1.0,"Agnew, Roy, Prelude No.1, gHtoiDC0hpk.mid",25
1,1,0.5,"Agnew, Roy, Prelude No.1, gHtoiDC0hpk.mid",26
1,256,2/3,"Agnew, Roy, Prelude No.1, gHtoiDC0hpk.mid",27
256,2048,0.75,"Agnew, Roy, Prelude No.1, gHtoiDC0hpk.mid",28
2048,1,2/3,"Agnew, Roy, Prelude No.1, gHtoiDC0hpk.mid",29
1,20,0.5,"Agnew, Roy, Prelude No.1, gHtoiDC0hpk.mid",30
20,20,0.25,"Agnew, Roy, Prelude No.1, gHtoiDC0hpk.mid",31
20,52,0.25,"Agnew, Roy, Prelude No.1, gHtoiDC0hpk.mid",32
52,36,0.5,"Agnew, Roy, Prelude No.1, gHtoiDC0hpk.mid",33
36,20,0.75,"Agnew, Roy, Prelude No.1, gHtoiDC0hpk.mid",34
20,20496,0.25,"Agnew, Roy, Prelude No.1, gHtoiDC0hpk.mid",35
20496,4100,0.5,"Agnew, Roy, Prelude No.1, gHtoiDC0hpk.mid",36
4100,4,1/6,"Agnew, Roy, Prelude No.1, gHtoiDC0hpk.mid",37
4,2052,4/3,"Agnew, Roy, Prelude No.1, gHtoiDC0hpk.mid",38
2052,4,1/6,"Agnew, Roy, Prelude No.1, gHtoiDC0hpk.mid",39
4,2560,1/6,"Agnew, Roy, Prelude No.1, gHtoiDC0hpk.mid",40
2560,512,7/12,"Agnew, Roy, Prelude No.1, gHtoiDC0hpk.mid",41
512,2048,0.75,"Agnew, Roy, Prelude No.1, gHtoiDC0hpk.mid",42
2048,512,0.75,"Agnew, Roy, Prelude No.1, gHtoiDC0hpk.mid",43
512,32,0.75,"Agnew, Roy, Prelude No.1, gHtoiDC0hpk.mid",44
32,16,1.0,"Agnew, Roy, Prelude No.1, gHtoiDC0hpk.mid",45
16,18,0.75,"Agnew, Roy, Prelude No.1, gHtoiDC0hpk.mid",46
18,2066,11/12,"Agnew, Roy, Prelude No.1, gHtoiDC0hpk.mid",47
2066,2050,1/12,"Agnew, Roy, Prelude No.1, gHtoiDC0hpk.mid",48
2050,16416,1.75,"Agnew, Roy, Prelude No.1, gHtoiDC0hpk.mid",49
16416,16400,0.5,"Agnew, Roy, Prelude No.1, gHtoiDC0hpk.mid",50
16400,16400,1/3,"Agnew, Roy, Prelude No.1, gHtoiDC0hpk.mid",51
16400,16432,5/6,"Agnew, Roy, Prelude No.1, gHtoiDC0hpk.mid",52
16432,16416,1/12,"Agnew, Roy, Prelude No.1, gHtoiDC0hpk.mid",53
16416,16432,1.0,"Agnew, Roy, Prelude No.1, gHtoiDC0hpk.mid",54
16432,20784,1.0,"Agnew, Roy, Prelude No.1, gHtoiDC0hpk.mid",55
20784,48,1/12,"Agnew, Roy, Prelude No.1, gHtoiDC0hpk.mid",56
48,18480,1/6,"Agnew, Roy, Prelude No.1, gHtoiDC0hpk.mid",57
18480,2052,0.5,"Agnew, Roy, Prelude No.1, gHtoiDC0hpk.mid",58
2052,2052,4/3,"Agnew, Roy, Prelude No.1, gHtoiDC0hpk.mid",59
2052,2,7/6,"Agnew, Roy, Prelude No.1, gHtoiDC0hpk.mid",60
2,6,1/12,"Agnew, Roy, Prelude No.1, gHtoiDC0hpk.mid",61
6,8196,0.75,"Agnew, Roy, Prelude No.1, gHtoiDC0hpk.mid",62
8196,4,1/6,"Agnew, Roy, Prelude No.1, gHtoiDC0hpk.mid",63
4,516,0.5,"Agnew, Roy, Prelude No.1, gHtoiDC0hpk.mid",64
516,516,0.75,"Agnew, Roy, Prelude No.1, gHtoiDC0hpk.mid",65
516,528,1.0,"Agnew, Roy, Prelude No.1, gHtoiDC0hpk.mid",66
528,512,0.25,"Agnew, Roy, Prelude No.1, gHtoiDC0hpk.mid",67
512,2048,0.25,"Agnew, Roy, Prelude No.1, gHtoiDC0hpk.mid",68
2048,288,17/12,"Agnew, Roy, Prelude No.1, gHtoiDC0hpk.mid",69
288,133504,1/3,"Agnew, Roy, Prelude No.1, gHtoiDC0hpk.mid",70
133504,133504,2/3,"Agnew, Roy, Prelude No.1, gHtoiDC0hpk.mid",71
133504,288,1/12,"Agnew, Roy, Prelude No.1, gHtoiDC0hpk.mid",72
288,133504,1.25,"Agnew, Roy, Prelude No.1, gHtoiDC0hpk.mid",73
133504,133504,1.0,"Agnew, Roy, Prelude No.1, gHtoiDC0hpk.mid",74
133504,134016,0.75,"Agnew, Roy, Prelude No.1, gHtoiDC0hpk.mid",75
134016,150400,0.25,"Agnew, Roy, Prelude No.1, gHtoiDC0hpk.mid",76
150400,288,11/12,"Agnew, Roy, Prelude No.1, gHtoiDC0hpk.mid",77
288,150144,0.25,"Agnew, Roy, Prelude No.1, gHtoiDC0hpk.mid",78
150144,150144,0.5,"Agnew, Roy, Prelude No.1, gHtoiDC0hpk.mid",79
150144,215680,0.25,"Agnew, Roy, Prelude No.1, gHtoiDC0hpk.mid",80
215680,528,1/3,"Agnew, Roy, Prelude No.1, gHtoiDC0hpk.mid",81
528,528,11/12,"Agnew, Roy, Prelude No.1, gHtoiDC0hpk.mid",82
528,529,0.75,"Agnew, Roy, Prelude No.1, gHtoiDC0hpk.mid",83
529,657,0.75,"Agnew, Roy, Prelude No.1, gHtoiDC0hpk.mid",84
657,657,1/12,"Agnew, Roy, Prelude No.1, gHtoiDC0hpk.mid",85
657,657,1/6,"Agnew, Roy, Prelude No.1, gHtoiDC0hpk.mid",86
657,657,2/3,"Agnew, Roy, Prelude No.1, gHtoiDC0hpk.mid",87
657,657,7/12,"Agnew, Roy, Prelude No.1, gHtoiDC0hpk.mid",88
657,2705,0.75,"Agnew, Roy, Prelude No.1, gHtoiDC0hpk.mid",89
2705,2705,2.0,"Agnew, Roy, Prelude No.1, gHtoiDC0hpk.mid",90
2705,657,2.5,"Agnew, Roy, Prelude No.1, gHtoiDC0hpk.mid",91
657,641,5/6,"Agnew, Roy, Prelude No.1, gHtoiDC0hpk.mid",92
641,1,1/6,"Agnew, Roy, Prelude No.1, gHtoiDC0hpk.mid",93
1,1,1.5,"Agnew, Roy, Prelude No.1, gHtoiDC0hpk.mid",94
1,67712,1.5,"Agnew, Roy, Prelude No.1, gHtoiDC0hpk.mid",95
67712,100480,7/6,"Agnew, Roy, Prelude No.1, gHtoiDC0hpk.mid",96
100480,34960,2/3,"Agnew, Roy, Prelude No.1, gHtoiDC0hpk.mid",97
34960,34960,1/12,"Agnew, Roy, Prelude No.1, gHtoiDC0hpk.mid",98
34960,34816,1/12,"Agnew, Roy, Prelude No.1, gHtoiDC0hpk.mid",99
34816,2080,0.25,"Agnew, Roy, Prelude No.1, gHtoiDC0hpk.mid",100
2080,2048,0.25,"Agnew, Roy, Prelude No.1, gHtoiDC0hpk.mid",101
2048,2048,0.5,"Agnew, Roy, Prelude No.1, gHtoiDC0hpk.mid",102
2048,527360,0.5,"Agnew, Roy, Prelude No.1, gHtoiDC0hpk.mid",103
527360,525312,0.25,"Agnew, Roy, Prelude No.1, gHtoiDC0hpk.mid",104
525312,1639424,0.75,"Agnew, Roy, Prelude No.1, gHtoiDC0hpk.mid",105
1639424,4,1.0,"Agnew, Roy, Prelude No.1, gHtoiDC0hpk.mid",106
4,6,0.75,"Agnew, Roy, Prelude No.1, gHtoiDC0hpk.mid",107
6,4102,0.25,"Agnew, Roy, Prelude No.1, gHtoiDC0hpk.mid",108
4102,4102,0.5,"Agnew, Roy, Prelude No.1, gHtoiDC0hpk.mid",109
4102,4098,0.25,"Agnew, Roy, Prelude No.1, gHtoiDC0hpk.mid",110
4098,2304,11/12,"Agnew, Roy, Prelude No.1, gHtoiDC0hpk.mid",111
2304,2336,1/12,"Agnew, Roy, Prelude No.1, gHtoiDC0hpk.mid",112
2336,2080,11/12,"Agnew, Roy, Prelude No.1, gHtoiDC0hpk.mid",113
2080,2048,1/12,"Agnew, Roy, Prelude No.1, gHtoiDC0hpk.mid",114
2048,2064,1.25,"Agnew, Roy, Prelude No.1, gHtoiDC0hpk.mid",115
2064,2064,0.5,"Agnew, Roy, Prelude No.1, gHtoiDC0hpk.mid",116
2064,1024,1.0,"Agnew, Roy, Prelude No.1, gHtoiDC0hpk.mid",117
1024,2048,7/6,"Agnew, Roy, Prelude No.1, gHtoiDC0hpk.mid",118
2048,67584,1/12,"Agnew, Roy, Prelude No.1, gHtoiDC0hpk.mid",119
67584,16,11/12,"Agnew, Roy, Prelude No.1, gHtoiDC0hpk.mid",120
16,16896,1/3,"Agnew, Roy, Prelude No.1, gHtoiDC0hpk.mid",121
16896,16896,0.75,"Agnew, Roy, Prelude No.1, gHtoiDC0hpk.mid",122
16896,543232,7/12,"Agnew, Roy, Prelude No.1, gHtoiDC0hpk.mid",123
543232,2176,1/12,"Agnew, Roy, Prelude No.1, gHtoiDC0hpk.mid",124
2176,516,2/3,"Agnew, Roy, Prelude No.1, gHtoiDC0hpk.mid",125
516,2115584,0.75,"Agnew, Roy, Prelude No.1, gHtoiDC0hpk.mid",126
2115584,516,1/12,"Agnew, Roy, Prelude No.1, gHtoiDC0hpk.mid",127
516,34,0.75,"Agnew, Roy, Prelude No.1, gHtoiDC0hpk.mid",128
34,34,0.25,"Agnew, Roy, Prelude No.1, gHtoiDC0hpk.mid",129
34,18,13/12,"Agnew, Roy, Prelude No.1, gHtoiDC0hpk.mid",130
18,73856,17/12,"Agnew, Roy, Prelude No.1, gHtoiDC0hpk.mid",131
73856,658,1.0,"Agnew, Roy, Prelude No.1, gHtoiDC0hpk.mid",132
658,2706,0.25,"Agnew, Roy, Prelude No.1, gHtoiDC0hpk.mid",133
2706,6802,1/12,"Agnew, Roy, Prelude No.1, gHtoiDC0hpk.mid",134
6802,6802,0.25,"Agnew, Roy, Prelude No.1, gHtoiDC0hpk.mid",135
6802,6802,1/12,"Agnew, Roy, Prelude No.1, gHtoiDC0hpk.mid",136
6802,71808,1/12,"Agnew, Roy, Prelude No.1, gHtoiDC0hpk.mid",137
71808,71872,1/12,"Agnew, Roy, Prelude No.1, gHtoiDC0hpk.mid",138
71872,71744,17/12,"Agnew, Roy, Prelude No.1, gHtoiDC0hpk.mid",139
71744,6228,7/6,"Agnew, Roy, Prelude No.1, gHtoiDC0hpk.mid",140
6228,6164,1/12,"Agnew, Roy, Prelude No.1, gHtoiDC0hpk.mid",141
6164,6740,0.25,"Agnew, Roy, Prelude No.1, gHtoiDC0hpk.mid",142
6740,6740,0.5,"Agnew, Roy, Prelude No.1, gHtoiDC0hpk.mid",143
6740,6740,0.25,"Agnew, Roy, Prelude No.1, gHtoiDC0hpk.mid",144
6740,6740,0.5,"Agnew, Roy, Prelude No.1, gHtoiDC0hpk.mid",145
6740,6740,0.75,"Agnew, Roy, Prelude No.1, gHtoiDC0hpk.mid",146
6740,6868,0.25,"Agnew, Roy, Prelude No.1, gHtoiDC0hpk.mid",147
6868,6868,1/12,"Agnew, Roy, Prelude No.1, gHtoiDC0hpk.mid",148
6868,6868,2/3,"Agnew, Roy, Prelude No.1, gHtoiDC0hpk.mid",149
6868,4820,1/6,"Agnew, Roy, Prelude No.1, gHtoiDC0hpk.mid",150
4820,724,1/12,"Agnew, Roy, Prelude No.1, gHtoiDC0hpk.mid",151
724,37408,1.25,"Agnew, Roy, Prelude No.1, gHtoiDC0hpk.mid",152
37408,102944,0.25,"Agnew, Roy, Prelude No.1, gHtoiDC0hpk.mid",153
102944,102944,1.0,"Agnew, Roy, Prelude No.1, gHtoiDC0hpk.mid",154
102944,16,1/12,"Agnew, Roy, Prelude No.1, gHtoiDC0hpk.mid",155
16,2384,1.5,"Agnew, Roy, Prelude No.1, gHtoiDC0hpk.mid",156
2384,8320,0.75,"Agnew, Roy, Prelude No.1, gHtoiDC0hpk.mid",157
8320,8320,1/3,"Agnew, Roy, Prelude No.1, gHtoiDC0hpk.mid",158
8320,8328,0.75,"Agnew, Roy, Prelude No.1, gHtoiDC0hpk.mid",159
8328,8320,1/6,"Agnew, Roy, Prelude No.1, gHtoiDC0hpk.mid",160
8320,9352,1.0,"Agnew, Roy, Prelude No.1, gHtoiDC0hpk.mid",161
9352,9352,1.5,"Agnew, Roy, Prelude No.1, gHtoiDC0hpk.mid",162
9352,9368,0.25,"Agnew, Roy, Prelude No.1, gHtoiDC0hpk.mid",163
9368,130,59/12,"Agnew, Roy, Prelude No.1, gHtoiDC0hpk.mid",164
130,1176,4.0,"Agnew, Roy, Prelude No.1, gHtoiDC0hpk.mid",165
1176,1176,0.75,"Agnew, Roy, Prelude No.1, gHtoiDC0hpk.mid",166
1176,1032,1/6,"Agnew, Roy, Prelude No.1, gHtoiDC0hpk.mid",167
1032,128,1.25,"Agnew, Roy, Prelude No.1, gHtoiDC0hpk.mid",168
128,256,1.0,"Agnew, Roy, Prelude No.1, gHtoiDC0hpk.mid",169
256,128,0.75,"Agnew, Roy, Prelude No.1, gHtoiDC0hpk.mid",170
128,2,0.75,"Agnew, Roy, Prelude No.1, gHtoiDC0hpk.mid",171
2,33,0.25,"Agnew, Roy, Prelude No.1, gHtoiDC0hpk.mid",172
33,1,13/12,"Agnew, Roy, Prelude No.1, gHtoiDC0hpk.mid",173
1,1024,0.75,"Agnew, Roy, Prelude No.1, gHtoiDC0hpk.mid",174
1024,5120,0.25,"Agnew, Roy, Prelude No.1, gHtoiDC0hpk.mid",175
5120,1,0.5,"Agnew, Roy, Prelude No.1, gHtoiDC0hpk.mid",176
1,1024,0.25,"Agnew, Roy, Prelude No.1, gHtoiDC0hpk.mid",177
1024,1024,2/3,"Agnew, Roy, Prelude No.1, gHtoiDC0hpk.mid",178
1024,1049600,1/12,"Agnew, Roy, Prelude No.1, gHtoiDC0hpk.mid",179
1049600,256,2/3,"Agnew, Roy, Prelude No.1, gHtoiDC0hpk.mid",180
256,128,0.75,"Agnew, Roy, Prelude No.1, gHtoiDC0hpk.mid",181
128,129,1.0,"Agnew, Roy, Prelude No.1, gHtoiDC0hpk.mid",182
129,1153,0.75,"Agnew, Roy, Prelude No.1, gHtoiDC0hpk.mid",183
1153,1153,0.5,"Agnew, Roy, Prelude No.1, gHtoiDC0hpk.mid",184
1153,8336,2.25,"Agnew, Roy, Prelude No.1, gHtoiDC0hpk.mid",185
8336,8320,11/12,"Agnew, Roy, Prelude No.1, gHtoiDC0hpk.mid",186
8320,8576,1/3,"Agnew, Roy, Prelude No.1, gHtoiDC0hpk.mid",187
8576,128,0.75,"Agnew, Roy, Prelude No.1, gHtoiDC0hpk.mid",188
128,8576,1/3,"Agnew, Roy, Prelude No.1, gHtoiDC0hpk.mid",189
8576,8576,1/12,"Agnew, Roy, Prelude No.1, gHtoiDC0hpk.mid",190
8576,8576,7/12,"Agnew, Roy, Prelude No.1, gHtoiDC0hpk.mid",191
8576,9600,1/12,"Agnew, Roy, Prelude No.1, gHtoiDC0hpk.mid",192
9600,9472,1/12,"Agnew, Roy, Prelude No.1, gHtoiDC0hpk.mid",193
9472,9216,5/6,"Agnew, Roy, Prelude No.1, gHtoiDC0hpk.mid",194
9216,9472,1.5,"Agnew, Roy, Prelude No.1, gHtoiDC0hpk.mid",195
9472,8448,0.25,"Agnew, Roy, Prelude No.1, gHtoiDC0hpk.mid",196
8448,8208,0.25,"Agnew, Roy, Prelude No.1, gHtoiDC0hpk.mid",197
8208,2,1.0,"Agnew, Roy, Prelude No.1, gHtoiDC0hpk.mid",198
2,16,1.0,"Agnew, Roy, Prelude No.1, gHtoiDC0hpk.mid",199
16,144,0.75,"Agnew, Roy, Prelude No.1, gHtoiDC0hpk.mid",200
144,656,0.5,"Agnew, Roy, Prelude No.1, gHtoiDC0hpk.mid",201
656,640,1/6,"Agnew, Roy, Prelude No.1, gHtoiDC0hpk.mid",202
640,128,1/12,"Agnew, Roy, Prelude No.1, gHtoiDC0hpk.mid",203
128,5120,1.0,"Agnew, Roy, Prelude No.1, gHtoiDC0hpk.mid",204
5120,13312,1/3,"Agnew, Roy, Prelude No.1, gHtoiDC0hpk.mid",205
13312,13312,2/3,"Agnew, Roy, Prelude No.1, gHtoiDC0hpk.mid",206
13312,13312,0.75,"Agnew, Roy, Prelude No.1, gHtoiDC0hpk.mid",207
13312,1,1/3,"Agnew, Roy, Prelude No.1, gHtoiDC0hpk.mid",208
1,1053696,1.0,"Agnew, Roy, Prelude No.1, gHtoiDC0hpk.mid",209
1053696,1577984,1.0,"Agnew, Roy, Prelude No.1, gHtoiDC0hpk.mid",210
1577984,1586176,0.25,"Agnew, Roy, Prelude No.1, gHtoiDC0hpk.mid",211
1586176,1586176,1.0,"Agnew, Roy, Prelude No.1, gHtoiDC0hpk.mid",212
1586176,162,1.0,"Agnew, Roy, Prelude No.1, gHtoiDC0hpk.mid",213
162,178,2/3,"Agnew, Roy, Prelude No.1, gHtoiDC0hpk.mid",214
178,146,1/12,"Agnew, Roy, Prelude No.1, gHtoiDC0hpk.mid",215
146,178,1/3,"Agnew, Roy, Prelude No.1, gHtoiDC0hpk.mid",216
178,178,5/12,"Agnew, Roy, Prelude No.1, gHtoiDC0hpk.mid",217
178,204928,0.5,"Agnew, Roy, Prelude No.1, gHtoiDC0hpk.mid",218
204928,204928,1/6,"Agnew, Roy, Prelude No.1, gHtoiDC0hpk.mid",219
204928,65664,1/6,"Agnew, Roy, Prelude No.1, gHtoiDC0hpk.mid",220
65664,4244,1/6,"Agnew, Roy, Prelude No.1, gHtoiDC0hpk.mid",221
4244,4228,1/3,"Agnew, Roy, Prelude No.1, gHtoiDC0hpk.mid",222
4228,4224,1/6,"Agnew, Roy, Prelude No.1, gHtoiDC0hpk.mid",223
4224,4608,1.0,"Agnew, Roy, Prelude No.1, gHtoiDC0hpk.mid",224
4608,528896,0.75,"Agnew, Roy, Prelude No.1, gHtoiDC0hpk.mid",225
528896,4224,1/12,"Agnew, Roy, Prelude No.1, gHtoiDC0hpk.mid",226
4224,128,1/6,"Agnew, Roy, Prelude No.1, gHtoiDC0hpk.mid",227
128,1154,1.0,"Agnew, Roy, Prelude No.1, gHtoiDC0hpk.mid",228
1154,1154,0.5,"Agnew, Roy, Prelude No.1, gHtoiDC0hpk.mid",229
1154,1155,5/6,"Agnew, Roy, Prelude No.1, gHtoiDC0hpk.mid",230
1155,1155,5/6,"Agnew, Roy, Prelude No.1, gHtoiDC0hpk.mid",231
1155,1154,1/12,"Agnew, Roy, Prelude No.1, gHtoiDC0hpk.mid",232
1154,1155,0.75,"Agnew, Roy, Prelude No.1, gHtoiDC0hpk.mid",233
1155,1427,0.25,"Agnew, Roy, Prelude No.1, gHtoiDC0hpk.mid",234
1427,1427,0.25,"Agnew, Roy, Prelude No.1, gHtoiDC0hpk.mid",235
1427,1299,0.5,"Agnew, Roy, Prelude No.1, gHtoiDC0hpk.mid",236
1299,272,1/3,"Agnew, Roy, Prelude No.1, gHtoiDC0hpk.mid",237
272,1639424,5/3,"Agnew, Roy, Prelude No.1, gHtoiDC0hpk.mid",238
1639424,1639936,1.0,"Agnew, Roy, Prelude No.1, gHtoiDC0hpk.mid",239
1639936,525312,1/12,"Agnew, Roy, Prelude No.1, gHtoiDC0hpk.mid",240
525312,1024,11/12,"Agnew, Roy, Prelude No.1, gHtoiDC0hpk.mid",241
1024,132096,1.0,"Agnew, Roy, Prelude No.1, gHtoiDC0hpk.mid",242
132096,136192,0.75,"Agnew, Roy, Prelude No.1, gHtoiDC0hpk.mid",243
136192,33,0.25,"Agnew, Roy, Prelude No.1, gHtoiDC0hpk.mid",244
33,128,0.25,"Agnew, Roy, Prelude No.1, gHtoiDC0hpk.mid",245
128,73856,13/12,"Agnew, Roy, Prelude No.1, gHtoiDC0hpk.mid",246
73856,8344,2/3,"Agnew, Roy, Prelude No.1, gHtoiDC0hpk.mid",247
8344,8344,0.5,"Agnew, Roy, Prelude No.1, gHtoiDC0hpk.mid",248
8344,8344,1.0,"Agnew, Roy, Prelude No.1, gHtoiDC0hpk.mid",249
8344,8216,1/6,"Agnew, Roy, Prelude No.1, gHtoiDC0hpk.mid",250
8216,8344,1.0,"Agnew, Roy, Prelude No.1, gHtoiDC0hpk.mid",251
8344,8376,5/6,"Agnew, Roy, Prelude No.1, gHtoiDC0hpk.mid",252
8376,9400,0.5,"Agnew, Roy, Prelude No.1, gHtoiDC0hpk.mid",253
9400,24,13/12,"Agnew, Roy, Prelude No.1, gHtoiDC0hpk.mid",254
24,16,1/6,"Agnew, Roy, Prelude No.1, gHtoiDC0hpk.mid",255
16,1186,0.75,"Agnew, Roy, Prelude No.1, gHtoiDC0hpk.mid",256
1186,5282,1/6,"Agnew, Roy, Prelude No.1, gHtoiDC0hpk.mid",257
5282,5250,1/12,"Agnew, Roy, Prelude No.1, gHtoiDC0hpk.mid",258
5250,12456,1/6,"Agnew, Roy, Prelude No.1, gHtoiDC0hpk.mid",259
12456,4264,1/12,"Agnew, Roy, Prelude No.1, gHtoiDC0hpk.mid",260
4264,4136,0.75,"Agnew, Roy, Prelude No.1, gHtoiDC0hpk.mid",261
4136,4136,0.25,"Agnew, Roy, Prelude No.1, gHtoiDC0hpk.mid",262
4136,168192,0.5,"Agnew, Roy, Prelude No.1, gHtoiDC0hpk.mid",263
168192,135424,0.25,"Agnew, Roy, Prelude No.1, gHtoiDC0hpk.mid",264
135424,168192,2/3,"Agnew, Roy, Prelude No.1, gHtoiDC0hpk.mid",265
168192,168192,1/3,"Agnew, Roy, Prelude No.1, gHtoiDC0hpk.mid",266
168192,168192,1/3,"Agnew, Roy, Prelude No.1, gHtoiDC0hpk.mid",267
168192,168192,1.0,"Agnew, Roy, Prelude No.1, gHtoiDC0hpk.mid",268
168192,692480,23/12,"Agnew, Roy, Prelude No.1, gHtoiDC0hpk.mid",269
692480,692480,0.75,"Agnew, Roy, Prelude No.1, gHtoiDC0hpk.mid",270
692480,168192,0.75,"Agnew, Roy, Prelude No.1, gHtoiDC0hpk.mid",271
168192,37120,0.25,"Agnew, Roy, Prelude No.1, gHtoiDC0hpk.mid",272
37120,4232,17/6,"Agnew, Roy, Prelude No.1, gHtoiDC0hpk.mid",273
4232,4104,1/6,"Agnew, Roy, Prelude No.1, gHtoiDC0hpk.mid",274
4104,6312,1.0,"Agnew, Roy, Prelude No.1, gHtoiDC0hpk.mid",275
6312,6312,0.25,"Agnew, Roy, Prelude No.1, gHtoiDC0hpk.mid",276
6312,6312,13/12,"Agnew, Roy, Prelude No.1, gHtoiDC0hpk.mid",277
6312,170112,1/6,"Agnew, Roy, Prelude No.1, gHtoiDC0hpk.mid",278
170112,133248,1/6,"Agnew, Roy, Prelude No.1, gHtoiDC0hpk.mid",279
133248,128,13/12,"Agnew, Roy, Prelude No.1, gHtoiDC0hpk.mid",280
128,32960,1.0,"Agnew, Roy, Prelude No.1, gHtoiDC0hpk.mid",281
32960,102592,0.25,"Agnew, Roy, Prelude No.1, gHtoiDC0hpk.mid",282
102592,102592,0.5,"Agnew, Roy, Prelude No.1, gHtoiDC0hpk.mid",283
102592,1024,5/6,"Agnew, Roy, Prelude No.1, gHtoiDC0hpk.mid",284
1024,1536,5/6,"Agnew, Roy, Prelude No.1, gHtoiDC0hpk.mid",285
1536,1050112,5/6,"Agnew, Roy, Prelude No.1, gHtoiDC0hpk.mid",286
1050112,1049600,1/6,"Agnew, Roy, Prelude No.1, gHtoiDC0hpk.mid",287
1049600,144,2/3,"Agnew, Roy, Prelude No.1, gHtoiDC0hpk.mid",288
144,144,1/3,"Agnew, Roy, Prelude No.1, gHtoiDC0hpk.mid",289
144,146,7/6,"Agnew, Roy, Prelude No.1, gHtoiDC0hpk.mid",290
146,147,19/12,"Agnew, Roy, Prelude No.1, gHtoiDC0hpk.mid",291
147,131,0.5,"Agnew, Roy, Prelude No.1, gHtoiDC0hpk.mid",292
131,1,1/6,"Agnew, Roy, Prelude No.1, gHtoiDC0hpk.mid",293
1,64,0.25,"Agnew, Roy, Prelude No.1, gHtoiDC0hpk.mid",294
64,64,1.0,"Agnew, Roy, Prelude No.1, gHtoiDC0hpk.mid",295
64,144,1.0,"Agnew, Roy, Prelude No.1, gHtoiDC0hpk.mid",296
144,4100,1/3,"Agnew, Roy, Prelude No.1, gHtoiDC0hpk.mid",297
4100,1,5/12,"Agnew, Roy, Prelude No.1, gHtoiDC0hpk.mid",298
1,5152,0.25,"Agnew, Roy, Prelude No.1, gHtoiDC0hpk.mid",299
5152,5152,2/3,"Agnew, Roy, Prelude No.1, gHtoiDC0hpk.mid",300
5152,38048,1/3,"Agnew, Roy, Prelude No.1, gHtoiDC0hpk.mid",301
38048,38048,0.5,"Agnew, Roy, Prelude No.1, gHtoiDC0hpk.mid",302
38048,5256,1/6,"Agnew, Roy, Prelude No.1, gHtoiDC0hpk.mid",303
5256,38048,5/6,"Agnew, Roy, Prelude No.1, gHtoiDC0hpk.mid",304
38048,38304,0.75,"Agnew, Roy, Prelude No.1, gHtoiDC0hpk.mid",305
38304,37024,1/12,"Agnew, Roy, Prelude No.1, gHtoiDC0hpk.mid",306
37024,36896,1/12,"Agnew, Roy, Prelude No.1, gHtoiDC0hpk.mid",307
36896,2,1/6,"Agnew, Roy, Prelude No.1, gHtoiDC0hpk.mid",308
2,8704,1.0,"Agnew, Roy, Prelude No.1, gHtoiDC0hpk.mid",309
8704,12800,1/3,"Agnew, Roy, Prelude No.1, gHtoiDC0hpk.mid",310
12800,12800,0.75,"Agnew, Roy, Prelude No.1, gHtoiDC0hpk.mid",311
12800,12808,13/12,"Agnew, Roy, Prelude No.1, gHtoiDC0hpk.mid",312
12808,4616,1/6,"Agnew, Roy, Prelude No.1, gHtoiDC0hpk.mid",313
4616,4648,1.0,"Agnew, Roy, Prelude No.1, gHtoiDC0hpk.mid",314
4648,4776,0.25,"Agnew, Roy, Prelude No.1, gHtoiDC0hpk.mid",315
4776,936,1/12,"Agnew, Roy, Prelude No.1, gHtoiDC0hpk.mid",316
936,5032,5/12,"Agnew, Roy, Prelude No.1, gHtoiDC0hpk.mid",317
5032,5000,0.25,"Agnew, Roy, Prelude No.1, gHtoiDC0hpk.mid",318
5000,4228,2/3,"Agnew, Roy, Prelude No.1, gHtoiDC0hpk.mid",319
4228,4228,7/12,"Agnew, Roy, Prelude No.1, gHtoiDC0hpk.mid",320
4228,545792,13/12,"Agnew, Roy, Prelude No.1, gHtoiDC0hpk.mid",321
545792,1594368,0.75,"Agnew, Roy, Prelude No.1, gHtoiDC0hpk.mid",322
1594368,1590272,1/6,"Agnew, Roy, Prelude No.1, gHtoiDC0hpk.mid",323
1590272,1594368,5/12,"Agnew, Roy, Prelude No.1, gHtoiDC0hpk.mid",324
1594368,1725440,1/3,"Agnew, Roy, Prelude No.1, gHtoiDC0hpk.mid",325
1725440,1725440,0.25,"Agnew, Roy, Prelude No.1, gHtoiDC0hpk.mid",326
1725440,1758208,5/12,"Agnew, Roy, Prelude No.1, gHtoiDC0hpk.mid",327
1758208,1758208,1/12,"Agnew, Roy, Prelude No.1, gHtoiDC0hpk.mid",328
1758208,1758208,7/12,"Agnew, Roy, Prelude No.1, gHtoiDC0hpk.mid",329
1758208,693248,1/12,"Agnew, Roy, Prelude No.1, gHtoiDC0hpk.mid",330
693248,37888,1/12,"Agnew, Roy, Prelude No.1, gHtoiDC0hpk.mid",331
37888,1314,1.25,"Agnew, Roy, Prelude No.1, gHtoiDC0hpk.mid",332
1314,5410,1.0,"Agnew, Roy, Prelude No.1, gHtoiDC0hpk.mid",333
5410,1463,0.25,"Agnew, Roy, Prelude No.1, gHtoiDC0hpk.mid",334
1463,1463,1.25,"Agnew, Roy, Prelude No.1, gHtoiDC0hpk.mid",335
1463,1,1/6,"Agnew, Roy, Prelude No.1, gHtoiDC0hpk.mid",336
1,520,7/6,"Agnew, Roy, Prelude No.1, gHtoiDC0hpk.mid",337
520,2131968,13/12,"Agnew, Roy, Prelude No.1, gHtoiDC0hpk.mid",338
2131968,2394112,0.25,"Agnew, Roy, Prelude No.1, gHtoiDC0hpk.mid",339
2394112,2394112,1.0,"Agnew, Roy, Prelude No.1, gHtoiDC0hpk.mid",340
2394112,2394112,2/3,"Agnew, Roy, Prelude No.1, gHtoiDC0hpk.mid",341
2394112,2402304,1/12,"Agnew, Roy, Prelude No.1, gHtoiDC0hpk.mid",342
2402304,2402304,7/12,"Agnew, Roy, Prelude No.1, gHtoiDC0hpk.mid",343
2402304,2402304,5/12,"Agnew, Roy, Prelude No.1, gHtoiDC0hpk.mid",344
2402304,2402304,11/12,"Agnew, Roy, Prelude No.1, gHtoiDC0hpk.mid",345
2402304,33280,1/12,"Agnew, Roy, Prelude No.1, gHtoiDC0hpk.mid",346
33280,299264,0.25,"Agnew, Roy, Prelude No.1, gHtoiDC0hpk.mid",347
299264,299264,1.0,"Agnew, Roy, Prelude No.1, gHtoiDC0hpk.mid",348
299264,299264,0.5,"Agnew, Roy, Prelude No.1, gHtoiDC0hpk.mid",349
299264,256,0.5,"Agnew, Roy, Prelude No.1, gHtoiDC0hpk.mid",350
256,19072,1.25,"Agnew, Roy, Prelude No.1, gHtoiDC0hpk.mid",351
19072,74816,0.5,"Agnew, Roy, Prelude No.1, gHtoiDC0hpk.mid",352
74816,74816,0.75,"Agnew, Roy, Prelude No.1, gHtoiDC0hpk.mid",353
74816,75072,1.0,"Agnew, Roy, Prelude No.1, gHtoiDC0hpk.mid",354
75072,75072,0.25,"Agnew, Roy, Prelude No.1, gHtoiDC0hpk.mid",355
75072,256,0.25,"Agnew, Roy, Prelude No.1, gHtoiDC0hpk.mid",356
256,19728,1.5,"Agnew, Roy, Prelude No.1, gHtoiDC0hpk.mid",357
19728,27800,1/6,"Agnew, Roy, Prelude No.1, gHtoiDC0hpk.mid",358
27800,9352,1/12,"Agnew, Roy, Prelude No.1, gHtoiDC0hpk.mid",359
9352,9352,4/3,"Agnew, Roy, Prelude No.1, gHtoiDC0hpk.mid",360
9352,9352,17/12,"Agnew, Roy, Prelude No.1, gHtoiDC0hpk.mid",361
9352,92,1/12,"Agnew, Roy, Prelude No.1, gHtoiDC0hpk.mid",362
92,84,7/6,"Agnew, Roy, Prelude No.1, gHtoiDC0hpk.mid",363
84,2080,4/3,"Agnew, Roy, Prelude No.1, gHtoiDC0hpk.mid",364
2080,32,1/12,"Agnew, Roy, Prelude No.1, gHtoiDC0hpk.mid",365
32,2338,13/12,"Agnew, Roy, Prelude No.1, gHtoiDC0hpk.mid",366
2338,2338,1/6,"Agnew, Roy, Prelude No.1, gHtoiDC0hpk.mid",367
2338,2338,13/12,"Agnew, Roy, Prelude No.1, gHtoiDC0hpk.mid",368
2338,2338,7/6,"Agnew, Roy, Prelude No.1, gHtoiDC0hpk.mid",369
2338,290,1/12,"Agnew, Roy, Prelude No.1, gHtoiDC0hpk.mid",370
290,2338,1.5,"Agnew, Roy, Prelude No.1, gHtoiDC0hpk.mid",371
2338,2342,1.25,"Agnew, Roy, Prelude No.1, gHtoiDC0hpk.mid",372
2342,258,1/12,"Agnew, Roy, Prelude No.1, gHtoiDC0hpk.mid",373
258,258,0.25,"Agnew, Roy, Prelude No.1, gHtoiDC0hpk.mid",374
258,2,35/12,"Agnew, Roy, Prelude No.1, gHtoiDC0hpk.mid",375
2,18464,1/12,"Agnew, Roy, Prelude No.1, gHtoiDC0hpk.mid",376
18464,18432,1/6,"Agnew, Roy, Prelude No.1, gHtoiDC0hpk.mid",377
18432,4,1/12,"Agnew, Roy, Prelude No.1, gHtoiDC0hpk.mid",378
4,20512,13/12,"Agnew, Roy, Prelude No.1, gHtoiDC0hpk.mid",379
20512,4128,1/12,"Agnew, Roy, Prelude No.1, gHtoiDC0hpk.mid",380
4128,6176,5/6,"Agnew, Roy, Prelude No.1, gHtoiDC0hpk.mid",381
6176,6176,1.0,"Agnew, Roy, Prelude No.1, gHtoiDC0hpk.mid",382
6176,133120,1/6,"Agnew, Roy, Prelude No.1, gHtoiDC0hpk.mid",383
133120,48,0.5,"Agnew, Roy, Prelude No.1, gHtoiDC0hpk.mid",384
48,48,2.0,"Agnew, Roy, Prelude No.1, gHtoiDC0hpk.mid",385
48,52,7/12,"Agnew, Roy, Prelude No.1, gHtoiDC0hpk.mid",386
52,20,11/12,"Agnew, Roy, Prelude No.1, gHtoiDC0hpk.mid",387
20,20,0.5,"Agnew, Roy, Prelude No.1, gHtoiDC0hpk.mid",388
20,20,0.5,"Agnew, Roy, Prelude No.1, gHtoiDC0hpk.mid",389
20,20,1.25,"Agnew, Roy, Prelude No.1, gHtoiDC0hpk.mid",390
20,4116,1.75,"Agnew, Roy, Prelude No.1, gHtoiDC0hpk.mid",391
4116,153728,1/6,"Agnew, Roy, Prelude No.1, gHtoiDC0hpk.mid",392
153728,153728,1/12,"Agnew, Roy, Prelude No.1, gHtoiDC0hpk.mid",393
153728,133248,0.25,"Agnew, Roy, Prelude No.1, gHtoiDC0hpk.mid",394
133248,133248,0.75,"Agnew, Roy, Prelude No.1, gHtoiDC0hpk.mid",395
133248,133248,1.0,"Agnew, Roy, Prelude No.1, gHtoiDC0hpk.mid",396
133248,133248,1.0,"Agnew, Roy, Prelude No.1, gHtoiDC0hpk.mid",397
133248,2080,0.25,"Agnew, Roy, Prelude No.1, gHtoiDC0hpk.mid",398
2080,18464,1.0,"Agnew, Roy, Prelude No.1, gHtoiDC0hpk.mid",399
18464,2048,1.0,"Agnew, Roy, Prelude No.1, gHtoiDC0hpk.mid",400
2048,18464,1.0,"Agnew, Roy, Prelude No.1, gHtoiDC0hpk.mid",401
18464,149504,0.25,"Agnew, Roy, Prelude No.1, gHtoiDC0hpk.mid",402
149504,149504,5/12,"Agnew, Roy, Prelude No.1, gHtoiDC0hpk.mid",403
149504,133120,2/3,"Agnew, Roy, Prelude No.1, gHtoiDC0hpk.mid",404
133120,2340,0.25,"Agnew, Roy, Prelude No.1, gHtoiDC0hpk.mid",405
2340,1181696,1/6,"Agnew, Roy, Prelude No.1, gHtoiDC0hpk.mid",406
1181696,288,11/12,"Agnew, Roy, Prelude No.1, gHtoiDC0hpk.mid",407
288,416,1/3,"Agnew, Roy, Prelude No.1, gHtoiDC0hpk.mid",408
416,416,0.75,"Agnew, Roy, Prelude No.1, gHtoiDC0hpk.mid",409
416,2470,1/6,"Agnew, Roy, Prelude No.1, gHtoiDC0hpk.mid",410
2470,2470,1/12,"Agnew, Roy, Prelude No.1, gHtoiDC0hpk.mid",411
2470,2432,13/12,"Agnew, Roy, Prelude No.1, gHtoiDC0hpk.mid",412
2432,2048,5/3,"Agnew, Roy, Prelude No.1, gHtoiDC0hpk.mid",413
2048,2048,2/3,"Agnew, Roy, Prelude No.1, gHtoiDC0hpk.mid",414
2048,1,1.0,"Agnew, Roy, Prelude No.1, gHtoiDC0hpk.mid",415
1,4,1.0,"Agnew, Roy, Prelude No.1, gHtoiDC0hpk.mid",416
4,16,1.0,"Agnew, Roy, Prelude No.1, gHtoiDC0hpk.mid",417
16,32,0.25,"Agnew, Roy, Prelude No.1, gHtoiDC0hpk.mid",418
32,32,1.25,"Agnew, Roy, Prelude No.1, gHtoiDC0hpk.mid",419
32,256,1.0,"Agnew, Roy, Prelude No.1, gHtoiDC0hpk.mid",420
256,256,1.25,"Agnew, Roy, Prelude No.1, gHtoiDC0hpk.mid",421
256,512,0.25,"Agnew, Roy, Prelude No.1, gHtoiDC0hpk.mid",422
512,512,2.75,"Agnew, Roy, Prelude No.1, gHtoiDC0hpk.mid",423
512,66048,1.25,"Agnew, Roy, Prelude No.1, gHtoiDC0hpk.mid",424
66048,66048,0.5,"Agnew, Roy, Prelude No.1, gHtoiDC0hpk.mid",425
66048,16,0.25,"Agnew, Roy, Prelude No.1, gHtoiDC0hpk.mid",426
16,8,2.0,"Agnew, Roy, Prelude No.1, gHtoiDC0hpk.mid",427
8,2048,1.0,"Agnew, Roy, Prelude No.1, gHtoiDC0hpk.mid",428
2048,2048,3.75,"Agnew, Roy, Prelude No.1, gHtoiDC0hpk.mid",429
2048,2064,0.25,"Agnew, Roy, Prelude No.1, gHtoiDC0hpk.mid",430
2064,16,3.75,"Agnew, Roy, Prelude No.1, gHtoiDC0hpk.mid",431
16,16,4.0,"Agnew, Roy, Prelude No.1, gHtoiDC0hpk.mid",432
16,16,4.0,"Agnew, Roy, Prelude No.1, gHtoiDC0hpk.mid",433
0,512,1.0,"Agnew, Roy, Rural Sketches, ZAGQD_jcGf8.mid",0
512,640,0.75,"Agnew, Roy, Rural Sketches, ZAGQD_jcGf8.mid",1
640,525056,0.75,"Agnew, Roy, Rural Sketches, ZAGQD_jcGf8.mid",2
525056,525056,0.75,"Agnew, Roy, Rural Sketches, ZAGQD_jcGf8.mid",3
525056,981,5/12,"Agnew, Roy, Rural Sketches, ZAGQD_jcGf8.mid",4
981,853,1/12,"Agnew, Roy, Rural Sketches, ZAGQD_jcGf8.mid",5
853,85,1.75,"Agnew, Roy, Rural Sketches, ZAGQD_jcGf8.mid",6
85,85,0.25,"Agnew, Roy, Rural Sketches, ZAGQD_jcGf8.mid",7
85,81,0.75,"Agnew, Roy, Rural Sketches, ZAGQD_jcGf8.mid",8
81,81,0.25,"Agnew, Roy, Rural Sketches, ZAGQD_jcGf8.mid",9
81,81,0.75,"Agnew, Roy, Rural Sketches, ZAGQD_jcGf8.mid",10
81,81,0.25,"Agnew, Roy, Rural Sketches, ZAGQD_jcGf8.mid",11
81,17,0.5,"Agnew, Roy, Rural Sketches, ZAGQD_jcGf8.mid",12
17,25,0.5,"Agnew, Roy, Rural Sketches, ZAGQD_jcGf8.mid",13
25,25,1/12,"Agnew, Roy, Rural Sketches, ZAGQD_jcGf8.mid",14
25,25,2/3,"Agnew, Roy, Rural Sketches, ZAGQD_jcGf8.mid",15
25,102944,1/12,"Agnew, Roy, Rural Sketches, ZAGQD_jcGf8.mid",16
102944,102944,1/6,"Agnew, Roy, Rural Sketches, ZAGQD_jcGf8.mid",17
102944,2592,0.75,"Agnew, Roy, Rural Sketches, ZAGQD_jcGf8.mid",18
2592,2592,2/3,"Agnew, Roy, Rural Sketches, ZAGQD_jcGf8.mid",19
2592,18976,5/6,"Agnew, Roy, Rural Sketches, ZAGQD_jcGf8.mid",20
18976,19104,1.0,"Agnew, Roy, Rural Sketches, ZAGQD_jcGf8.mid",21
19104,18976,1/6,"Agnew, Roy, Rural Sketches, ZAGQD_jcGf8.mid",22
18976,84640,1/12,"Agnew, Roy, Rural Sketches, ZAGQD_jcGf8.mid",23
84640,608256,11/12,"Agnew, Roy, Rural Sketches, ZAGQD_jcGf8.mid",24
608256,612352,1/3,"Agnew, Roy, Rural Sketches, ZAGQD_jcGf8.mid",25
612352,2048,0.25,"Agnew, Roy, Rural Sketches, ZAGQD_jcGf8.mid",26
2048,149,1/3,"Agnew, Roy, Rural Sketches, ZAGQD_jcGf8.mid",27
149,20624,2/3,"Agnew, Roy, Rural Sketches, ZAGQD_jcGf8.mid",28
20624,20656,1.0,"Agnew, Roy, Rural Sketches, ZAGQD_jcGf8.mid",29
20656,4404,1/12,"Agnew, Roy, Rural Sketches, ZAGQD_jcGf8.mid",30
4404,4388,1/6,"Agnew, Roy, Rural Sketches, ZAGQD_jcGf8.mid",31
4388,4388,1.75,"Agnew, Roy, Rural Sketches, ZAGQD_jcGf8.mid",32
4388,4516,0.5,"Agnew, Roy, Rural Sketches, ZAGQD_jcGf8.mid",33
4516,4260,5/6,"Agnew, Roy, Rural Sketches, ZAGQD_jcGf8.mid",34
4260,4276,1/6,"Agnew, Roy, Rural Sketches, ZAGQD_jcGf8.mid",35
4276,4244,1.0,"Agnew, Roy, Rural Sketches, ZAGQD_jcGf8.mid",36
4244,4252,1/12,"Agnew, Roy, Rural Sketches, ZAGQD_jcGf8.mid",37
4252,4236,7/6,"Agnew, Roy, Rural Sketches, ZAGQD_jcGf8.mid",38
4236,4268,0.25,"Agnew, Roy, Rural Sketches, ZAGQD_jcGf8.mid",39
4268,4100,0.25,"Agnew, Roy, Rural Sketches, ZAGQD_jcGf8.mid",40
4100,1,0.75,"Agnew, Roy, Rural Sketches, ZAGQD_jcGf8.mid",41
1,32928,0.25,"Agnew, Roy, Rural Sketches, ZAGQD_jcGf8.mid",42
32928,32800,0.5,"Agnew, Roy, Rural Sketches, ZAGQD_jcGf8.mid",43
32800,164096,0.25,"Agnew, Roy, Rural Sketches, ZAGQD_jcGf8.mid",44
164096,33024,0.5,"Agnew, Roy, Rural Sketches, ZAGQD_jcGf8.mid",45
33024,34048,0.25,"Agnew, Roy, Rural Sketches, ZAGQD_jcGf8.mid",46
34048,33792,0.25,"Agnew, Roy, Rural Sketches, ZAGQD_jcGf8.mid",47
33792,1024,2/3,"Agnew, Roy, Rural Sketches, ZAGQD_jcGf8.mid",48
1024,5128,1/6,"Agnew, Roy, Rural Sketches, ZAGQD_jcGf8.mid",49
5128,4104,7/6,"Agnew, Roy, Rural Sketches, ZAGQD_jcGf8.mid",50
4104,4104,2.0,"Agnew, Roy, Rural Sketches, ZAGQD_jcGf8.mid",51
4104,4232,4/3,"Agnew, Roy, Rural Sketches, ZAGQD_jcGf8.mid",52
4232,4232,1/12,"Agnew, Roy, Rural Sketches, ZAGQD_jcGf8.mid",53
4232,4232,7/12,"Agnew, Roy, Rural Sketches, ZAGQD_jcGf8.mid",54
4232,4104,1/6,"Agnew, Roy, Rural Sketches, ZAGQD_jcGf8.mid",55
4104,36992,2/3,"Agnew, Roy, Rural Sketches, ZAGQD_jcGf8.mid",56
36992,37024,5/6,"Agnew, Roy, Rural Sketches, ZAGQD_jcGf8.mid",57
37024,692480,7/6,"Agnew, Roy, Rural Sketches, ZAGQD_jcGf8.mid",58
692480,693504,1/12,"Agnew, Roy, Rural Sketches, ZAGQD_jcGf8.mid",59
693504,693248,0.25,"Agnew, Roy, Rural Sketches, ZAGQD_jcGf8.mid",60
693248,562176,1/12,"Agnew, Roy, Rural Sketches, ZAGQD_jcGf8.mid",61
562176,33792,11/12,"Agnew, Roy, Rural Sketches, ZAGQD_jcGf8.mid",62
33792,8,2/3,"Agnew, Roy, Rural Sketches, ZAGQD_jcGf8.mid",63
8,1024,1/3,"Agnew, Roy, Rural Sketches, ZAGQD_jcGf8.mid",64
1024,5256,1/3,"Agnew, Roy, Rural Sketches, ZAGQD_jcGf8.mid",65
5256,4232,10/3,"Agnew, Roy, Rural Sketches, ZAGQD_jcGf8.mid",66
4232,4232,2/3,"Agnew, Roy, Rural Sketches, ZAGQD_jcGf8.mid",67
4232,137,0.25,"Agnew, Roy, Rural Sketches, ZAGQD_jcGf8.mid",68
137,4232,13/12,"Agnew, Roy, Rural Sketches, ZAGQD_jcGf8.mid",69
4232,4552,7/12,"Agnew, Roy, Rural Sketches, ZAGQD_jcGf8.mid",70
4552,4424,0.25,"Agnew, Roy, Rural Sketches, ZAGQD_jcGf8.mid",71
4424,295168,1/6,"Agnew, Roy, Rural Sketches, ZAGQD_jcGf8.mid",72
295168,299264,1.0,"Agnew, Roy, Rural Sketches, ZAGQD_jcGf8.mid",73
299264,33024,2/3,"Agnew, Roy, Rural Sketches, ZAGQD_jcGf8.mid",74
33024,34048,1/3,"Agnew, Roy, Rural Sketches, ZAGQD_jcGf8.mid",75
34048,1280,1/3,"Agnew, Roy, Rural Sketches, ZAGQD_jcGf8.mid",76
1280,1280,1/6,"Agnew, Roy, Rural Sketches, ZAGQD_jcGf8.mid",77
1280,5410,5/12,"Agnew, Roy, Rural Sketches, ZAGQD_jcGf8.mid",78
5410,4386,1/12,"Agnew, Roy, Rural Sketches, ZAGQD_jcGf8.mid",79
4386,4386,4/3,"Agnew, Roy, Rural Sketches, ZAGQD_jcGf8.mid",80
4386,5410,1/6,"Agnew, Roy, Rural Sketches, ZAGQD_jcGf8.mid",81
5410,1282,0.5,"Agnew, Roy, Rural Sketches, ZAGQD_jcGf8.mid",82
1282,1282,0.25,"Agnew, Roy, Rural Sketches, ZAGQD_jcGf8.mid",83
1282,1290,0.75,"Agnew, Roy, Rural Sketches, ZAGQD_jcGf8.mid",84
1290,1354,1/3,"Agnew, Roy, Rural Sketches, ZAGQD_jcGf8.mid",85
1354,330,1/6,"Agnew, Roy, Rural Sketches, ZAGQD_jcGf8.mid",86
330,330,0.5,"Agnew, Roy, Rural Sketches, ZAGQD_jcGf8.mid",87
330,362,1/6,"Agnew, Roy, Rural Sketches, ZAGQD_jcGf8.mid",88
362,362,1/6,"Agnew, Roy, Rural Sketches, ZAGQD_jcGf8.mid",89
362,362,0.25,"Agnew, Roy, Rural Sketches, ZAGQD_jcGf8.mid",90
362,354,0.75,"Agnew, Roy, Rural Sketches, ZAGQD_jcGf8.mid",91
354,362,2/3,"Agnew, Roy, Rural Sketches, ZAGQD_jcGf8.mid",92
362,2,0.25,"Agnew, Roy, Rural Sketches, ZAGQD_jcGf8.mid",93
2,426240,0.25,"Agnew, Roy, Rural Sketches, ZAGQD_jcGf8.mid",94
426240,4458,1/12,"Agnew, Roy, Rural Sketches, ZAGQD_jcGf8.mid",95
4458,4450,1/6,"Agnew, Roy, Rural Sketches, ZAGQD_jcGf8.mid",96
4450,4386,0.5,"Agnew, Roy, Rural Sketches, ZAGQD_jcGf8.mid",97
4386,5410,0.25,"Agnew, Roy, Rural Sketches, ZAGQD_jcGf8.mid",98
5410,1314,0.5,"Agnew, Roy, Rural Sketches, ZAGQD_jcGf8.mid",99
1314,1314,0.25,"Agnew, Roy, Rural Sketches, ZAGQD_jcGf8.mid",100
1314,290,0.75,"Agnew, Roy, Rural Sketches, ZAGQD_jcGf8.mid",101
290,290,1.25,"Agnew, Roy, Rural Sketches, ZAGQD_jcGf8.mid",102
290,290,0.25,"Agnew, Roy, Rural Sketches, ZAGQD_jcGf8.mid",103
290,1189888,1/12,"Agnew, Roy, Rural Sketches, ZAGQD_jcGf8.mid",104
1189888,1468416,1/12,"Agnew, Roy, Rural Sketches, ZAGQD_jcGf8.mid",105
1468416,1468416,1/12,"Agnew, Roy, Rural Sketches, ZAGQD_jcGf8.mid",106
1468416,288768,1/12,"Agnew, Roy, Rural Sketches, ZAGQD_jcGf8.mid",107
288768,288768,11/12,"Agnew, Roy, Rural Sketches, ZAGQD_jcGf8.mid",108
288768,288768,5/6,"Agnew, Roy, Rural Sketches, ZAGQD_jcGf8.mid",109
288768,2385920,0.25,"Agnew, Roy, Rural Sketches, ZAGQD_jcGf8.mid",110
2385920,2385920,5/12,"Agnew, Roy, Rural Sketches, ZAGQD_jcGf8.mid",111
2385920,3467264,2/3,"Agnew, Roy, Rural Sketches, ZAGQD_jcGf8.mid",112
3467264,3442688,1/12,"Agnew, Roy, Rural Sketches, ZAGQD_jcGf8.mid",113
3442688,3450880,0.25,"Agnew, Roy, Rural Sketches, ZAGQD_jcGf8.mid",114
3450880,2402304,1/12,"Agnew, Roy, Rural Sketches, ZAGQD_jcGf8.mid",115
2402304,2140160,1/6,"Agnew, Roy, Rural Sketches, ZAGQD_jcGf8.mid",116
2140160,8712,5/12,"Agnew, Roy, Rural Sketches, ZAGQD_jcGf8.mid",117
8712,8776,1.0,"Agnew, Roy, Rural Sketches, ZAGQD_jcGf8.mid",118
8776,8776,5/6,"Agnew, Roy, Rural Sketches, ZAGQD_jcGf8.mid",119
8776,41536,0.25,"Agnew, Roy, Rural Sketches, ZAGQD_jcGf8.mid",120
41536,107328,0.5,"Agnew, Roy, Rural Sketches, ZAGQD_jcGf8.mid",121
107328,3516416,0.5,"Agnew, Roy, Rural Sketches, ZAGQD_jcGf8.mid",122
3516416,3508224,1/6,"Agnew, Roy, Rural Sketches, ZAGQD_jcGf8.mid",123
3508224,3508224,1/12,"Agnew, Roy, Rural Sketches, ZAGQD_jcGf8.mid",124
3508224,520,0.75,"Agnew, Roy, Rural Sketches, ZAGQD_jcGf8.mid",125
520,3516416,0.25,"Agnew, Roy, Rural Sketches, ZAGQD_jcGf8.mid",126
3516416,3450880,5/12,"Agnew, Roy, Rural Sketches, ZAGQD_jcGf8.mid",127
3450880,3450880,1/12,"Agnew, Roy, Rural Sketches, ZAGQD_jcGf8.mid",128
3450880,8776,7/12,"Agnew, Roy, Rural Sketches, ZAGQD_jcGf8.mid",129
8776,586,2/3,"Agnew, Roy, Rural Sketches, ZAGQD_jcGf8.mid",130
586,41536,0.75,"Agnew, Roy, Rural Sketches, ZAGQD_jcGf8.mid",131
41536,41792,1/12,"Agnew, Roy, Rural Sketches, ZAGQD_jcGf8.mid",132
41792,41792,5/6,"Agnew, Roy, Rural Sketches, ZAGQD_jcGf8.mid",133
41792,303872,1/12,"Agnew, Roy, Rural Sketches, ZAGQD_jcGf8.mid",134
303872,303616,0.25,"Agnew, Roy, Rural Sketches, ZAGQD_jcGf8.mid",135
303616,303616,1/3,"Agnew, Roy, Rural Sketches, ZAGQD_jcGf8.mid",136
303616,41536,11/12,"Agnew, Roy, Rural Sketches, ZAGQD_jcGf8.mid",137
41536,586,1.0,"Agnew, Roy, Rural Sketches, ZAGQD_jcGf8.mid",138
586,586,13/12,"Agnew, Roy, Rural Sketches, ZAGQD_jcGf8.mid",139
586,41552,1/6,"Agnew, Roy, Rural Sketches, ZAGQD_jcGf8.mid",140
41552,43856,1/3,"Agnew, Roy, Rural Sketches, ZAGQD_jcGf8.mid",141
43856,43856,1/12,"Agnew, Roy, Rural Sketches, ZAGQD_jcGf8.mid",142
43856,2320,1/12,"Agnew, Roy, Rural Sketches, ZAGQD_jcGf8.mid",143
2320,2320,0.5,"Agnew, Roy, Rural Sketches, ZAGQD_jcGf8.mid",144
2320,2320,5/6,"Agnew, Roy, Rural Sketches, ZAGQD_jcGf8.mid",145
2320,6416,2/3,"Agnew, Roy, Rural Sketches, ZAGQD_jcGf8.mid",146
6416,47376,1.0,"Agnew, Roy, Rural Sketches, ZAGQD_jcGf8.mid",147
47376,63760,1/6,"Agnew, Roy, Rural Sketches, ZAGQD_jcGf8.mid",148
63760,63760,1/12,"Agnew, Roy, Rural Sketches, ZAGQD_jcGf8.mid",149
63760,22800,1/12,"Agnew, Roy, Rural Sketches, ZAGQD_jcGf8.mid",150
22800,18704,2/3,"Agnew, Roy, Rural Sketches, ZAGQD_jcGf8.mid",151
18704,16,8/3,"Agnew, Roy, Rural Sketches, ZAGQD_jcGf8.mid",152
16,2308,0.25,"Agnew, Roy, Rural Sketches, ZAGQD_jcGf8.mid",153
2308,2324,0.75,"Agnew, Roy, Rural Sketches, ZAGQD_jcGf8.mid",154
2324,2388,2/3,"Agnew, Roy, Rural Sketches, ZAGQD_jcGf8.mid",155
2388,340,1/12,"Agnew, Roy, Rural Sketches, ZAGQD_jcGf8.mid",156
340,2388,11/12,"Agnew, Roy, Rural Sketches, ZAGQD_jcGf8.mid",157
2388,2128,1/12,"Agnew, Roy, Rural Sketches, ZAGQD_jcGf8.mid",158
2128,2384,0.25,"Agnew, Roy, Rural Sketches, ZAGQD_jcGf8.mid",159
2384,2320,1.0,"Agnew, Roy, Rural Sketches, ZAGQD_jcGf8.mid",160
2320,2320,1.0,"Agnew, Roy, Rural Sketches, ZAGQD_jcGf8.mid",161
2320,6488,0.25,"Agnew, Roy, Rural Sketches, ZAGQD_jcGf8.mid",162
6488,4168,17/12,"Agnew, Roy, Rural Sketches, ZAGQD_jcGf8.mid",163
4168,14408,1/12,"Agnew, Roy, Rural Sketches, ZAGQD_jcGf8.mid",164
14408,10248,1.25,"Agnew, Roy, Rural Sketches, ZAGQD_jcGf8.mid",165
10248,10248,1.25,"Agnew, Roy, Rural Sketches, ZAGQD_jcGf8.mid",166
10248,10380,1/12,"Agnew, Roy, Rural Sketches, ZAGQD_jcGf8.mid",167
10380,10380,1/12,"Agnew, Roy, Rural Sketches, ZAGQD_jcGf8.mid",168
10380,2188,1/12,"Agnew, Roy, Rural Sketches, ZAGQD_jcGf8.mid",169
2188,2180,1.25,"Agnew, Roy, Rural Sketches, ZAGQD_jcGf8.mid",170
2180,2180,1.25,"Agnew, Roy, Rural Sketches, ZAGQD_jcGf8.mid",171
2180,2196,1.0,"Agnew, Roy, Rural Sketches, ZAGQD_jcGf8.mid",172
2196,2260,0.75,"Agnew, Roy, Rural Sketches, ZAGQD_jcGf8.mid",173
2260,2260,0.25,"Agnew, Roy, Rural Sketches, ZAGQD_jcGf8.mid",174
2260,2256,1/3,"Agnew, Roy, Rural Sketches, ZAGQD_jcGf8.mid",175
2256,67712,1/6,"Agnew, Roy, Rural Sketches, ZAGQD_jcGf8.mid",176
67712,82560,0.25,"Agnew, Roy, Rural Sketches, ZAGQD_jcGf8.mid",177
82560,541184,0.75,"Agnew, Roy, Rural Sketches, ZAGQD_jcGf8.mid",178
541184,551424,0.25,"Agnew, Roy, Rural Sketches, ZAGQD_jcGf8.mid",179
551424,550912,1/12,"Agnew, Roy, Rural Sketches, ZAGQD_jcGf8.mid",180
550912,26624,1/6,"Agnew, Roy, Rural Sketches, ZAGQD_jcGf8.mid",181
26624,10240,2/3,"Agnew, Roy, Rural Sketches, ZAGQD_jcGf8.mid",182
10240,26624,5/6,"Agnew, Roy, Rural Sketches, ZAGQD_jcGf8.mid",183
26624,27136,1/3,"Agnew, Roy, Rural Sketches, ZAGQD_jcGf8.mid",184
27136,16896,1/12,"Agnew, Roy, Rural Sketches, ZAGQD_jcGf8.mid",185
16896,512,5/12,"Agnew, Roy, Rural Sketches, ZAGQD_jcGf8.mid",186
512,66048,2/3,"Agnew, Roy, Rural Sketches, ZAGQD_jcGf8.mid",187
66048,590336,1.0,"Agnew, Roy, Rural Sketches, ZAGQD_jcGf8.mid",188
590336,594432,1.0,"Agnew, Roy, Rural Sketches, ZAGQD_jcGf8.mid",189
594432,864768,0.25,"Agnew, Roy, Rural Sketches, ZAGQD_jcGf8.mid",190
864768,8272,1/12,"Agnew, Roy, Rural Sketches, ZAGQD_jcGf8.mid",191
8272,66,2/3,"Agnew, Roy, Rural Sketches, ZAGQD_jcGf8.mid",192
66,8256,0.75,"Agnew, Roy, Rural Sketches, ZAGQD_jcGf8.mid",193
8256,271360,0.25,"Agnew, Roy, Rural Sketches, ZAGQD_jcGf8.mid",194
271360,271360,0.5,"Agnew, Roy, Rural Sketches, ZAGQD_jcGf8.mid",195
271360,338944,0.5,"Agnew, Roy, Rural Sketches, ZAGQD_jcGf8.mid",196
338944,338944,1/3,"Agnew, Roy, Rural Sketches, ZAGQD_jcGf8.mid",197
338944,2432000,1/6,"Agnew, Roy, Rural Sketches, ZAGQD_jcGf8.mid",198
2432000,577,0.75,"Agnew, Roy, Rural Sketches, ZAGQD_jcGf8.mid",199
577,581,1.0,"Agnew, Roy, Rural Sketches, ZAGQD_jcGf8.mid",200
581,2447360,1/12,"Agnew, Roy, Rural Sketches, ZAGQD_jcGf8.mid",201
2447360,83968,1/6,"Agnew, Roy, Rural Sketches, ZAGQD_jcGf8.mid",202
83968,83968,1.0,"Agnew, Roy, Rural Sketches, ZAGQD_jcGf8.mid",203
83968,83968,0.5,"Agnew, Roy, Rural Sketches, ZAGQD_jcGf8.mid",204
83968,83968,1.0,"Agnew, Roy, Rural Sketches, ZAGQD_jcGf8.mid",205
83968,89088,0.25,"Agnew, Roy, Rural Sketches, ZAGQD_jcGf8.mid",206
89088,89088,0.25,"Agnew, Roy, Rural Sketches, ZAGQD_jcGf8.mid",207
89088,5120,0.5,"Agnew, Roy, Rural Sketches, ZAGQD_jcGf8.mid",208
5120,594944,1.0,"Agnew, Roy, Rural Sketches, ZAGQD_jcGf8.mid",209
594944,594944,1.0,"Agnew, Roy, Rural Sketches, ZAGQD_jcGf8.mid",210
594944,610816,1.0,"Agnew, Roy, Rural Sketches, ZAGQD_jcGf8.mid",211
610816,611072,0.25,"Agnew, Roy, Rural Sketches, ZAGQD_jcGf8.mid",212
611072,594176,1/12,"Agnew, Roy, Rural Sketches, ZAGQD_jcGf8.mid",213
594176,69888,7/6,"Agnew, Roy, Rural Sketches, ZAGQD_jcGf8.mid",214
69888,4376,0.25,"Agnew, Roy, Rural Sketches, ZAGQD_jcGf8.mid",215
4376,4376,1.25,"Agnew, Roy, Rural Sketches, ZAGQD_jcGf8.mid",216
4376,102656,5/3,"Agnew, Roy, Rural Sketches, ZAGQD_jcGf8.mid",217
102656,119040,13/12,"Agnew, Roy, Rural Sketches, ZAGQD_jcGf8.mid",218
119040,49408,1.25,"Agnew, Roy, Rural Sketches, ZAGQD_jcGf8.mid",219
49408,8,5/6,"Agnew, Roy, Rural Sketches, ZAGQD_jcGf8.mid",220
8,16640,2/3,"Agnew, Roy, Rural Sketches, ZAGQD_jcGf8.mid",221
16640,215296,0.25,"Agnew, Roy, Rural Sketches, ZAGQD_jcGf8.mid",222
215296,198912,1/12,"Agnew, Roy, Rural Sketches, ZAGQD_jcGf8.mid",223
198912,1247232,1.25,"Agnew, Roy, Rural Sketches, ZAGQD_jcGf8.mid",224
1247232,1263616,0.75,"Agnew, Roy, Rural Sketches, ZAGQD_jcGf8.mid",225
1263616,1263616,1/6,"Agnew, Roy, Rural Sketches, ZAGQD_jcGf8.mid",226
1263616,1263616,5/6,"Agnew, Roy, Rural Sketches, ZAGQD_jcGf8.mid",227
1263616,1787904,2/3,"Agnew, Roy, Rural Sketches, ZAGQD_jcGf8.mid",228
1787904,1656832,1/12,"Agnew, Roy, Rural Sketches, ZAGQD_jcGf8.mid",229
1656832,19376,0.25,"Agnew, Roy, Rural Sketches, ZAGQD_jcGf8.mid",230
19376,2608,1.75,"Agnew, Roy, Rural Sketches, ZAGQD_jcGf8.mid",231
2608,2736,0.25,"Agnew, Roy, Rural Sketches, ZAGQD_jcGf8.mid",232
2736,133760,1.0,"Agnew, Roy, Rural Sketches, ZAGQD_jcGf8.mid",233
133760,133760,1/3,"Agnew, Roy, Rural Sketches, ZAGQD_jcGf8.mid",234
133760,134784,1/12,"Agnew, Roy, Rural Sketches, ZAGQD_jcGf8.mid",235
134784,134272,7/3,"Agnew, Roy, Rural Sketches, ZAGQD_jcGf8.mid",236
134272,3106,0.25,"Agnew, Roy, Rural Sketches, ZAGQD_jcGf8.mid",237
3106,2082,1.0,"Agnew, Roy, Rural Sketches, ZAGQD_jcGf8.mid",238
2082,2082,4.0,"Agnew, Roy, Rural Sketches, ZAGQD_jcGf8.mid",239
2082,2082,0.75,"Agnew, Roy, Rural Sketches, ZAGQD_jcGf8.mid",240
2082,2082,1.5,"Agnew, Roy, Rural Sketches, ZAGQD_jcGf8.mid",241
2082,2338,0.75,"Agnew, Roy, Rural Sketches, ZAGQD_jcGf8.mid",242
2338,288,1/3,"Agnew, Roy, Rural Sketches, ZAGQD_jcGf8.mid",243
288,1312,2/3,"Agnew, Roy, Rural Sketches, ZAGQD_jcGf8.mid",244
1312,1312,1/3,"Agnew, Roy, Rural Sketches, ZAGQD_jcGf8.mid",245
1312,3360,11/12,"Agnew, Roy, Rural Sketches, ZAGQD_jcGf8.mid",246
3360,11552,0.75,"Agnew, Roy, Rural Sketches, ZAGQD_jcGf8.mid",247
11552,27936,1.0,"Agnew, Roy, Rural Sketches, ZAGQD_jcGf8.mid",248
27936,10528,1/12,"Agnew, Roy, Rural Sketches, ZAGQD_jcGf8.mid",249
10528,141568,1/6,"Agnew, Roy, Rural Sketches, ZAGQD_jcGf8.mid",250
141568,141312,1/12,"Agnew, Roy, Rural Sketches, ZAGQD_jcGf8.mid",251
141312,34,1/6,"Agnew, Roy, Rural Sketches, ZAGQD_jcGf8.mid",252
34,32,0.5,"Agnew, Roy, Rural Sketches, ZAGQD_jcGf8.mid",253
32,2048,1.25,"Agnew, Roy, Rural Sketches, ZAGQD_jcGf8.mid",254
2048,3072,5/12,"Agnew, Roy, Rural Sketches, ZAGQD_jcGf8.mid",255
3072,1024,13/12,"Agnew, Roy, Rural Sketches, ZAGQD_jcGf8.mid",256
1024,1536,0.5,"Agnew, Roy, Rural Sketches, ZAGQD_jcGf8.mid",257
1536,512,5/12,"Agnew, Roy, Rural Sketches, ZAGQD_jcGf8.mid",258
512,640,1/3,"Agnew, Roy, Rural Sketches, ZAGQD_jcGf8.mid",259
640,640,0.5,"Agnew, Roy, Rural Sketches, ZAGQD_jcGf8.mid",260
640,524544,1/6,"Agnew, Roy, Rural Sketches, ZAGQD_jcGf8.mid",261
524544,256,2/3,"Agnew, Roy, Rural Sketches, ZAGQD_jcGf8.mid",262
256,768,1/6,"Agnew, Roy, Rural Sketches, ZAGQD_jcGf8.mid",263
768,512,5/6,"Agnew, Roy, Rural Sketches, ZAGQD_jcGf8.mid",264
512,16896,1/6,"Agnew, Roy, Rural Sketches, ZAGQD_jcGf8.mid",265
16896,597,1/12,"Agnew, Roy, Rural Sketches, ZAGQD_jcGf8.mid",266
597,85,17/12,"Agnew, Roy, Rural Sketches, ZAGQD_jcGf8.mid",267
85,85,1.0,"Agnew, Roy, Rural Sketches, ZAGQD_jcGf8.mid",268
85,85,1/12,"Agnew, Roy, Rural Sketches, ZAGQD_jcGf8.mid",269
85,81,11/12,"Agnew, Roy, Rural Sketches, ZAGQD_jcGf8.mid",270
81,81,1.0,"Agnew, Roy, Rural Sketches, ZAGQD_jcGf8.mid",271
81,81,0.25,"Agnew, Roy, Rural Sketches, ZAGQD_jcGf8.mid",272
81,81,1/12,"Agnew, Roy, Rural Sketches, ZAGQD_jcGf8.mid",273
81,81,1/6,"Agnew, Roy, Rural Sketches, ZAGQD_jcGf8.mid",274
81,81,1/6,"Agnew, Roy, Rural Sketches, ZAGQD_jcGf8.mid",275
81,81,1/6,"Agnew, Roy, Rural Sketches, ZAGQD_jcGf8.mid",276
81,4112,1/6,"Agnew, Roy, Rural Sketches, ZAGQD_jcGf8.mid",277
4112,16,0.25,"Agnew, Roy, Rural Sketches, ZAGQD_jcGf8.mid",278
16,4120,7/12,"Agnew, Roy, Rural Sketches, ZAGQD_jcGf8.mid",279
4120,4104,1/6,"Agnew, Roy, Rural Sketches, ZAGQD_jcGf8.mid",280
4104,4120,0.25,"Agnew, Roy, Rural Sketches, ZAGQD_jcGf8.mid",281
4120,16,0.75,"Agnew, Roy, Rural Sketches, ZAGQD_jcGf8.mid",282
16,2592,19/12,"Agnew, Roy, Rural Sketches, ZAGQD_jcGf8.mid",283
2592,18976,2/3,"Agnew, Roy, Rural Sketches, ZAGQD_jcGf8.mid",284
18976,18976,1/3,"Agnew, Roy, Rural Sketches, ZAGQD_jcGf8.mid",285
18976,19104,4/3,"Agnew, Roy, Rural Sketches, ZAGQD_jcGf8.mid",286
19104,19104,5/12,"Agnew, Roy, Rural Sketches, ZAGQD_jcGf8.mid",287
19104,132,2/3,"Agnew, Roy, Rural Sketches, ZAGQD_jcGf8.mid",288
132,133,5/12,"Agnew, Roy, Rural Sketches, ZAGQD_jcGf8.mid",289
133,129,0.5,"Agnew, Roy, Rural Sketches, ZAGQD_jcGf8.mid",290
129,4240,1/12,"Agnew, Roy, Rural Sketches, ZAGQD_jcGf8.mid",291
4240,144,0.25,"Agnew, Roy, Rural Sketches, ZAGQD_jcGf8.mid",292
144,144,1/3,"Agnew, Roy, Rural Sketches, ZAGQD_jcGf8.mid",293
144,4240,1/6,"Agnew, Roy, Rural Sketches, ZAGQD_jcGf8.mid",294
4240,4272,1/6,"Agnew, Roy, Rural Sketches, ZAGQD_jcGf8.mid",295
4272,4256,0.25,"Agnew, Roy, Rural Sketches, ZAGQD_jcGf8.mid",296
4256,4128,5/12,"Agnew, Roy, Rural Sketches, ZAGQD_jcGf8.mid",297
4128,4384,1/6,"Agnew, Roy, Rural Sketches, ZAGQD_jcGf8.mid",298
4384,4388,1/3,"Agnew, Roy, Rural Sketches, ZAGQD_jcGf8.mid",299
4388,4388,5/3,"Agnew, Roy, Rural Sketches, ZAGQD_jcGf8.mid",300
4388,4516,0.5,"Agnew, Roy, Rural Sketches, ZAGQD_jcGf8.mid",301
4516,4260,1.25,"Agnew, Roy, Rural Sketches, ZAGQD_jcGf8.mid",302
4260,4276,1/12,"Agnew, Roy, Rural Sketches, ZAGQD_jcGf8.mid",303
4276,4244,17/12,"Agnew, Roy, Rural Sketches, ZAGQD_jcGf8.mid",304
4244,4252,0.5,"Agnew, Roy, Rural Sketches, ZAGQD_jcGf8.mid",305
4252,4236,0.75,"Agnew, Roy, Rural Sketches, ZAGQD_jcGf8.mid",306
4236,4228,0.75,"Agnew, Roy, Rural Sketches, ZAGQD_jcGf8.mid",307
4228,4100,0.25,"Agnew, Roy, Rural Sketches, ZAGQD_jcGf8.mid",308
4100,1,2.0,"Agnew, Roy, Rural Sketches, ZAGQD_jcGf8.mid",309
1,8,1/3,"Agnew, Roy, Rural Sketches, ZAGQD_jcGf8.mid",310
8,32800,4/3,"Agnew, Roy, Rural Sketches, ZAGQD_jcGf8.mid",311
32800,164096,1/3,"Agnew, Roy, Rural Sketches, ZAGQD_jcGf8.mid",312
164096,33024,2/3,"Agnew, Roy, Rural Sketches, ZAGQD_jcGf8.mid",313
33024,34048,1/3,"Agnew, Roy, Rural Sketches, ZAGQD_jcGf8.mid",314
34048,33792,1/12,"Agnew, Roy, Rural Sketches, ZAGQD_jcGf8.mid",315
33792,1024,11/12,"Agnew, Roy, Rural Sketches, ZAGQD_jcGf8.mid",316
1024,5256,1/3,"Agnew, Roy, Rural Sketches, ZAGQD_jcGf8.mid",317
5256,4232,19/6,"Agnew, Roy, Rural Sketches, ZAGQD_jcGf8.mid",318
4232,137,0.5,"Agnew, Roy, Rural Sketches, ZAGQD_jcGf8.mid",319
137,137,0.75,"Agnew, Roy, Rural Sketches, ZAGQD_jcGf8.mid",320
137,137,0.25,"Agnew, Roy, Rural Sketches, ZAGQD_jcGf8.mid",321
137,393,0.75,"Agnew, Roy, Rural Sketches, ZAGQD_jcGf8.mid",322
393,393,1/12,"Agnew, Roy, Rural Sketches, ZAGQD_jcGf8.mid",323
393,37248,5/12,"Agnew, Roy, Rural Sketches, ZAGQD_jcGf8.mid",324
37248,168320,1/12,"Agnew, Roy, Rural Sketches, ZAGQD_jcGf8.mid",325
168320,168320,2/3,"Agnew, Roy, Rural Sketches, ZAGQD_jcGf8.mid",326
168320,37152,0.25,"Agnew, Roy, Rural Sketches, ZAGQD_jcGf8.mid",327
37152,168192,0.75,"Agnew, Roy, Rural Sketches, ZAGQD_jcGf8.mid",328
168192,168192,1/3,"Agnew, Roy, Rural Sketches, ZAGQD_jcGf8.mid",329
168192,169216,0.25,"Agnew, Roy, Rural Sketches, ZAGQD_jcGf8.mid",330
169216,1217536,5/12,"Agnew, Roy, Rural Sketches, ZAGQD_jcGf8.mid",331
1217536,164864,1.25,"Agnew, Roy, Rural Sketches, ZAGQD_jcGf8.mid",332
164864,693248,1/12,"Agnew, Roy, Rural Sketches, ZAGQD_jcGf8.mid",333
693248,5288,1/3,"Agnew, Roy, Rural Sketches, ZAGQD_jcGf8.mid",334
5288,4264,1/12,"Agnew, Roy, Rural Sketches, ZAGQD_jcGf8.mid",335
4264,4232,1.25,"Agnew, Roy, Rural Sketches, ZAGQD_jcGf8.mid",336
4232,4232,3.0,"Agnew, Roy, Rural Sketches, ZAGQD_jcGf8.mid",337
4232,8,0.25,"Agnew, Roy, Rural Sketches, ZAGQD_jcGf8.mid",338
8,137,0.25,"Agnew, Roy, Rural Sketches, ZAGQD_jcGf8.mid",339
137,4232,0.5,"Agnew, Roy, Rural Sketches, ZAGQD_jcGf8.mid",340
4232,8,10/3,"Agnew, Roy, Rural Sketches, ZAGQD_jcGf8.mid",341
8,129,4.0,"Agnew, Roy, Rural Sketches, ZAGQD_jcGf8.mid",342
129,129,3.0,"Agnew, Roy, Rural Sketches, ZAGQD_jcGf8.mid",343
129,32832,1.5,"Agnew, Roy, Rural Sketches, ZAGQD_jcGf8.mid",344
32832,164160,0.75,"Agnew, Roy, Rural Sketches, ZAGQD_jcGf8.mid",345
164160,131328,0.75,"Agnew, Roy, Rural Sketches, ZAGQD_jcGf8.mid",346
131328,393472,1/6,"Agnew, Roy, Rural Sketches, ZAGQD_jcGf8.mid",347
393472,394496,1/3,"Agnew, Roy, Rural Sketches, ZAGQD_jcGf8.mid",348
394496,263168,1.0,"Agnew, Roy, Rural Sketches, ZAGQD_jcGf8.mid",349
263168,9216,0.25,"Agnew, Roy, Rural Sketches, ZAGQD_jcGf8.mid",350
9216,271360,1/6,"Agnew, Roy, Rural Sketches, ZAGQD_jcGf8.mid",351
271360,1090,1/3,"Agnew, Roy, Rural Sketches, ZAGQD_jcGf8.mid",352
1090,1026,1.25,"Agnew, Roy, Rural Sketches, ZAGQD_jcGf8.mid",353
1026,1539,0.25,"Agnew, Roy, Rural Sketches, ZAGQD_jcGf8.mid",354
1539,513,0.75,"Agnew, Roy, Rural Sketches, ZAGQD_jcGf8.mid",355
513,513,3.0,"Agnew, Roy, Rural Sketches, ZAGQD_jcGf8.mid",356
513,521,0.5,"Agnew, Roy, Rural Sketches, ZAGQD_jcGf8.mid",357
521,9,0.5,"Agnew, Roy, Rural Sketches, ZAGQD_jcGf8.mid",358
9,9,4.0,"Agnew, Roy, Rural Sketches, ZAGQD_jcGf8.mid",359
9,157,1/3,"Agnew, Roy, Rural Sketches, ZAGQD_jcGf8.mid",360
157,149,11/3,"Agnew, Roy, Rural Sketches, ZAGQD_jcGf8.mid",361
149,149,1.25,"Agnew, Roy, Rural Sketches, ZAGQD_jcGf8.mid",362
149,693,5/12,"Agnew, Roy, Rural Sketches, ZAGQD_jcGf8.mid",363
693,545,7/3,"Agnew, Roy, Rural Sketches, ZAGQD_jcGf8.mid",364
545,1,1.0,"Agnew, Roy, Rural Sketches, ZAGQD_jcGf8.mid",365
1,545,1.0,"Agnew, Roy, Rural Sketches, ZAGQD_jcGf8.mid",366
545,693,0.25,"Agnew, Roy, Rural Sketches, ZAGQD_jcGf8.mid",367
693,149,0.25,"Agnew, Roy, Rural Sketches, ZAGQD_jcGf8.mid",368
149,149,5/6,"Agnew, Roy, Rural Sketches, ZAGQD_jcGf8.mid",369
149,145,5/3,"Agnew, Roy, Rural Sketches, ZAGQD_jcGf8.mid",370
145,145,4.0,"Agnew, Roy, Rural Sketches, ZAGQD_jcGf8.mid",371
145,145,4.0,"Agnew, Roy, Rural Sketches, ZAGQD_jcGf8.mid",372
145,145,1.0,"Agnew, Roy, Rural Sketches, ZAGQD_jcGf8.mid",373
