lookback_1,label,duration,file,position
START,Minor Seventh above F#,0.25,"Agnew, Roy, 2 Piano Pieces, FxJoaQcBkvw.mid",0
Minor Seventh above F#,E,5/12,"Agnew, Roy, 2 Piano Pieces, FxJoaQcBkvw.mid",1
E,E,1/12,"Agnew, Roy, 2 Piano Pieces, FxJoaQcBkvw.mid",2
E,F,2/3,"Agnew, Roy, 2 Piano Pieces, FxJoaQcBkvw.mid",3
F,Minor Sixth above A,2/3,"Agnew, Roy, 2 Piano Pieces, FxJoaQcBkvw.mid",4
Minor Sixth above A,F-major triad,0.25,"Agnew, Roy, 2 Piano Pieces, FxJoaQcBkvw.mid",5
F-major triad,F-major triad,1/6,"Agnew, Roy, 2 Piano Pieces, FxJoaQcBkvw.mid",6
F-major triad,Minor Third above A,1/6,"Agnew, Roy, 2 Piano Pieces, FxJoaQcBkvw.mid",7
Minor Third above A,C-incomplete major-seventh chord,1/12,"Agnew, Roy, 2 Piano Pieces, FxJoaQcBkvw.mid",8
C-incomplete major-seventh chord,Perfect Fourth above B,1/6,"Agnew, Roy, 2 Piano Pieces, FxJoaQcBkvw.mid",9
Perfect Fourth above B,E,0.25,"Agnew, Roy, 2 Piano Pieces, FxJoaQcBkvw.mid",10
E,Major Sixth above G,7/12,"Agnew, Roy, 2 Piano Pieces, FxJoaQcBkvw.mid",11
Major Sixth above G,C-major triad,5/12,"Agnew, Roy, 2 Piano Pieces, FxJoaQcBkvw.mid",12
C-major triad,C-major triad,0.25,"Agnew, Roy, 2 Piano Pieces, FxJoaQcBkvw.mid",13
C-major triad,C-major triad,0.5,"Agnew, Roy, 2 Piano Pieces, FxJoaQcBkvw.mid",14
C-major triad,C-major-second major tetrachord,0.5,"Agnew, Roy, 2 Piano Pieces, FxJoaQcBkvw.mid",15
C-major-second major tetrachord,C-major-second major tetrachord,2/3,"Agnew, Roy, 2 Piano Pieces, FxJoaQcBkvw.mid",16
C-major-second major tetrachord,C-incomplete major-seventh chord,1/12,"Agnew, Roy, 2 Piano Pieces, FxJoaQcBkvw.mid",17
C-incomplete major-seventh chord,C-incomplete major-seventh chord,1/6,"Agnew, Roy, 2 Piano Pieces, FxJoaQcBkvw.mid",18
C-incomplete major-seventh chord,Perfect Fourth above G,1/3,"Agnew, Roy, 2 Piano Pieces, FxJoaQcBkvw.mid",19
Perfect Fourth above G,F-quartal trichord,0.75,"Agnew, Roy, 2 Piano Pieces, FxJoaQcBkvw.mid",20
F-quartal trichord,F-major-second major tetrachord,5/12,"Agnew, Roy, 2 Piano Pieces, FxJoaQcBkvw.mid",21
F-major-second major tetrachord,F-major triad,1/12,"Agnew, Roy, 2 Piano Pieces, FxJoaQcBkvw.mid",22
F-major triad,Minor Third above A,1/6,"Agnew, Roy, 2 Piano Pieces, FxJoaQcBkvw.mid",23
Minor Third above A,Minor Sixth above E,1/3,"Agnew, Roy, 2 Piano Pieces, FxJoaQcBkvw.mid",24
Minor Sixth above E,Minor Sixth above E,5/3,"Agnew, Roy, 2 Piano Pieces, FxJoaQcBkvw.mid",25
Minor Sixth above E,Minor Seventh above D,1.25,"Agnew, Roy, 2 Piano Pieces, FxJoaQcBkvw.mid",26
Minor Seventh above D,D,1/3,"Agnew, Roy, 2 Piano Pieces, FxJoaQcBkvw.mid",27
D,Major Sixth above D,1/12,"Agnew, Roy, 2 Piano Pieces, FxJoaQcBkvw.mid",28
Major Sixth above D,B,2/3,"Agnew, Roy, 2 Piano Pieces, FxJoaQcBkvw.mid",29
B,C,1.0,"Agnew, Roy, 2 Piano Pieces, FxJoaQcBkvw.mid",30
C,Major Third above C,0.25,"Agnew, Roy, 2 Piano Pieces, FxJoaQcBkvw.mid",31
Major Third above C,C-incomplete major-seventh chord,5/12,"Agnew, Roy, 2 Piano Pieces, FxJoaQcBkvw.mid",32
C-incomplete major-seventh chord,C-major seventh chord,1/3,"Agnew, Roy, 2 Piano Pieces, FxJoaQcBkvw.mid",33
C-major seventh chord,Minor Third above E,1/6,"Agnew, Roy, 2 Piano Pieces, FxJoaQcBkvw.mid",34
Minor Third above E,E,1/12,"Agnew, Roy, 2 Piano Pieces, FxJoaQcBkvw.mid",35
E,B,0.5,"Agnew, Roy, 2 Piano Pieces, FxJoaQcBkvw.mid",36
B,Major Sixth above D,0.75,"Agnew, Roy, 2 Piano Pieces, FxJoaQcBkvw.mid",37
Major Sixth above D,B-incomplete minor-seventh chord,0.5,"Agnew, Roy, 2 Piano Pieces, FxJoaQcBkvw.mid",38
B-incomplete minor-seventh chord,G-major-second major tetrachord,0.75,"Agnew, Roy, 2 Piano Pieces, FxJoaQcBkvw.mid",39
G-major-second major tetrachord,G-major-second major tetrachord,0.25,"Agnew, Roy, 2 Piano Pieces, FxJoaQcBkvw.mid",40
G-major-second major tetrachord,G-major-ninth chord,0.5,"Agnew, Roy, 2 Piano Pieces, FxJoaQcBkvw.mid",41
G-major-ninth chord,G-major-ninth chord,0.5,"Agnew, Roy, 2 Piano Pieces, FxJoaQcBkvw.mid",42
G-major-ninth chord,G,2/3,"Agnew, Roy, 2 Piano Pieces, FxJoaQcBkvw.mid",43
G,G,7/12,"Agnew, Roy, 2 Piano Pieces, FxJoaQcBkvw.mid",44
G,Perfect Fifth above G,0.5,"Agnew, Roy, 2 Piano Pieces, FxJoaQcBkvw.mid",45
Perfect Fifth above G,G-major triad,0.25,"Agnew, Roy, 2 Piano Pieces, FxJoaQcBkvw.mid",46
G-major triad,G-major triad,1/3,"Agnew, Roy, 2 Piano Pieces, FxJoaQcBkvw.mid",47
G-major triad,G-major triad,5/12,"Agnew, Roy, 2 Piano Pieces, FxJoaQcBkvw.mid",48
G-major triad,Perfect Fifth above G,0.25,"Agnew, Roy, 2 Piano Pieces, FxJoaQcBkvw.mid",49
Perfect Fifth above G,Perfect Fifth above G,1/3,"Agnew, Roy, 2 Piano Pieces, FxJoaQcBkvw.mid",50
Perfect Fifth above G,Perfect Fifth above G,1/12,"Agnew, Roy, 2 Piano Pieces, FxJoaQcBkvw.mid",51
Perfect Fifth above G,Perfect Fourth above D,1/12,"Agnew, Roy, 2 Piano Pieces, FxJoaQcBkvw.mid",52
Perfect Fourth above D,Perfect Fifth above G,1/6,"Agnew, Roy, 2 Piano Pieces, FxJoaQcBkvw.mid",53
Perfect Fifth above G,E-tritone-fourth,0.25,"Agnew, Roy, 2 Piano Pieces, FxJoaQcBkvw.mid",54
E-tritone-fourth,Major Seventh above F,1/3,"Agnew, Roy, 2 Piano Pieces, FxJoaQcBkvw.mid",55
Major Seventh above F,D-minor trichord,0.5,"Agnew, Roy, 2 Piano Pieces, FxJoaQcBkvw.mid",56
D-minor trichord,D-minor trichord,1/6,"Agnew, Roy, 2 Piano Pieces, FxJoaQcBkvw.mid",57
D-minor trichord,D-minor trichord,1/6,"Agnew, Roy, 2 Piano Pieces, FxJoaQcBkvw.mid",58
D-minor trichord,F,1/12,"Agnew, Roy, 2 Piano Pieces, FxJoaQcBkvw.mid",59
F,C-major triad,2/3,"Agnew, Roy, 2 Piano Pieces, FxJoaQcBkvw.mid",60
C-major triad,C-major triad,1/3,"Agnew, Roy, 2 Piano Pieces, FxJoaQcBkvw.mid",61
C-major triad,Minor Third above E,1/6,"Agnew, Roy, 2 Piano Pieces, FxJoaQcBkvw.mid",62
Minor Third above E,C-major triad,1/3,"Agnew, Roy, 2 Piano Pieces, FxJoaQcBkvw.mid",63
C-major triad,C,1/6,"Agnew, Roy, 2 Piano Pieces, FxJoaQcBkvw.mid",64
C,Perfect Fifth above F,0.25,"Agnew, Roy, 2 Piano Pieces, FxJoaQcBkvw.mid",65
Perfect Fifth above F,D-incomplete minor-seventh chord,0.5,"Agnew, Roy, 2 Piano Pieces, FxJoaQcBkvw.mid",66
D-incomplete minor-seventh chord,D-minor seventh chord,1/6,"Agnew, Roy, 2 Piano Pieces, FxJoaQcBkvw.mid",67
D-minor seventh chord,D-minor seventh chord,1/12,"Agnew, Roy, 2 Piano Pieces, FxJoaQcBkvw.mid",68
D-minor seventh chord,D-minor seventh chord,1/3,"Agnew, Roy, 2 Piano Pieces, FxJoaQcBkvw.mid",69
D-minor seventh chord,D-minor seventh chord,1/12,"Agnew, Roy, 2 Piano Pieces, FxJoaQcBkvw.mid",70
D-minor seventh chord,D-minor seventh chord,0.25,"Agnew, Roy, 2 Piano Pieces, FxJoaQcBkvw.mid",71
D-minor seventh chord,D-incomplete dominant-seventh chord,1/12,"Agnew, Roy, 2 Piano Pieces, FxJoaQcBkvw.mid",72
D-incomplete dominant-seventh chord,Major Sixth above C,1/12,"Agnew, Roy, 2 Piano Pieces, FxJoaQcBkvw.mid",73
Major Sixth above C,G-major triad,0.5,"Agnew, Roy, 2 Piano Pieces, FxJoaQcBkvw.mid",74
G-major triad,G-major triad,0.5,"Agnew, Roy, 2 Piano Pieces, FxJoaQcBkvw.mid",75
G-major triad,G-major triad,0.25,"Agnew, Roy, 2 Piano Pieces, FxJoaQcBkvw.mid",76
G-major triad,E-minor seventh chord,0.5,"Agnew, Roy, 2 Piano Pieces, FxJoaQcBkvw.mid",77
E-minor seventh chord,E-minor triad,1/6,"Agnew, Roy, 2 Piano Pieces, FxJoaQcBkvw.mid",78
E-minor triad,B,1/12,"Agnew, Roy, 2 Piano Pieces, FxJoaQcBkvw.mid",79
B,B-diminished triad,2/3,"Agnew, Roy, 2 Piano Pieces, FxJoaQcBkvw.mid",80
B-diminished triad,B-diminished triad,0.5,"Agnew, Roy, 2 Piano Pieces, FxJoaQcBkvw.mid",81
B-diminished triad,B-diminished triad,1/12,"Agnew, Roy, 2 Piano Pieces, FxJoaQcBkvw.mid",82
B-diminished triad,G-dominant seventh chord,5/12,"Agnew, Roy, 2 Piano Pieces, FxJoaQcBkvw.mid",83
G-dominant seventh chord,Perfect Fourth above D,1/12,"Agnew, Roy, 2 Piano Pieces, FxJoaQcBkvw.mid",84
Perfect Fourth above D,Minor Third above E,7/12,"Agnew, Roy, 2 Piano Pieces, FxJoaQcBkvw.mid",85
Minor Third above E,C-major triad,2/3,"Agnew, Roy, 2 Piano Pieces, FxJoaQcBkvw.mid",86
C-major triad,C-major triad,0.5,"Agnew, Roy, 2 Piano Pieces, FxJoaQcBkvw.mid",87
C-major triad,Perfect Fifth above C,1/12,"Agnew, Roy, 2 Piano Pieces, FxJoaQcBkvw.mid",88
Perfect Fifth above C,G,1/6,"Agnew, Roy, 2 Piano Pieces, FxJoaQcBkvw.mid",89
G,D-minor seventh chord,0.75,"Agnew, Roy, 2 Piano Pieces, FxJoaQcBkvw.mid",90
D-minor seventh chord,D-minor seventh chord,0.25,"Agnew, Roy, 2 Piano Pieces, FxJoaQcBkvw.mid",91
D-minor seventh chord,D-major pentatonic,7/12,"Agnew, Roy, 2 Piano Pieces, FxJoaQcBkvw.mid",92
D-major pentatonic,G-dominant-eleventh,2/3,"Agnew, Roy, 2 Piano Pieces, FxJoaQcBkvw.mid",93
G-dominant-eleventh,B-minor tetramirror,1/12,"Agnew, Roy, 2 Piano Pieces, FxJoaQcBkvw.mid",94
B-minor tetramirror,Major Second above A,1/6,"Agnew, Roy, 2 Piano Pieces, FxJoaQcBkvw.mid",95
Major Second above A,A,1/12,"Agnew, Roy, 2 Piano Pieces, FxJoaQcBkvw.mid",96
A,F-major-second major tetrachord,2/3,"Agnew, Roy, 2 Piano Pieces, FxJoaQcBkvw.mid",97
F-major-second major tetrachord,F-major-second major tetrachord,0.25,"Agnew, Roy, 2 Piano Pieces, FxJoaQcBkvw.mid",98
F-major-second major tetrachord,F-major-ninth chord,0.5,"Agnew, Roy, 2 Piano Pieces, FxJoaQcBkvw.mid",99
F-major-ninth chord,C-perfect-fourth major tetrachord,1/12,"Agnew, Roy, 2 Piano Pieces, FxJoaQcBkvw.mid",100
C-perfect-fourth major tetrachord,Minor Sixth above E,1/6,"Agnew, Roy, 2 Piano Pieces, FxJoaQcBkvw.mid",101
Minor Sixth above E,E-minor triad,1.0,"Agnew, Roy, 2 Piano Pieces, FxJoaQcBkvw.mid",102
E-minor triad,F-major triad,1.0,"Agnew, Roy, 2 Piano Pieces, FxJoaQcBkvw.mid",103
F-major triad,F-major triad,0.5,"Agnew, Roy, 2 Piano Pieces, FxJoaQcBkvw.mid",104
F-major triad,F-major triad,1/3,"Agnew, Roy, 2 Piano Pieces, FxJoaQcBkvw.mid",105
F-major triad,F-all-interval tetrachord,2/3,"Agnew, Roy, 2 Piano Pieces, FxJoaQcBkvw.mid",106
F-all-interval tetrachord,F-all-interval tetrachord,1/12,"Agnew, Roy, 2 Piano Pieces, FxJoaQcBkvw.mid",107
F-all-interval tetrachord,F-all-interval tetrachord,0.25,"Agnew, Roy, 2 Piano Pieces, FxJoaQcBkvw.mid",108
F-all-interval tetrachord,F-all-interval tetrachord,7/6,"Agnew, Roy, 2 Piano Pieces, FxJoaQcBkvw.mid",109
F-all-interval tetrachord,F-Hirajoshi pentatonic,1.5,"Agnew, Roy, 2 Piano Pieces, FxJoaQcBkvw.mid",110
F-Hirajoshi pentatonic,F-major triad,5/6,"Agnew, Roy, 2 Piano Pieces, FxJoaQcBkvw.mid",111
F-major triad,C-incomplete major-seventh chord,0.75,"Agnew, Roy, 2 Piano Pieces, FxJoaQcBkvw.mid",112
C-incomplete major-seventh chord,Minor Second above B,1/12,"Agnew, Roy, 2 Piano Pieces, FxJoaQcBkvw.mid",113
Minor Second above B,B,1/6,"Agnew, Roy, 2 Piano Pieces, FxJoaQcBkvw.mid",114
B,A,0.75,"Agnew, Roy, 2 Piano Pieces, FxJoaQcBkvw.mid",115
A,Minor Third above A,0.25,"Agnew, Roy, 2 Piano Pieces, FxJoaQcBkvw.mid",116
Minor Third above A,Minor Third above A,5/12,"Agnew, Roy, 2 Piano Pieces, FxJoaQcBkvw.mid",117
Minor Third above A,A-minor triad,7/12,"Agnew, Roy, 2 Piano Pieces, FxJoaQcBkvw.mid",118
A-minor triad,A-minor seventh chord,5/12,"Agnew, Roy, 2 Piano Pieces, FxJoaQcBkvw.mid",119
A-minor seventh chord,Major Second above G,1/12,"Agnew, Roy, 2 Piano Pieces, FxJoaQcBkvw.mid",120
Major Second above G,B,0.25,"Agnew, Roy, 2 Piano Pieces, FxJoaQcBkvw.mid",121
B,B,1/3,"Agnew, Roy, 2 Piano Pieces, FxJoaQcBkvw.mid",122
B,Major Sixth above D,5/12,"Agnew, Roy, 2 Piano Pieces, FxJoaQcBkvw.mid",123
Major Sixth above D,B-incomplete minor-seventh chord,0.75,"Agnew, Roy, 2 Piano Pieces, FxJoaQcBkvw.mid",124
B-incomplete minor-seventh chord,G-major-second major tetrachord,0.5,"Agnew, Roy, 2 Piano Pieces, FxJoaQcBkvw.mid",125
G-major-second major tetrachord,G-major-second major tetrachord,1/3,"Agnew, Roy, 2 Piano Pieces, FxJoaQcBkvw.mid",126
G-major-second major tetrachord,G-major-ninth chord,5/12,"Agnew, Roy, 2 Piano Pieces, FxJoaQcBkvw.mid",127
G-major-ninth chord,G-major-ninth chord,1/3,"Agnew, Roy, 2 Piano Pieces, FxJoaQcBkvw.mid",128
G-major-ninth chord,G-whole-tone trichord,1/12,"Agnew, Roy, 2 Piano Pieces, FxJoaQcBkvw.mid",129
G-whole-tone trichord,Major Second above A,1/12,"Agnew, Roy, 2 Piano Pieces, FxJoaQcBkvw.mid",130
Major Second above A,B,1/12,"Agnew, Roy, 2 Piano Pieces, FxJoaQcBkvw.mid",131
B,Minor Sixth above B,1/6,"Agnew, Roy, 2 Piano Pieces, FxJoaQcBkvw.mid",132
Minor Sixth above B,G,0.5,"Agnew, Roy, 2 Piano Pieces, FxJoaQcBkvw.mid",133
G,G,1/3,"Agnew, Roy, 2 Piano Pieces, FxJoaQcBkvw.mid",134
G,Perfect Fifth above G,2/3,"Agnew, Roy, 2 Piano Pieces, FxJoaQcBkvw.mid",135
Perfect Fifth above G,G-major triad,2/3,"Agnew, Roy, 2 Piano Pieces, FxJoaQcBkvw.mid",136
G-major triad,E-minor seventh chord,7/12,"Agnew, Roy, 2 Piano Pieces, FxJoaQcBkvw.mid",137
E-minor seventh chord,E-minor seventh chord,1/12,"Agnew, Roy, 2 Piano Pieces, FxJoaQcBkvw.mid",138
E-minor seventh chord,B,1/6,"Agnew, Roy, 2 Piano Pieces, FxJoaQcBkvw.mid",139
B,Major Sixth above G,2/3,"Agnew, Roy, 2 Piano Pieces, FxJoaQcBkvw.mid",140
Major Sixth above G,Minor Third above D,2/3,"Agnew, Roy, 2 Piano Pieces, FxJoaQcBkvw.mid",141
Minor Third above D,Minor Third above D,0.25,"Agnew, Roy, 2 Piano Pieces, FxJoaQcBkvw.mid",142
Minor Third above D,D-minor triad,0.25,"Agnew, Roy, 2 Piano Pieces, FxJoaQcBkvw.mid",143
D-minor triad,D-minor triad,0.25,"Agnew, Roy, 2 Piano Pieces, FxJoaQcBkvw.mid",144
D-minor triad,D-minor seventh chord,0.25,"Agnew, Roy, 2 Piano Pieces, FxJoaQcBkvw.mid",145
D-minor seventh chord,D-minor seventh chord,1/12,"Agnew, Roy, 2 Piano Pieces, FxJoaQcBkvw.mid",146
D-minor seventh chord,Minor Third above A,1/6,"Agnew, Roy, 2 Piano Pieces, FxJoaQcBkvw.mid",147
Minor Third above A,E,0.5,"Agnew, Roy, 2 Piano Pieces, FxJoaQcBkvw.mid",148
E,Major Sixth above G,2/3,"Agnew, Roy, 2 Piano Pieces, FxJoaQcBkvw.mid",149
Major Sixth above G,E-phrygian trichord,7/12,"Agnew, Roy, 2 Piano Pieces, FxJoaQcBkvw.mid",150
E-phrygian trichord,E-all-interval tetrachord,0.5,"Agnew, Roy, 2 Piano Pieces, FxJoaQcBkvw.mid",151
E-all-interval tetrachord,E-minor-diminished ninth chord,0.25,"Agnew, Roy, 2 Piano Pieces, FxJoaQcBkvw.mid",152
E-minor-diminished ninth chord,E-minor-diminished ninth chord,0.5,"Agnew, Roy, 2 Piano Pieces, FxJoaQcBkvw.mid",153
E-minor-diminished ninth chord,E-minor-diminished ninth chord,0.5,"Agnew, Roy, 2 Piano Pieces, FxJoaQcBkvw.mid",154
E-minor-diminished ninth chord,E-minor-diminished ninth chord,1/12,"Agnew, Roy, 2 Piano Pieces, FxJoaQcBkvw.mid",155
E-minor-diminished ninth chord,E-all-interval tetrachord,1/12,"Agnew, Roy, 2 Piano Pieces, FxJoaQcBkvw.mid",156
E-all-interval tetrachord,E-minor triad,1/12,"Agnew, Roy, 2 Piano Pieces, FxJoaQcBkvw.mid",157
E-minor triad,C,5/12,"Agnew, Roy, 2 Piano Pieces, FxJoaQcBkvw.mid",158
C,C,7/12,"Agnew, Roy, 2 Piano Pieces, FxJoaQcBkvw.mid",159
C,Perfect Fifth above C,0.5,"Agnew, Roy, 2 Piano Pieces, FxJoaQcBkvw.mid",160
Perfect Fifth above C,C-major triad,0.75,"Agnew, Roy, 2 Piano Pieces, FxJoaQcBkvw.mid",161
C-major triad,C-major triad,0.5,"Agnew, Roy, 2 Piano Pieces, FxJoaQcBkvw.mid",162
C-major triad,C-major triad,0.5,"Agnew, Roy, 2 Piano Pieces, FxJoaQcBkvw.mid",163
C-major triad,Perfect Fifth above C,1/6,"Agnew, Roy, 2 Piano Pieces, FxJoaQcBkvw.mid",164
Perfect Fifth above C,Perfect Fourth above G,1/12,"Agnew, Roy, 2 Piano Pieces, FxJoaQcBkvw.mid",165
Perfect Fourth above G,A-minor triad,0.5,"Agnew, Roy, 2 Piano Pieces, FxJoaQcBkvw.mid",166
A-minor triad,A-minor seventh chord,1/6,"Agnew, Roy, 2 Piano Pieces, FxJoaQcBkvw.mid",167
A-minor seventh chord,A-minor seventh chord,1/3,"Agnew, Roy, 2 Piano Pieces, FxJoaQcBkvw.mid",168
A-minor seventh chord,A-minor seventh chord,1/3,"Agnew, Roy, 2 Piano Pieces, FxJoaQcBkvw.mid",169
A-minor seventh chord,C-major triad,1/6,"Agnew, Roy, 2 Piano Pieces, FxJoaQcBkvw.mid",170
C-major triad,G-major triad,0.5,"Agnew, Roy, 2 Piano Pieces, FxJoaQcBkvw.mid",171
G-major triad,Minor Third above B,1/12,"Agnew, Roy, 2 Piano Pieces, FxJoaQcBkvw.mid",172
Minor Third above B,G-major triad,0.5,"Agnew, Roy, 2 Piano Pieces, FxJoaQcBkvw.mid",173
G-major triad,G-major triad,0.25,"Agnew, Roy, 2 Piano Pieces, FxJoaQcBkvw.mid",174
G-major triad,G-major triad,1/6,"Agnew, Roy, 2 Piano Pieces, FxJoaQcBkvw.mid",175
G-major triad,Perfect Fourth above D,1/12,"Agnew, Roy, 2 Piano Pieces, FxJoaQcBkvw.mid",176
Perfect Fourth above D,G,1/12,"Agnew, Roy, 2 Piano Pieces, FxJoaQcBkvw.mid",177
G,A-incomplete minor-seventh chord,1/12,"Agnew, Roy, 2 Piano Pieces, FxJoaQcBkvw.mid",178
A-incomplete minor-seventh chord,A-incomplete minor-seventh chord,7/12,"Agnew, Roy, 2 Piano Pieces, FxJoaQcBkvw.mid",179
A-incomplete minor-seventh chord,A-minor seventh chord,0.5,"Agnew, Roy, 2 Piano Pieces, FxJoaQcBkvw.mid",180
A-minor seventh chord,A-minor seventh chord,0.5,"Agnew, Roy, 2 Piano Pieces, FxJoaQcBkvw.mid",181
A-minor seventh chord,D-major triad,0.5,"Agnew, Roy, 2 Piano Pieces, FxJoaQcBkvw.mid",182
D-major triad,D-major triad,0.25,"Agnew, Roy, 2 Piano Pieces, FxJoaQcBkvw.mid",183
D-major triad,Perfect Fifth above D,1/3,"Agnew, Roy, 2 Piano Pieces, FxJoaQcBkvw.mid",184
Perfect Fifth above D,B-incomplete minor-seventh chord,5/12,"Agnew, Roy, 2 Piano Pieces, FxJoaQcBkvw.mid",185
B-incomplete minor-seventh chord,B-incomplete minor-seventh chord,1/12,"Agnew, Roy, 2 Piano Pieces, FxJoaQcBkvw.mid",186
B-incomplete minor-seventh chord,Perfect Fourth above A,1/6,"Agnew, Roy, 2 Piano Pieces, FxJoaQcBkvw.mid",187
Perfect Fourth above A,F#-diminished triad,2/3,"Agnew, Roy, 2 Piano Pieces, FxJoaQcBkvw.mid",188
F#-diminished triad,F#-diminished triad,7/12,"Agnew, Roy, 2 Piano Pieces, FxJoaQcBkvw.mid",189
F#-diminished triad,D-dominant seventh chord,0.25,"Agnew, Roy, 2 Piano Pieces, FxJoaQcBkvw.mid",190
D-dominant seventh chord,Perfect Fourth above A,1/6,"Agnew, Roy, 2 Piano Pieces, FxJoaQcBkvw.mid",191
Perfect Fourth above A,D,1/12,"Agnew, Roy, 2 Piano Pieces, FxJoaQcBkvw.mid",192
D,Minor Third above B,0.75,"Agnew, Roy, 2 Piano Pieces, FxJoaQcBkvw.mid",193
Minor Third above B,G-major triad,0.25,"Agnew, Roy, 2 Piano Pieces, FxJoaQcBkvw.mid",194
G-major triad,G-major triad,0.25,"Agnew, Roy, 2 Piano Pieces, FxJoaQcBkvw.mid",195
G-major triad,G-major triad,5/12,"Agnew, Roy, 2 Piano Pieces, FxJoaQcBkvw.mid",196
G-major triad,Perfect Fifth above G,1/12,"Agnew, Roy, 2 Piano Pieces, FxJoaQcBkvw.mid",197
Perfect Fifth above G,F#-half-diminished seventh chord,0.25,"Agnew, Roy, 2 Piano Pieces, FxJoaQcBkvw.mid",198
F#-half-diminished seventh chord,A-minor triad,1/3,"Agnew, Roy, 2 Piano Pieces, FxJoaQcBkvw.mid",199
A-minor triad,A-perfect-fourth minor tetrachord,1/12,"Agnew, Roy, 2 Piano Pieces, FxJoaQcBkvw.mid",200
A-perfect-fourth minor tetrachord,A-perfect-fourth minor tetrachord,1/12,"Agnew, Roy, 2 Piano Pieces, FxJoaQcBkvw.mid",201
A-perfect-fourth minor tetrachord,A-dorian pentachord,0.25,"Agnew, Roy, 2 Piano Pieces, FxJoaQcBkvw.mid",202
A-dorian pentachord,A-perfect-fourth minor tetrachord,0.25,"Agnew, Roy, 2 Piano Pieces, FxJoaQcBkvw.mid",203
A-perfect-fourth minor tetrachord,D-dominant-ninth,1/3,"Agnew, Roy, 2 Piano Pieces, FxJoaQcBkvw.mid",204
D-dominant-ninth,F#-incomplete minor-seventh chord,1/6,"Agnew, Roy, 2 Piano Pieces, FxJoaQcBkvw.mid",205
F#-incomplete minor-seventh chord,F#-incomplete minor-seventh chord,1/6,"Agnew, Roy, 2 Piano Pieces, FxJoaQcBkvw.mid",206
F#-incomplete minor-seventh chord,E,1/12,"Agnew, Roy, 2 Piano Pieces, FxJoaQcBkvw.mid",207
E,C-major-second major tetrachord,11/12,"Agnew, Roy, 2 Piano Pieces, FxJoaQcBkvw.mid",208
C-major-second major tetrachord,C-major-ninth chord,5/12,"Agnew, Roy, 2 Piano Pieces, FxJoaQcBkvw.mid",209
C-major-ninth chord,E-minor triad,1/12,"Agnew, Roy, 2 Piano Pieces, FxJoaQcBkvw.mid",210
E-minor triad,Minor Sixth above B,0.25,"Agnew, Roy, 2 Piano Pieces, FxJoaQcBkvw.mid",211
Minor Sixth above B,G-major seventh chord,0.5,"Agnew, Roy, 2 Piano Pieces, FxJoaQcBkvw.mid",212
G-major seventh chord,G-major seventh chord,7/12,"Agnew, Roy, 2 Piano Pieces, FxJoaQcBkvw.mid",213
G-major seventh chord,B-minor triad,1/12,"Agnew, Roy, 2 Piano Pieces, FxJoaQcBkvw.mid",214
B-minor triad,B-minor triad,1/12,"Agnew, Roy, 2 Piano Pieces, FxJoaQcBkvw.mid",215
B-minor triad,C-major seventh chord,1/6,"Agnew, Roy, 2 Piano Pieces, FxJoaQcBkvw.mid",216
C-major seventh chord,C-major seventh chord,13/12,"Agnew, Roy, 2 Piano Pieces, FxJoaQcBkvw.mid",217
C-major seventh chord,C-major triad,0.75,"Agnew, Roy, 2 Piano Pieces, FxJoaQcBkvw.mid",218
C-major triad,C-all-interval tetrachord,0.5,"Agnew, Roy, 2 Piano Pieces, FxJoaQcBkvw.mid",219
C-all-interval tetrachord,C-major triad,1/6,"Agnew, Roy, 2 Piano Pieces, FxJoaQcBkvw.mid",220
C-major triad,E,1/12,"Agnew, Roy, 2 Piano Pieces, FxJoaQcBkvw.mid",221
E,Major Sixth above G,0.5,"Agnew, Roy, 2 Piano Pieces, FxJoaQcBkvw.mid",222
Major Sixth above G,Major Sixth above G,0.75,"Agnew, Roy, 2 Piano Pieces, FxJoaQcBkvw.mid",223
Major Sixth above G,E-minor triad,3.25,"Agnew, Roy, 2 Piano Pieces, FxJoaQcBkvw.mid",224
E-minor triad,E,1.0,"Agnew, Roy, 2 Piano Pieces, FxJoaQcBkvw.mid",225
E,E-minor triad,0.25,"Agnew, Roy, 2 Piano Pieces, FxJoaQcBkvw.mid",226
E-minor triad,Minor Third above E,0.5,"Agnew, Roy, 2 Piano Pieces, FxJoaQcBkvw.mid",227
Minor Third above E,E-minor triad,0.5,"Agnew, Roy, 2 Piano Pieces, FxJoaQcBkvw.mid",228
E-minor triad,E-minor seventh chord,0.5,"Agnew, Roy, 2 Piano Pieces, FxJoaQcBkvw.mid",229
E-minor seventh chord,Perfect Fifth above B,0.25,"Agnew, Roy, 2 Piano Pieces, FxJoaQcBkvw.mid",230
Perfect Fifth above B,F#,5/12,"Agnew, Roy, 2 Piano Pieces, FxJoaQcBkvw.mid",231
F#,Major Sixth above A,1/3,"Agnew, Roy, 2 Piano Pieces, FxJoaQcBkvw.mid",232
Major Sixth above A,Major Sixth above A,0.25,"Agnew, Roy, 2 Piano Pieces, FxJoaQcBkvw.mid",233
Major Sixth above A,F#-phrygian trichord,0.75,"Agnew, Roy, 2 Piano Pieces, FxJoaQcBkvw.mid",234
F#-phrygian trichord,F#-all-interval tetrachord,1/3,"Agnew, Roy, 2 Piano Pieces, FxJoaQcBkvw.mid",235
F#-all-interval tetrachord,F#-minor-diminished ninth chord,1/6,"Agnew, Roy, 2 Piano Pieces, FxJoaQcBkvw.mid",236
F#-minor-diminished ninth chord,F#-minor-diminished ninth chord,0.25,"Agnew, Roy, 2 Piano Pieces, FxJoaQcBkvw.mid",237
F#-minor-diminished ninth chord,F#-minor-diminished ninth chord,0.25,"Agnew, Roy, 2 Piano Pieces, FxJoaQcBkvw.mid",238
F#-minor-diminished ninth chord,F#-minor-diminished ninth chord,1/6,"Agnew, Roy, 2 Piano Pieces, FxJoaQcBkvw.mid",239
F#-minor-diminished ninth chord,F#-minor-diminished ninth chord,1/12,"Agnew, Roy, 2 Piano Pieces, FxJoaQcBkvw.mid",240
F#-minor-diminished ninth chord,F#-minor-diminished ninth chord,1/3,"Agnew, Roy, 2 Piano Pieces, FxJoaQcBkvw.mid",241
F#-minor-diminished ninth chord,F#-all-interval tetrachord,1/12,"Agnew, Roy, 2 Piano Pieces, FxJoaQcBkvw.mid",242
F#-all-interval tetrachord,Major Sixth above G,1/12,"Agnew, Roy, 2 Piano Pieces, FxJoaQcBkvw.mid",243
Major Sixth above G,E,0.5,"Agnew, Roy, 2 Piano Pieces, FxJoaQcBkvw.mid",244
E,Major Second above D,0.5,"Agnew, Roy, 2 Piano Pieces, FxJoaQcBkvw.mid",245
Major Second above D,C-whole-tone trichord,0.25,"Agnew, Roy, 2 Piano Pieces, FxJoaQcBkvw.mid",246
C-whole-tone trichord,C-whole-tone trichord,0.5,"Agnew, Roy, 2 Piano Pieces, FxJoaQcBkvw.mid",247
C-whole-tone trichord,A-perfect-fourth minor tetrachord,0.5,"Agnew, Roy, 2 Piano Pieces, FxJoaQcBkvw.mid",248
A-perfect-fourth minor tetrachord,D-dominant-ninth,2/3,"Agnew, Roy, 2 Piano Pieces, FxJoaQcBkvw.mid",249
D-dominant-ninth,D-dominant-ninth,1/12,"Agnew, Roy, 2 Piano Pieces, FxJoaQcBkvw.mid",250
D-dominant-ninth,D-dominant-ninth,2/3,"Agnew, Roy, 2 Piano Pieces, FxJoaQcBkvw.mid",251
D-dominant-ninth,D-major triad,1/12,"Agnew, Roy, 2 Piano Pieces, FxJoaQcBkvw.mid",252
D-major triad,E,1/6,"Agnew, Roy, 2 Piano Pieces, FxJoaQcBkvw.mid",253
E,D-minor trichord,1/12,"Agnew, Roy, 2 Piano Pieces, FxJoaQcBkvw.mid",254
D-minor trichord,Minor Third above D,11/12,"Agnew, Roy, 2 Piano Pieces, FxJoaQcBkvw.mid",255
Minor Third above D,D-minor triad,1/3,"Agnew, Roy, 2 Piano Pieces, FxJoaQcBkvw.mid",256
D-minor triad,D-minor triad,1/3,"Agnew, Roy, 2 Piano Pieces, FxJoaQcBkvw.mid",257
D-minor triad,D-minor seventh chord,1/3,"Agnew, Roy, 2 Piano Pieces, FxJoaQcBkvw.mid",258
D-minor seventh chord,Minor Third above A,0.25,"Agnew, Roy, 2 Piano Pieces, FxJoaQcBkvw.mid",259
Minor Third above A,C,1/12,"Agnew, Roy, 2 Piano Pieces, FxJoaQcBkvw.mid",260
C,Perfect Fourth above B,0.25,"Agnew, Roy, 2 Piano Pieces, FxJoaQcBkvw.mid",261
Perfect Fourth above B,E,0.25,"Agnew, Roy, 2 Piano Pieces, FxJoaQcBkvw.mid",262
E,Major Sixth above G,0.5,"Agnew, Roy, 2 Piano Pieces, FxJoaQcBkvw.mid",263
Major Sixth above G,E-phrygian trichord,2/3,"Agnew, Roy, 2 Piano Pieces, FxJoaQcBkvw.mid",264
E-phrygian trichord,E-all-interval tetrachord,2/3,"Agnew, Roy, 2 Piano Pieces, FxJoaQcBkvw.mid",265
E-all-interval tetrachord,E-minor-diminished ninth chord,1/3,"Agnew, Roy, 2 Piano Pieces, FxJoaQcBkvw.mid",266
E-minor-diminished ninth chord,E-minor-diminished ninth chord,1/3,"Agnew, Roy, 2 Piano Pieces, FxJoaQcBkvw.mid",267
E-minor-diminished ninth chord,E-minor-diminished ninth chord,0.5,"Agnew, Roy, 2 Piano Pieces, FxJoaQcBkvw.mid",268
E-minor-diminished ninth chord,G-major triad,1/6,"Agnew, Roy, 2 Piano Pieces, FxJoaQcBkvw.mid",269
G-major triad,G,1/12,"Agnew, Roy, 2 Piano Pieces, FxJoaQcBkvw.mid",270
G,C,0.5,"Agnew, Roy, 2 Piano Pieces, FxJoaQcBkvw.mid",271
C,C,0.5,"Agnew, Roy, 2 Piano Pieces, FxJoaQcBkvw.mid",272
C,Perfect Fifth above C,0.75,"Agnew, Roy, 2 Piano Pieces, FxJoaQcBkvw.mid",273
Perfect Fifth above C,C-major triad,0.5,"Agnew, Roy, 2 Piano Pieces, FxJoaQcBkvw.mid",274
C-major triad,C-major-second major tetrachord,2/3,"Agnew, Roy, 2 Piano Pieces, FxJoaQcBkvw.mid",275
C-major-second major tetrachord,C-major-second major tetrachord,1/12,"Agnew, Roy, 2 Piano Pieces, FxJoaQcBkvw.mid",276
C-major-second major tetrachord,C-major-second major tetrachord,0.25,"Agnew, Roy, 2 Piano Pieces, FxJoaQcBkvw.mid",277
C-major-second major tetrachord,C-major-second major tetrachord,1/3,"Agnew, Roy, 2 Piano Pieces, FxJoaQcBkvw.mid",278
C-major-second major tetrachord,Perfect Fifth above C,1/12,"Agnew, Roy, 2 Piano Pieces, FxJoaQcBkvw.mid",279
Perfect Fifth above C,C,1/12,"Agnew, Roy, 2 Piano Pieces, FxJoaQcBkvw.mid",280
C,A-quartal trichord,5/6,"Agnew, Roy, 2 Piano Pieces, FxJoaQcBkvw.mid",281
A-quartal trichord,E-perfect-fourth minor tetrachord,2/3,"Agnew, Roy, 2 Piano Pieces, FxJoaQcBkvw.mid",282
E-perfect-fourth minor tetrachord,E-minor triad,1/12,"Agnew, Roy, 2 Piano Pieces, FxJoaQcBkvw.mid",283
E-minor triad,E-perfect-fourth minor tetrachord,5/12,"Agnew, Roy, 2 Piano Pieces, FxJoaQcBkvw.mid",284
E-perfect-fourth minor tetrachord,Major Second above G,1/12,"Agnew, Roy, 2 Piano Pieces, FxJoaQcBkvw.mid",285
Major Second above G,Minor Seventh above B,0.25,"Agnew, Roy, 2 Piano Pieces, FxJoaQcBkvw.mid",286
Minor Seventh above B,A-minor triad,1.0,"Agnew, Roy, 2 Piano Pieces, FxJoaQcBkvw.mid",287
A-minor triad,A-minor triad,0.5,"Agnew, Roy, 2 Piano Pieces, FxJoaQcBkvw.mid",288
A-minor triad,A-minor triad,0.5,"Agnew, Roy, 2 Piano Pieces, FxJoaQcBkvw.mid",289
A-minor triad,C,0.25,"Agnew, Roy, 2 Piano Pieces, FxJoaQcBkvw.mid",290
C,C-major triad,0.75,"Agnew, Roy, 2 Piano Pieces, FxJoaQcBkvw.mid",291
C-major triad,C-major seventh chord,2/3,"Agnew, Roy, 2 Piano Pieces, FxJoaQcBkvw.mid",292
C-major seventh chord,C-major seventh chord,1/12,"Agnew, Roy, 2 Piano Pieces, FxJoaQcBkvw.mid",293
C-major seventh chord,C-major seventh chord,0.75,"Agnew, Roy, 2 Piano Pieces, FxJoaQcBkvw.mid",294
C-major seventh chord,Major Third above C,0.25,"Agnew, Roy, 2 Piano Pieces, FxJoaQcBkvw.mid",295
Major Third above C,F-major seventh chord,0.25,"Agnew, Roy, 2 Piano Pieces, FxJoaQcBkvw.mid",296
F-major seventh chord,F-major seventh chord,0.75,"Agnew, Roy, 2 Piano Pieces, FxJoaQcBkvw.mid",297
F-major seventh chord,F-Hirajoshi pentatonic,2/3,"Agnew, Roy, 2 Piano Pieces, FxJoaQcBkvw.mid",298
F-Hirajoshi pentatonic,F-minor-second quartal tetrachord,1/12,"Agnew, Roy, 2 Piano Pieces, FxJoaQcBkvw.mid",299
F-minor-second quartal tetrachord,F-Hirajoshi pentatonic,0.5,"Agnew, Roy, 2 Piano Pieces, FxJoaQcBkvw.mid",300
F-Hirajoshi pentatonic,F-all-interval tetrachord,1/12,"Agnew, Roy, 2 Piano Pieces, FxJoaQcBkvw.mid",301
F-all-interval tetrachord,F-major triad,1/6,"Agnew, Roy, 2 Piano Pieces, FxJoaQcBkvw.mid",302
F-major triad,F-major triad,0.75,"Agnew, Roy, 2 Piano Pieces, FxJoaQcBkvw.mid",303
F-major triad,F-all-interval tetrachord,1.0,"Agnew, Roy, 2 Piano Pieces, FxJoaQcBkvw.mid",304
F-all-interval tetrachord,Major Seventh above C,1/6,"Agnew, Roy, 2 Piano Pieces, FxJoaQcBkvw.mid",305
Major Seventh above C,Major Seventh above C,1/12,"Agnew, Roy, 2 Piano Pieces, FxJoaQcBkvw.mid",306
Major Seventh above C,B-diminished triad,1.0,"Agnew, Roy, 2 Piano Pieces, FxJoaQcBkvw.mid",307
B-diminished triad,Minor Third above B,1/12,"Agnew, Roy, 2 Piano Pieces, FxJoaQcBkvw.mid",308
Minor Third above B,E-incomplete dominant-seventh chord,1/6,"Agnew, Roy, 2 Piano Pieces, FxJoaQcBkvw.mid",309
E-incomplete dominant-seventh chord,E-incomplete dominant-seventh chord,1/12,"Agnew, Roy, 2 Piano Pieces, FxJoaQcBkvw.mid",310
E-incomplete dominant-seventh chord,E-incomplete dominant-seventh chord,1/12,"Agnew, Roy, 2 Piano Pieces, FxJoaQcBkvw.mid",311
E-incomplete dominant-seventh chord,E-minor seventh chord,13/12,"Agnew, Roy, 2 Piano Pieces, FxJoaQcBkvw.mid",312
E-minor seventh chord,E-incomplete minor-seventh chord,1.25,"Agnew, Roy, 2 Piano Pieces, FxJoaQcBkvw.mid",313
E-incomplete minor-seventh chord,E-incomplete minor-seventh chord,10/3,"Agnew, Roy, 2 Piano Pieces, FxJoaQcBkvw.mid",314
E-incomplete minor-seventh chord,E-minor seventh chord,2/3,"Agnew, Roy, 2 Piano Pieces, FxJoaQcBkvw.mid",315
E-minor seventh chord,E-minor seventh chord,1/3,"Agnew, Roy, 2 Piano Pieces, FxJoaQcBkvw.mid",316
E-minor seventh chord,E-minor seventh chord,1/6,"Agnew, Roy, 2 Piano Pieces, FxJoaQcBkvw.mid",317
E-minor seventh chord,E-minor seventh chord,7/12,"Agnew, Roy, 2 Piano Pieces, FxJoaQcBkvw.mid",318
E-minor seventh chord,E-incomplete minor-seventh chord,1/6,"Agnew, Roy, 2 Piano Pieces, FxJoaQcBkvw.mid",319
E-incomplete minor-seventh chord,C-major-second major tetrachord,1/12,"Agnew, Roy, 2 Piano Pieces, FxJoaQcBkvw.mid",320
C-major-second major tetrachord,Major Third above C,11/12,"Agnew, Roy, 2 Piano Pieces, FxJoaQcBkvw.mid",321
Major Third above C,C-major triad,0.5,"Agnew, Roy, 2 Piano Pieces, FxJoaQcBkvw.mid",322
C-major triad,A-minor seventh chord,0.5,"Agnew, Roy, 2 Piano Pieces, FxJoaQcBkvw.mid",323
A-minor seventh chord,A-minor-ninth chord,0.75,"Agnew, Roy, 2 Piano Pieces, FxJoaQcBkvw.mid",324
A-minor-ninth chord,A-minor-ninth chord,11/12,"Agnew, Roy, 2 Piano Pieces, FxJoaQcBkvw.mid",325
A-minor-ninth chord,E-perfect-fourth minor tetrachord,1/12,"Agnew, Roy, 2 Piano Pieces, FxJoaQcBkvw.mid",326
E-perfect-fourth minor tetrachord,C-major triad,0.25,"Agnew, Roy, 2 Piano Pieces, FxJoaQcBkvw.mid",327
C-major triad,C-major triad,2.75,"Agnew, Roy, 2 Piano Pieces, FxJoaQcBkvw.mid",328
C-major triad,E,5.25,"Agnew, Roy, 2 Piano Pieces, FxJoaQcBkvw.mid",329
E,C-major triad,4.0,"Agnew, Roy, 2 Piano Pieces, FxJoaQcBkvw.mid",330
C-major triad,C-major triad,4.0,"Agnew, Roy, 2 Piano Pieces, FxJoaQcBkvw.mid",331
C-major triad,C-major triad,1.0,"Agnew, Roy, 2 Piano Pieces, FxJoaQcBkvw.mid",332
C-major triad,C,1/3,"Agnew, Roy, 2 Piano Pieces, FxJoaQcBkvw.mid",333
C,C,5/12,"Agnew, Roy, 2 Piano Pieces, FxJoaQcBkvw.mid",334
C,F,0.25,"Agnew, Roy, 2 Piano Pieces, FxJoaQcBkvw.mid",335
F,Diminished Seventh above G#,1.0,"Agnew, Roy, 2 Piano Pieces, FxJoaQcBkvw.mid",336
Diminished Seventh above G#,F-major-second minor tetrachord,0.75,"Agnew, Roy, 2 Piano Pieces, FxJoaQcBkvw.mid",337
F-major-second minor tetrachord,F-major-second minor tetrachord,5/6,"Agnew, Roy, 2 Piano Pieces, FxJoaQcBkvw.mid",338
F-major-second minor tetrachord,enharmonic equivalent to minor-ninth chord above C,5/12,"Agnew, Roy, 2 Piano Pieces, FxJoaQcBkvw.mid",339
enharmonic equivalent to minor-ninth chord above C,enharmonic equivalent to minor seventh chord above F,1/12,"Agnew, Roy, 2 Piano Pieces, FxJoaQcBkvw.mid",340
enharmonic equivalent to minor seventh chord above F,F-incomplete dominant-seventh chord,1/6,"Agnew, Roy, 2 Piano Pieces, FxJoaQcBkvw.mid",341
F-incomplete dominant-seventh chord,Perfect Fifth above G,0.75,"Agnew, Roy, 2 Piano Pieces, FxJoaQcBkvw.mid",342
Perfect Fifth above G,Perfect Fifth above G,0.25,"Agnew, Roy, 2 Piano Pieces, FxJoaQcBkvw.mid",343
Perfect Fifth above G,G-minor triad,2/3,"Agnew, Roy, 2 Piano Pieces, FxJoaQcBkvw.mid",344
G-minor triad,Major Third above Bb,1/12,"Agnew, Roy, 2 Piano Pieces, FxJoaQcBkvw.mid",345
Major Third above Bb,enharmonic equivalent to half-diminished seventh chord above G#,1.0,"Agnew, Roy, 2 Piano Pieces, FxJoaQcBkvw.mid",346
enharmonic equivalent to half-diminished seventh chord above G#,D-Kumoi pentachord,0.75,"Agnew, Roy, 2 Piano Pieces, FxJoaQcBkvw.mid",347
D-Kumoi pentachord,D-Kumoi pentachord,0.5,"Agnew, Roy, 2 Piano Pieces, FxJoaQcBkvw.mid",348
D-Kumoi pentachord,D-Kumoi pentachord,0.25,"Agnew, Roy, 2 Piano Pieces, FxJoaQcBkvw.mid",349
D-Kumoi pentachord,G-dorian hexachord,5/12,"Agnew, Roy, 2 Piano Pieces, FxJoaQcBkvw.mid",350
G-dorian hexachord,C-major scale,1/12,"Agnew, Roy, 2 Piano Pieces, FxJoaQcBkvw.mid",351
C-major scale,enharmonic equivalent to major-ninth chord above Bb,1/12,"Agnew, Roy, 2 Piano Pieces, FxJoaQcBkvw.mid",352
enharmonic equivalent to major-ninth chord above Bb,C-minor seventh chord,1/12,"Agnew, Roy, 2 Piano Pieces, FxJoaQcBkvw.mid",353
C-minor seventh chord,Eb-major triad,1/12,"Agnew, Roy, 2 Piano Pieces, FxJoaQcBkvw.mid",354
Eb-major triad,Eb-major seventh chord,0.5,"Agnew, Roy, 2 Piano Pieces, FxJoaQcBkvw.mid",355
Eb-major seventh chord,Eb-major seventh chord,0.25,"Agnew, Roy, 2 Piano Pieces, FxJoaQcBkvw.mid",356
Eb-major seventh chord,Eb-major seventh chord,0.25,"Agnew, Roy, 2 Piano Pieces, FxJoaQcBkvw.mid",357
Eb-major seventh chord,A-diminished triad,2/3,"Agnew, Roy, 2 Piano Pieces, FxJoaQcBkvw.mid",358
A-diminished triad,A-half-diminished seventh chord,2/3,"Agnew, Roy, 2 Piano Pieces, FxJoaQcBkvw.mid",359
A-half-diminished seventh chord,A-half-diminished seventh chord,1/12,"Agnew, Roy, 2 Piano Pieces, FxJoaQcBkvw.mid",360
A-half-diminished seventh chord,A-half-diminished seventh chord,1/3,"Agnew, Roy, 2 Piano Pieces, FxJoaQcBkvw.mid",361
A-half-diminished seventh chord,Major Third above Eb,0.25,"Agnew, Roy, 2 Piano Pieces, FxJoaQcBkvw.mid",362
Major Third above Eb,D,0.25,"Agnew, Roy, 2 Piano Pieces, FxJoaQcBkvw.mid",363
D,Bb-major triad,0.75,"Agnew, Roy, 2 Piano Pieces, FxJoaQcBkvw.mid",364
Bb-major triad,Bb-major triad,0.25,"Agnew, Roy, 2 Piano Pieces, FxJoaQcBkvw.mid",365
Bb-major triad,Bb-major triad,0.5,"Agnew, Roy, 2 Piano Pieces, FxJoaQcBkvw.mid",366
Bb-major triad,D-quartal tetramirror,1.0,"Agnew, Roy, 2 Piano Pieces, FxJoaQcBkvw.mid",367
D-quartal tetramirror,D-major pentatonic,0.5,"Agnew, Roy, 2 Piano Pieces, FxJoaQcBkvw.mid",368
D-major pentatonic,D-incomplete dominant-seventh chord,0.25,"Agnew, Roy, 2 Piano Pieces, FxJoaQcBkvw.mid",369
D-incomplete dominant-seventh chord,A-perfect-fourth minor tetrachord,1/12,"Agnew, Roy, 2 Piano Pieces, FxJoaQcBkvw.mid",370
A-perfect-fourth minor tetrachord,A-perfect-fourth minor tetrachord,5/12,"Agnew, Roy, 2 Piano Pieces, FxJoaQcBkvw.mid",371
A-perfect-fourth minor tetrachord,A-perfect-fourth minor tetrachord,2/3,"Agnew, Roy, 2 Piano Pieces, FxJoaQcBkvw.mid",372
A-perfect-fourth minor tetrachord,A-major pentatonic,0.75,"Agnew, Roy, 2 Piano Pieces, FxJoaQcBkvw.mid",373
A-major pentatonic,E-quartal tetramirror,1/12,"Agnew, Roy, 2 Piano Pieces, FxJoaQcBkvw.mid",374
E-quartal tetramirror,G-incomplete dominant-seventh chord,1/6,"Agnew, Roy, 2 Piano Pieces, FxJoaQcBkvw.mid",375
G-incomplete dominant-seventh chord,Major Second above F,1/12,"Agnew, Roy, 2 Piano Pieces, FxJoaQcBkvw.mid",376
Major Second above F,C-perfect-fourth minor tetrachord,1.25,"Agnew, Roy, 2 Piano Pieces, FxJoaQcBkvw.mid",377
C-perfect-fourth minor tetrachord,C-dorian pentachord,0.75,"Agnew, Roy, 2 Piano Pieces, FxJoaQcBkvw.mid",378
C-dorian pentachord,C-perfect-fourth minor tetrachord,0.25,"Agnew, Roy, 2 Piano Pieces, FxJoaQcBkvw.mid",379
C-perfect-fourth minor tetrachord,Eb-major triad,0.25,"Agnew, Roy, 2 Piano Pieces, FxJoaQcBkvw.mid",380
Eb-major triad,Eb-major triad,0.5,"Agnew, Roy, 2 Piano Pieces, FxJoaQcBkvw.mid",381
Eb-major triad,C-minor seventh chord,1/6,"Agnew, Roy, 2 Piano Pieces, FxJoaQcBkvw.mid",382
C-minor seventh chord,C-minor seventh chord,7/12,"Agnew, Roy, 2 Piano Pieces, FxJoaQcBkvw.mid",383
C-minor seventh chord,A-minor hexachord,1/6,"Agnew, Roy, 2 Piano Pieces, FxJoaQcBkvw.mid",384
A-minor hexachord,A-minor hexachord,7/12,"Agnew, Roy, 2 Piano Pieces, FxJoaQcBkvw.mid",385
A-minor hexachord,D-major scale,5/12,"Agnew, Roy, 2 Piano Pieces, FxJoaQcBkvw.mid",386
D-major scale,D-major scale,0.25,"Agnew, Roy, 2 Piano Pieces, FxJoaQcBkvw.mid",387
D-major scale,A-minor hexachord,1/12,"Agnew, Roy, 2 Piano Pieces, FxJoaQcBkvw.mid",388
A-minor hexachord,B-,1/6,"Agnew, Roy, 2 Piano Pieces, FxJoaQcBkvw.mid",389
B-,A-half-diminished seventh chord,0.75,"Agnew, Roy, 2 Piano Pieces, FxJoaQcBkvw.mid",390
A-half-diminished seventh chord,A-Kumoi pentachord,0.5,"Agnew, Roy, 2 Piano Pieces, FxJoaQcBkvw.mid",391
A-Kumoi pentachord,A-Kumoi pentachord,1/12,"Agnew, Roy, 2 Piano Pieces, FxJoaQcBkvw.mid",392
A-Kumoi pentachord,A-Kumoi pentachord,2/3,"Agnew, Roy, 2 Piano Pieces, FxJoaQcBkvw.mid",393
A-Kumoi pentachord,A-Kumoi pentachord,1/12,"Agnew, Roy, 2 Piano Pieces, FxJoaQcBkvw.mid",394
A-Kumoi pentachord,A-Kumoi pentachord,5/12,"Agnew, Roy, 2 Piano Pieces, FxJoaQcBkvw.mid",395
A-Kumoi pentachord,G,0.25,"Agnew, Roy, 2 Piano Pieces, FxJoaQcBkvw.mid",396
G,G-minor-ninth chord,2/3,"Agnew, Roy, 2 Piano Pieces, FxJoaQcBkvw.mid",397
G-minor-ninth chord,G-minor-ninth chord,1/12,"Agnew, Roy, 2 Piano Pieces, FxJoaQcBkvw.mid",398
G-minor-ninth chord,G-minor triad,0.25,"Agnew, Roy, 2 Piano Pieces, FxJoaQcBkvw.mid",399
G-minor triad,E-half-diminished seventh chord,5/12,"Agnew, Roy, 2 Piano Pieces, FxJoaQcBkvw.mid",400
E-half-diminished seventh chord,E-incomplete minor-seventh chord,1/12,"Agnew, Roy, 2 Piano Pieces, FxJoaQcBkvw.mid",401
E-incomplete minor-seventh chord,E-half-diminished seventh chord,0.5,"Agnew, Roy, 2 Piano Pieces, FxJoaQcBkvw.mid",402
E-half-diminished seventh chord,E-half-diminished seventh chord,1/6,"Agnew, Roy, 2 Piano Pieces, FxJoaQcBkvw.mid",403
E-half-diminished seventh chord,E-half-diminished seventh chord,1/12,"Agnew, Roy, 2 Piano Pieces, FxJoaQcBkvw.mid",404
E-half-diminished seventh chord,E-half-diminished seventh chord,1/12,"Agnew, Roy, 2 Piano Pieces, FxJoaQcBkvw.mid",405
E-half-diminished seventh chord,E-half-diminished seventh chord,5/12,"Agnew, Roy, 2 Piano Pieces, FxJoaQcBkvw.mid",406
E-half-diminished seventh chord,E-incomplete half-diminished seventh chord,1/12,"Agnew, Roy, 2 Piano Pieces, FxJoaQcBkvw.mid",407
E-incomplete half-diminished seventh chord,Minor Sixth above D,1/6,"Agnew, Roy, 2 Piano Pieces, FxJoaQcBkvw.mid",408
Minor Sixth above D,F-major triad,0.75,"Agnew, Roy, 2 Piano Pieces, FxJoaQcBkvw.mid",409
F-major triad,F-major triad,7/12,"Agnew, Roy, 2 Piano Pieces, FxJoaQcBkvw.mid",410
F-major triad,Perfect Fourth above C,1/12,"Agnew, Roy, 2 Piano Pieces, FxJoaQcBkvw.mid",411
Perfect Fourth above C,C,1/12,"Agnew, Roy, 2 Piano Pieces, FxJoaQcBkvw.mid",412
C,C,1/6,"Agnew, Roy, 2 Piano Pieces, FxJoaQcBkvw.mid",413
C,C-dominant seventh chord,1/12,"Agnew, Roy, 2 Piano Pieces, FxJoaQcBkvw.mid",414
C-dominant seventh chord,C-dominant seventh chord,0.75,"Agnew, Roy, 2 Piano Pieces, FxJoaQcBkvw.mid",415
C-dominant seventh chord,A-minor-diminished ninth chord,1/12,"Agnew, Roy, 2 Piano Pieces, FxJoaQcBkvw.mid",416
A-minor-diminished ninth chord,E-perfect-fourth diminished tetrachord,1/12,"Agnew, Roy, 2 Piano Pieces, FxJoaQcBkvw.mid",417
E-perfect-fourth diminished tetrachord,A-minor-diminished ninth chord,1/3,"Agnew, Roy, 2 Piano Pieces, FxJoaQcBkvw.mid",418
A-minor-diminished ninth chord,A-minor-diminished ninth chord,1/6,"Agnew, Roy, 2 Piano Pieces, FxJoaQcBkvw.mid",419
A-minor-diminished ninth chord,Perfect Fifth above C,1/3,"Agnew, Roy, 2 Piano Pieces, FxJoaQcBkvw.mid",420
Perfect Fifth above C,C-incomplete dominant-seventh chord,11/12,"Agnew, Roy, 2 Piano Pieces, FxJoaQcBkvw.mid",421
C-incomplete dominant-seventh chord,Minor Seventh above C,1/12,"Agnew, Roy, 2 Piano Pieces, FxJoaQcBkvw.mid",422
Minor Seventh above C,G-double-fourth tetramirror,1/6,"Agnew, Roy, 2 Piano Pieces, FxJoaQcBkvw.mid",423
G-double-fourth tetramirror,G-incomplete major-seventh chord,1/12,"Agnew, Roy, 2 Piano Pieces, FxJoaQcBkvw.mid",424
G-incomplete major-seventh chord,G,5/12,"Agnew, Roy, 2 Piano Pieces, FxJoaQcBkvw.mid",425
G,D-minor triad,11/12,"Agnew, Roy, 2 Piano Pieces, FxJoaQcBkvw.mid",426
D-minor triad,D-minor triad,1/12,"Agnew, Roy, 2 Piano Pieces, FxJoaQcBkvw.mid",427
D-minor triad,D-minor triad,0.5,"Agnew, Roy, 2 Piano Pieces, FxJoaQcBkvw.mid",428
D-minor triad,Perfect Fourth above A,1/6,"Agnew, Roy, 2 Piano Pieces, FxJoaQcBkvw.mid",429
Perfect Fourth above A,D-tritone-fourth,0.5,"Agnew, Roy, 2 Piano Pieces, FxJoaQcBkvw.mid",430
D-tritone-fourth,Eb-minor-second quartal tetrachord,1/6,"Agnew, Roy, 2 Piano Pieces, FxJoaQcBkvw.mid",431
Eb-minor-second quartal tetrachord,A-Kumoi pentachord,11/12,"Agnew, Roy, 2 Piano Pieces, FxJoaQcBkvw.mid",432
A-Kumoi pentachord,A-half-diminished seventh chord,1/12,"Agnew, Roy, 2 Piano Pieces, FxJoaQcBkvw.mid",433
A-half-diminished seventh chord,Eb-minor-second quartal tetrachord,1/12,"Agnew, Roy, 2 Piano Pieces, FxJoaQcBkvw.mid",434
Eb-minor-second quartal tetrachord,A-Kumoi pentachord,0.75,"Agnew, Roy, 2 Piano Pieces, FxJoaQcBkvw.mid",435
A-Kumoi pentachord,A-Kumoi pentachord,2/3,"Agnew, Roy, 2 Piano Pieces, FxJoaQcBkvw.mid",436
A-Kumoi pentachord,A-Kumoi pentachord,1/12,"Agnew, Roy, 2 Piano Pieces, FxJoaQcBkvw.mid",437
A-Kumoi pentachord,A-Kumoi pentachord,0.25,"Agnew, Roy, 2 Piano Pieces, FxJoaQcBkvw.mid",438
A-Kumoi pentachord,D-dorian hexachord,1/6,"Agnew, Roy, 2 Piano Pieces, FxJoaQcBkvw.mid",439
D-dorian hexachord,C-dorian pentachord,1/12,"Agnew, Roy, 2 Piano Pieces, FxJoaQcBkvw.mid",440
C-dorian pentachord,D-minor seventh chord,1/12,"Agnew, Roy, 2 Piano Pieces, FxJoaQcBkvw.mid",441
D-minor seventh chord,D-minor seventh chord,1/6,"Agnew, Roy, 2 Piano Pieces, FxJoaQcBkvw.mid",442
D-minor seventh chord,D-minor seventh chord,0.75,"Agnew, Roy, 2 Piano Pieces, FxJoaQcBkvw.mid",443
D-minor seventh chord,D-minor seventh chord,11/12,"Agnew, Roy, 2 Piano Pieces, FxJoaQcBkvw.mid",444
D-minor seventh chord,D-minor seventh chord,1/12,"Agnew, Roy, 2 Piano Pieces, FxJoaQcBkvw.mid",445
D-minor seventh chord,Minor Third above C,0.25,"Agnew, Roy, 2 Piano Pieces, FxJoaQcBkvw.mid",446
Minor Third above C,C-minor triad,1/12,"Agnew, Roy, 2 Piano Pieces, FxJoaQcBkvw.mid",447
C-minor triad,C-minor triad,11/12,"Agnew, Roy, 2 Piano Pieces, FxJoaQcBkvw.mid",448
C-minor triad,C-major-second minor tetrachord,0.5,"Agnew, Roy, 2 Piano Pieces, FxJoaQcBkvw.mid",449
C-major-second minor tetrachord,A-Kumoi pentachord,0.5,"Agnew, Roy, 2 Piano Pieces, FxJoaQcBkvw.mid",450
A-Kumoi pentachord,A-Kumoi pentachord,1/6,"Agnew, Roy, 2 Piano Pieces, FxJoaQcBkvw.mid",451
A-Kumoi pentachord,Eb-incomplete major-seventh chord,1/12,"Agnew, Roy, 2 Piano Pieces, FxJoaQcBkvw.mid",452
Eb-incomplete major-seventh chord,Eb-incomplete major-seventh chord,1/12,"Agnew, Roy, 2 Piano Pieces, FxJoaQcBkvw.mid",453
Eb-incomplete major-seventh chord,C-incomplete minor-seventh chord,5/3,"Agnew, Roy, 2 Piano Pieces, FxJoaQcBkvw.mid",454
C-incomplete minor-seventh chord,C-minor seventh chord,1/12,"Agnew, Roy, 2 Piano Pieces, FxJoaQcBkvw.mid",455
C-minor seventh chord,Minor Sixth above G,5/12,"Agnew, Roy, 2 Piano Pieces, FxJoaQcBkvw.mid",456
Minor Sixth above G,G,0.25,"Agnew, Roy, 2 Piano Pieces, FxJoaQcBkvw.mid",457
G,F,0.25,"Agnew, Roy, 2 Piano Pieces, FxJoaQcBkvw.mid",458
F,F-dominant seventh chord,1.0,"Agnew, Roy, 2 Piano Pieces, FxJoaQcBkvw.mid",459
F-dominant seventh chord,Perfect Fifth above F,0.25,"Agnew, Roy, 2 Piano Pieces, FxJoaQcBkvw.mid",460
Perfect Fifth above F,C,1/12,"Agnew, Roy, 2 Piano Pieces, FxJoaQcBkvw.mid",461
C,C-quartal trichord,1/3,"Agnew, Roy, 2 Piano Pieces, FxJoaQcBkvw.mid",462
C-quartal trichord,C-quartal trichord,1/3,"Agnew, Roy, 2 Piano Pieces, FxJoaQcBkvw.mid",463
C-quartal trichord,G-major pentatonic,1.0,"Agnew, Roy, 2 Piano Pieces, FxJoaQcBkvw.mid",464
G-major pentatonic,G-major pentatonic,0.25,"Agnew, Roy, 2 Piano Pieces, FxJoaQcBkvw.mid",465
G-major pentatonic,G-major pentatonic,0.25,"Agnew, Roy, 2 Piano Pieces, FxJoaQcBkvw.mid",466
G-major pentatonic,C-Guidonian hexachord,1/12,"Agnew, Roy, 2 Piano Pieces, FxJoaQcBkvw.mid",467
C-Guidonian hexachord,C-quartal tetramirror,1/12,"Agnew, Roy, 2 Piano Pieces, FxJoaQcBkvw.mid",468
C-quartal tetramirror,E-,1/12,"Agnew, Roy, 2 Piano Pieces, FxJoaQcBkvw.mid",469
E-,F-dominant seventh chord,11/12,"Agnew, Roy, 2 Piano Pieces, FxJoaQcBkvw.mid",470
F-dominant seventh chord,F-dominant seventh chord,1/12,"Agnew, Roy, 2 Piano Pieces, FxJoaQcBkvw.mid",471
F-dominant seventh chord,F-dominant seventh chord,0.25,"Agnew, Roy, 2 Piano Pieces, FxJoaQcBkvw.mid",472
F-dominant seventh chord,F-dominant seventh chord,0.25,"Agnew, Roy, 2 Piano Pieces, FxJoaQcBkvw.mid",473
F-dominant seventh chord,F-incomplete dominant-seventh chord,1/12,"Agnew, Roy, 2 Piano Pieces, FxJoaQcBkvw.mid",474
F-incomplete dominant-seventh chord,F-incomplete dominant-seventh chord,1/6,"Agnew, Roy, 2 Piano Pieces, FxJoaQcBkvw.mid",475
F-incomplete dominant-seventh chord,F-whole-tone tetramirror,5/6,"Agnew, Roy, 2 Piano Pieces, FxJoaQcBkvw.mid",476
F-whole-tone tetramirror,F-dominant-ninth,2/3,"Agnew, Roy, 2 Piano Pieces, FxJoaQcBkvw.mid",477
F-dominant-ninth,D-quartal tetramirror,0.25,"Agnew, Roy, 2 Piano Pieces, FxJoaQcBkvw.mid",478
D-quartal tetramirror,D-major pentatonic,0.75,"Agnew, Roy, 2 Piano Pieces, FxJoaQcBkvw.mid",479
D-major pentatonic,D-major pentatonic,0.75,"Agnew, Roy, 2 Piano Pieces, FxJoaQcBkvw.mid",480
D-major pentatonic,D-major pentatonic,0.25,"Agnew, Roy, 2 Piano Pieces, FxJoaQcBkvw.mid",481
D-major pentatonic,D-major pentatonic,2/3,"Agnew, Roy, 2 Piano Pieces, FxJoaQcBkvw.mid",482
D-major pentatonic,D-major pentatonic,1/12,"Agnew, Roy, 2 Piano Pieces, FxJoaQcBkvw.mid",483
D-major pentatonic,D-major pentatonic,0.75,"Agnew, Roy, 2 Piano Pieces, FxJoaQcBkvw.mid",484
D-major pentatonic,D-quartal tetramirror,1/12,"Agnew, Roy, 2 Piano Pieces, FxJoaQcBkvw.mid",485
D-quartal tetramirror,D-quartal tetramirror,1/12,"Agnew, Roy, 2 Piano Pieces, FxJoaQcBkvw.mid",486
D-quartal tetramirror,Major Second above F,1/12,"Agnew, Roy, 2 Piano Pieces, FxJoaQcBkvw.mid",487
Major Second above F,G#-German augmented sixth chord,1.0,"Agnew, Roy, 2 Piano Pieces, FxJoaQcBkvw.mid",488
G#-German augmented sixth chord,G-minor-diminished ninth chord,11/12,"Agnew, Roy, 2 Piano Pieces, FxJoaQcBkvw.mid",489
G-minor-diminished ninth chord,G-minor-diminished ninth chord,1/3,"Agnew, Roy, 2 Piano Pieces, FxJoaQcBkvw.mid",490
G-minor-diminished ninth chord,G-minor-diminished ninth chord,0.5,"Agnew, Roy, 2 Piano Pieces, FxJoaQcBkvw.mid",491
G-minor-diminished ninth chord,G-dorian hexachord,0.5,"Agnew, Roy, 2 Piano Pieces, FxJoaQcBkvw.mid",492
G-dorian hexachord,G-dorian hexachord,1/12,"Agnew, Roy, 2 Piano Pieces, FxJoaQcBkvw.mid",493
G-dorian hexachord,C-quartal trichord,1/12,"Agnew, Roy, 2 Piano Pieces, FxJoaQcBkvw.mid",494
C-quartal trichord,Perfect Fifth above G,7/12,"Agnew, Roy, 2 Piano Pieces, FxJoaQcBkvw.mid",495
Perfect Fifth above G,G-minor triad,7/12,"Agnew, Roy, 2 Piano Pieces, FxJoaQcBkvw.mid",496
G-minor triad,B-,1/6,"Agnew, Roy, 2 Piano Pieces, FxJoaQcBkvw.mid",497
B-,enharmonic equivalent to half-diminished seventh chord above D,1/6,"Agnew, Roy, 2 Piano Pieces, FxJoaQcBkvw.mid",498
enharmonic equivalent to half-diminished seventh chord above D,enharmonic equivalent to half-diminished seventh chord above G#,1/12,"Agnew, Roy, 2 Piano Pieces, FxJoaQcBkvw.mid",499
enharmonic equivalent to half-diminished seventh chord above G#,enharmonic equivalent to half-diminished seventh chord above G#,7/12,"Agnew, Roy, 2 Piano Pieces, FxJoaQcBkvw.mid",500
enharmonic equivalent to half-diminished seventh chord above G#,D-Kumoi pentachord,2/3,"Agnew, Roy, 2 Piano Pieces, FxJoaQcBkvw.mid",501
D-Kumoi pentachord,D-Kumoi pentachord,0.5,"Agnew, Roy, 2 Piano Pieces, FxJoaQcBkvw.mid",502
D-Kumoi pentachord,G-perfect-fourth diminished tetrachord,1/6,"Agnew, Roy, 2 Piano Pieces, FxJoaQcBkvw.mid",503
G-perfect-fourth diminished tetrachord,D-Kumoi pentachord,1/12,"Agnew, Roy, 2 Piano Pieces, FxJoaQcBkvw.mid",504
D-Kumoi pentachord,C-minor hexachord,0.25,"Agnew, Roy, 2 Piano Pieces, FxJoaQcBkvw.mid",505
C-minor hexachord,C-perfect-fourth minor tetrachord,1/12,"Agnew, Roy, 2 Piano Pieces, FxJoaQcBkvw.mid",506
C-perfect-fourth minor tetrachord,F-incomplete dominant-seventh chord,1/12,"Agnew, Roy, 2 Piano Pieces, FxJoaQcBkvw.mid",507
F-incomplete dominant-seventh chord,Major Second above Eb,1/12,"Agnew, Roy, 2 Piano Pieces, FxJoaQcBkvw.mid",508
Major Second above Eb,Eb-major seventh chord,0.25,"Agnew, Roy, 2 Piano Pieces, FxJoaQcBkvw.mid",509
Eb-major seventh chord,Eb-major seventh chord,0.5,"Agnew, Roy, 2 Piano Pieces, FxJoaQcBkvw.mid",510
Eb-major seventh chord,Eb-major seventh chord,0.25,"Agnew, Roy, 2 Piano Pieces, FxJoaQcBkvw.mid",511
Eb-major seventh chord,C-minor-ninth chord,1/12,"Agnew, Roy, 2 Piano Pieces, FxJoaQcBkvw.mid",512
C-minor-ninth chord,A-minor hexachord,1/6,"Agnew, Roy, 2 Piano Pieces, FxJoaQcBkvw.mid",513
A-minor hexachord,Major Sixth above C,0.25,"Agnew, Roy, 2 Piano Pieces, FxJoaQcBkvw.mid",514
Major Sixth above C,A-half-diminished seventh chord,11/12,"Agnew, Roy, 2 Piano Pieces, FxJoaQcBkvw.mid",515
A-half-diminished seventh chord,A-half-diminished seventh chord,1/12,"Agnew, Roy, 2 Piano Pieces, FxJoaQcBkvw.mid",516
A-half-diminished seventh chord,A-incomplete half-diminished seventh chord,0.25,"Agnew, Roy, 2 Piano Pieces, FxJoaQcBkvw.mid",517
A-incomplete half-diminished seventh chord,A-incomplete half-diminished seventh chord,1/12,"Agnew, Roy, 2 Piano Pieces, FxJoaQcBkvw.mid",518
A-incomplete half-diminished seventh chord,A-incomplete half-diminished seventh chord,1/12,"Agnew, Roy, 2 Piano Pieces, FxJoaQcBkvw.mid",519
A-incomplete half-diminished seventh chord,A,1/12,"Agnew, Roy, 2 Piano Pieces, FxJoaQcBkvw.mid",520
A,Bb-major seventh chord,1/12,"Agnew, Roy, 2 Piano Pieces, FxJoaQcBkvw.mid",521
Bb-major seventh chord,Bb-major triad,11/12,"Agnew, Roy, 2 Piano Pieces, FxJoaQcBkvw.mid",522
Bb-major triad,Bb-major triad,0.25,"Agnew, Roy, 2 Piano Pieces, FxJoaQcBkvw.mid",523
Bb-major triad,Bb-major triad,1/12,"Agnew, Roy, 2 Piano Pieces, FxJoaQcBkvw.mid",524
Bb-major triad,Perfect Fifth above Bb,1/12,"Agnew, Roy, 2 Piano Pieces, FxJoaQcBkvw.mid",525
Perfect Fifth above Bb,Bb-incomplete major-seventh chord,1/12,"Agnew, Roy, 2 Piano Pieces, FxJoaQcBkvw.mid",526
Bb-incomplete major-seventh chord,Major Third above F,0.25,"Agnew, Roy, 2 Piano Pieces, FxJoaQcBkvw.mid",527
Major Third above F,F-dominant seventh chord,0.75,"Agnew, Roy, 2 Piano Pieces, FxJoaQcBkvw.mid",528
F-dominant seventh chord,D-minor-diminished ninth chord,5/12,"Agnew, Roy, 2 Piano Pieces, FxJoaQcBkvw.mid",529
D-minor-diminished ninth chord,D-minor tetramirror,1/6,"Agnew, Roy, 2 Piano Pieces, FxJoaQcBkvw.mid",530
D-minor tetramirror,Minor Seventh above D,1/6,"Agnew, Roy, 2 Piano Pieces, FxJoaQcBkvw.mid",531
Minor Seventh above D,Major Sixth above Eb,0.5,"Agnew, Roy, 2 Piano Pieces, FxJoaQcBkvw.mid",532
Major Sixth above Eb,Major Sixth above Eb,0.25,"Agnew, Roy, 2 Piano Pieces, FxJoaQcBkvw.mid",533
Major Sixth above Eb,C,0.25,"Agnew, Roy, 2 Piano Pieces, FxJoaQcBkvw.mid",534
C,C,0.5,"Agnew, Roy, 2 Piano Pieces, FxJoaQcBkvw.mid",535
C,Major Second above Bb,1/6,"Agnew, Roy, 2 Piano Pieces, FxJoaQcBkvw.mid",536
Major Second above Bb,B-,1/6,"Agnew, Roy, 2 Piano Pieces, FxJoaQcBkvw.mid",537
B-,G-minor triad,1.0,"Agnew, Roy, 2 Piano Pieces, FxJoaQcBkvw.mid",538
G-minor triad,G-minor triad,1/6,"Agnew, Roy, 2 Piano Pieces, FxJoaQcBkvw.mid",539
G-minor triad,G-minor triad,1/12,"Agnew, Roy, 2 Piano Pieces, FxJoaQcBkvw.mid",540
G-minor triad,Perfect Fourth above D,1/6,"Agnew, Roy, 2 Piano Pieces, FxJoaQcBkvw.mid",541
Perfect Fourth above D,G#-tritone-fourth,0.75,"Agnew, Roy, 2 Piano Pieces, FxJoaQcBkvw.mid",542
G#-tritone-fourth,D-Kumoi pentachord,1/12,"Agnew, Roy, 2 Piano Pieces, FxJoaQcBkvw.mid",543
D-Kumoi pentachord,D-Kumoi pentachord,5/12,"Agnew, Roy, 2 Piano Pieces, FxJoaQcBkvw.mid",544
D-Kumoi pentachord,D-Kumoi pentachord,0.5,"Agnew, Roy, 2 Piano Pieces, FxJoaQcBkvw.mid",545
D-Kumoi pentachord,D-Kumoi pentachord,1/12,"Agnew, Roy, 2 Piano Pieces, FxJoaQcBkvw.mid",546
D-Kumoi pentachord,D-Kumoi pentachord,2/3,"Agnew, Roy, 2 Piano Pieces, FxJoaQcBkvw.mid",547
D-Kumoi pentachord,D-Kumoi pentachord,1/12,"Agnew, Roy, 2 Piano Pieces, FxJoaQcBkvw.mid",548
D-Kumoi pentachord,D-Kumoi pentachord,0.25,"Agnew, Roy, 2 Piano Pieces, FxJoaQcBkvw.mid",549
D-Kumoi pentachord,D-Kumoi pentachord,5/12,"Agnew, Roy, 2 Piano Pieces, FxJoaQcBkvw.mid",550
D-Kumoi pentachord,D-Kumoi pentachord,0.5,"Agnew, Roy, 2 Piano Pieces, FxJoaQcBkvw.mid",551
D-Kumoi pentachord,G-minor seventh chord,1/12,"Agnew, Roy, 2 Piano Pieces, FxJoaQcBkvw.mid",552
G-minor seventh chord,G-minor seventh chord,1/6,"Agnew, Roy, 2 Piano Pieces, FxJoaQcBkvw.mid",553
G-minor seventh chord,G-minor seventh chord,11/12,"Agnew, Roy, 2 Piano Pieces, FxJoaQcBkvw.mid",554
G-minor seventh chord,G-minor seventh chord,1/12,"Agnew, Roy, 2 Piano Pieces, FxJoaQcBkvw.mid",555
G-minor seventh chord,G-minor seventh chord,0.25,"Agnew, Roy, 2 Piano Pieces, FxJoaQcBkvw.mid",556
G-minor seventh chord,G-minor seventh chord,1/6,"Agnew, Roy, 2 Piano Pieces, FxJoaQcBkvw.mid",557
G-minor seventh chord,Bb-major triad,0.25,"Agnew, Roy, 2 Piano Pieces, FxJoaQcBkvw.mid",558
Bb-major triad,enharmonic equivalent to minor triad above F,1.0,"Agnew, Roy, 2 Piano Pieces, FxJoaQcBkvw.mid",559
enharmonic equivalent to minor triad above F,D-Kumoi pentachord,0.25,"Agnew, Roy, 2 Piano Pieces, FxJoaQcBkvw.mid",560
D-Kumoi pentachord,D-Kumoi pentachord,1/3,"Agnew, Roy, 2 Piano Pieces, FxJoaQcBkvw.mid",561
D-Kumoi pentachord,D-Kumoi pentachord,2/3,"Agnew, Roy, 2 Piano Pieces, FxJoaQcBkvw.mid",562
D-Kumoi pentachord,Perfect Fourth above D,1/12,"Agnew, Roy, 2 Piano Pieces, FxJoaQcBkvw.mid",563
Perfect Fourth above D,Eb-whole-tone trichord,1.0,"Agnew, Roy, 2 Piano Pieces, FxJoaQcBkvw.mid",564
Eb-whole-tone trichord,Eb-whole-tone trichord,1/3,"Agnew, Roy, 2 Piano Pieces, FxJoaQcBkvw.mid",565
Eb-whole-tone trichord,Major Second above Eb,5/12,"Agnew, Roy, 2 Piano Pieces, FxJoaQcBkvw.mid",566
Major Second above Eb,C,7/12,"Agnew, Roy, 2 Piano Pieces, FxJoaQcBkvw.mid",567
C,Major Second above Bb,1/12,"Agnew, Roy, 2 Piano Pieces, FxJoaQcBkvw.mid",568
Major Second above Bb,B-,0.25,"Agnew, Roy, 2 Piano Pieces, FxJoaQcBkvw.mid",569
B-,G#-Italian augmented sixth chord,1.0,"Agnew, Roy, 2 Piano Pieces, FxJoaQcBkvw.mid",570
G#-Italian augmented sixth chord,G#-incomplete dominant-seventh chord,0.5,"Agnew, Roy, 2 Piano Pieces, FxJoaQcBkvw.mid",571
G#-incomplete dominant-seventh chord,Perfect Fifth above Bb,1/12,"Agnew, Roy, 2 Piano Pieces, FxJoaQcBkvw.mid",572
Perfect Fifth above Bb,C#-Scriabin's Mystic-chord,1/12,"Agnew, Roy, 2 Piano Pieces, FxJoaQcBkvw.mid",573
C#-Scriabin's Mystic-chord,C#-whole-tone pentachord,1/6,"Agnew, Roy, 2 Piano Pieces, FxJoaQcBkvw.mid",574
C#-whole-tone pentachord,Eb-whole-tone trichord,1/12,"Agnew, Roy, 2 Piano Pieces, FxJoaQcBkvw.mid",575
Eb-whole-tone trichord,Minor Seventh above G,1/6,"Agnew, Roy, 2 Piano Pieces, FxJoaQcBkvw.mid",576
Minor Seventh above G,G-incomplete minor-seventh chord,0.25,"Agnew, Roy, 2 Piano Pieces, FxJoaQcBkvw.mid",577
G-incomplete minor-seventh chord,G-incomplete minor-seventh chord,0.75,"Agnew, Roy, 2 Piano Pieces, FxJoaQcBkvw.mid",578
G-incomplete minor-seventh chord,Eb-major-second major tetrachord,0.5,"Agnew, Roy, 2 Piano Pieces, FxJoaQcBkvw.mid",579
Eb-major-second major tetrachord,Perfect Fifth above Eb,1/6,"Agnew, Roy, 2 Piano Pieces, FxJoaQcBkvw.mid",580
Perfect Fifth above Eb,E-,1/12,"Agnew, Roy, 2 Piano Pieces, FxJoaQcBkvw.mid",581
E-,G#-German augmented sixth chord in root position,5/6,"Agnew, Roy, 2 Piano Pieces, FxJoaQcBkvw.mid",582
G#-German augmented sixth chord in root position,G#-German augmented sixth chord in root position,1/6,"Agnew, Roy, 2 Piano Pieces, FxJoaQcBkvw.mid",583
G#-German augmented sixth chord in root position,G#-German augmented sixth chord in root position,0.25,"Agnew, Roy, 2 Piano Pieces, FxJoaQcBkvw.mid",584
G#-German augmented sixth chord in root position,G#-German augmented sixth chord in root position,1/3,"Agnew, Roy, 2 Piano Pieces, FxJoaQcBkvw.mid",585
G#-German augmented sixth chord in root position,Diminished Fifth above G#,1/12,"Agnew, Roy, 2 Piano Pieces, FxJoaQcBkvw.mid",586
Diminished Fifth above G#,enharmonic equivalent to dominant-ninth above Bb,2/3,"Agnew, Roy, 2 Piano Pieces, FxJoaQcBkvw.mid",587
enharmonic equivalent to dominant-ninth above Bb,enharmonic equivalent to dominant-ninth above Bb,1/3,"Agnew, Roy, 2 Piano Pieces, FxJoaQcBkvw.mid",588
enharmonic equivalent to dominant-ninth above Bb,enharmonic equivalent to dominant-ninth above Bb,2/3,"Agnew, Roy, 2 Piano Pieces, FxJoaQcBkvw.mid",589
enharmonic equivalent to dominant-ninth above Bb,G-dorian hexachord,1/12,"Agnew, Roy, 2 Piano Pieces, FxJoaQcBkvw.mid",590
G-dorian hexachord,D-quartal tetramirror,0.25,"Agnew, Roy, 2 Piano Pieces, FxJoaQcBkvw.mid",591
D-quartal tetramirror,G-quartal tetramirror,1/6,"Agnew, Roy, 2 Piano Pieces, FxJoaQcBkvw.mid",592
G-quartal tetramirror,G-major pentatonic,5/6,"Agnew, Roy, 2 Piano Pieces, FxJoaQcBkvw.mid",593
G-major pentatonic,G-major pentatonic,7/6,"Agnew, Roy, 2 Piano Pieces, FxJoaQcBkvw.mid",594
G-major pentatonic,G-major pentatonic,1/6,"Agnew, Roy, 2 Piano Pieces, FxJoaQcBkvw.mid",595
G-major pentatonic,G-major pentatonic,1/12,"Agnew, Roy, 2 Piano Pieces, FxJoaQcBkvw.mid",596
G-major pentatonic,G-major pentatonic,1/12,"Agnew, Roy, 2 Piano Pieces, FxJoaQcBkvw.mid",597
G-major pentatonic,G-major pentatonic,1/6,"Agnew, Roy, 2 Piano Pieces, FxJoaQcBkvw.mid",598
G-major pentatonic,G-minor seventh chord,7/12,"Agnew, Roy, 2 Piano Pieces, FxJoaQcBkvw.mid",599
G-minor seventh chord,G-minor triad,13/12,"Agnew, Roy, 2 Piano Pieces, FxJoaQcBkvw.mid",600
G-minor triad,G-minor triad,1/12,"Agnew, Roy, 2 Piano Pieces, FxJoaQcBkvw.mid",601
G-minor triad,G-minor triad,1/12,"Agnew, Roy, 2 Piano Pieces, FxJoaQcBkvw.mid",602
G-minor triad,Perfect Fifth above G,1/12,"Agnew, Roy, 2 Piano Pieces, FxJoaQcBkvw.mid",603
Perfect Fifth above G,G,1.0,"Agnew, Roy, 2 Piano Pieces, FxJoaQcBkvw.mid",604
G,F-quartal trichord,1/3,"Agnew, Roy, 2 Piano Pieces, FxJoaQcBkvw.mid",605
F-quartal trichord,C-perfect-fourth minor tetrachord,2/3,"Agnew, Roy, 2 Piano Pieces, FxJoaQcBkvw.mid",606
C-perfect-fourth minor tetrachord,C-perfect-fourth minor tetrachord,0.5,"Agnew, Roy, 2 Piano Pieces, FxJoaQcBkvw.mid",607
C-perfect-fourth minor tetrachord,C-dorian pentachord,1/12,"Agnew, Roy, 2 Piano Pieces, FxJoaQcBkvw.mid",608
C-dorian pentachord,C-dorian pentachord,2/3,"Agnew, Roy, 2 Piano Pieces, FxJoaQcBkvw.mid",609
C-dorian pentachord,D-minor tetramirror,1/12,"Agnew, Roy, 2 Piano Pieces, FxJoaQcBkvw.mid",610
D-minor tetramirror,C-dorian pentachord,2/3,"Agnew, Roy, 2 Piano Pieces, FxJoaQcBkvw.mid",611
C-dorian pentachord,C-dorian pentachord,1/6,"Agnew, Roy, 2 Piano Pieces, FxJoaQcBkvw.mid",612
C-dorian pentachord,C-dorian pentachord,1/12,"Agnew, Roy, 2 Piano Pieces, FxJoaQcBkvw.mid",613
C-dorian pentachord,C-dorian pentachord,0.25,"Agnew, Roy, 2 Piano Pieces, FxJoaQcBkvw.mid",614
C-dorian pentachord,C-dorian pentachord,1/6,"Agnew, Roy, 2 Piano Pieces, FxJoaQcBkvw.mid",615
C-dorian pentachord,C-dorian pentachord,1/12,"Agnew, Roy, 2 Piano Pieces, FxJoaQcBkvw.mid",616
C-dorian pentachord,Eb-incomplete major-seventh chord,1/12,"Agnew, Roy, 2 Piano Pieces, FxJoaQcBkvw.mid",617
Eb-incomplete major-seventh chord,Minor Sixth above D,0.75,"Agnew, Roy, 2 Piano Pieces, FxJoaQcBkvw.mid",618
Minor Sixth above D,Bb-quartal trichord,0.25,"Agnew, Roy, 2 Piano Pieces, FxJoaQcBkvw.mid",619
Bb-quartal trichord,Bb-quartal trichord,0.25,"Agnew, Roy, 2 Piano Pieces, FxJoaQcBkvw.mid",620
Bb-quartal trichord,Bb-quartal trichord,0.25,"Agnew, Roy, 2 Piano Pieces, FxJoaQcBkvw.mid",621
Bb-quartal trichord,Bb-major-second major tetrachord,0.5,"Agnew, Roy, 2 Piano Pieces, FxJoaQcBkvw.mid",622
Bb-major-second major tetrachord,Bb-major-second major tetrachord,1/3,"Agnew, Roy, 2 Piano Pieces, FxJoaQcBkvw.mid",623
Bb-major-second major tetrachord,Bb-major pentachord,1/12,"Agnew, Roy, 2 Piano Pieces, FxJoaQcBkvw.mid",624
Bb-major pentachord,Bb-perfect-fourth major tetrachord,1/12,"Agnew, Roy, 2 Piano Pieces, FxJoaQcBkvw.mid",625
Bb-perfect-fourth major tetrachord,E-,1/6,"Agnew, Roy, 2 Piano Pieces, FxJoaQcBkvw.mid",626
E-,A-half-diminished seventh chord,1.0,"Agnew, Roy, 2 Piano Pieces, FxJoaQcBkvw.mid",627
A-half-diminished seventh chord,A-Kumoi pentachord,2/3,"Agnew, Roy, 2 Piano Pieces, FxJoaQcBkvw.mid",628
A-Kumoi pentachord,A-quartal tetramirror,1/6,"Agnew, Roy, 2 Piano Pieces, FxJoaQcBkvw.mid",629
A-quartal tetramirror,A-Kumoi pentachord,0.5,"Agnew, Roy, 2 Piano Pieces, FxJoaQcBkvw.mid",630
A-Kumoi pentachord,A-Kumoi pentachord,1/6,"Agnew, Roy, 2 Piano Pieces, FxJoaQcBkvw.mid",631
A-Kumoi pentachord,A-perfect-fourth diminished tetrachord,1/12,"Agnew, Roy, 2 Piano Pieces, FxJoaQcBkvw.mid",632
A-perfect-fourth diminished tetrachord,A-Kumoi pentachord,2/3,"Agnew, Roy, 2 Piano Pieces, FxJoaQcBkvw.mid",633
A-Kumoi pentachord,Eb-incomplete major-seventh chord,1/12,"Agnew, Roy, 2 Piano Pieces, FxJoaQcBkvw.mid",634
Eb-incomplete major-seventh chord,Bb-major seventh chord,0.75,"Agnew, Roy, 2 Piano Pieces, FxJoaQcBkvw.mid",635
Bb-major seventh chord,Bb-major triad,0.25,"Agnew, Roy, 2 Piano Pieces, FxJoaQcBkvw.mid",636
Bb-major triad,G-minor seventh chord,0.5,"Agnew, Roy, 2 Piano Pieces, FxJoaQcBkvw.mid",637
G-minor seventh chord,E-diminished-major ninth chord,7/12,"Agnew, Roy, 2 Piano Pieces, FxJoaQcBkvw.mid",638
E-diminished-major ninth chord,E-phrygian trichord,1/6,"Agnew, Roy, 2 Piano Pieces, FxJoaQcBkvw.mid",639
E-phrygian trichord,E-diminished-major ninth chord,0.75,"Agnew, Roy, 2 Piano Pieces, FxJoaQcBkvw.mid",640
E-diminished-major ninth chord,E-diminished-major ninth chord,1/3,"Agnew, Roy, 2 Piano Pieces, FxJoaQcBkvw.mid",641
E-diminished-major ninth chord,Bb-all-interval tetrachord,1/6,"Agnew, Roy, 2 Piano Pieces, FxJoaQcBkvw.mid",642
Bb-all-interval tetrachord,E-diminished-major ninth chord,0.5,"Agnew, Roy, 2 Piano Pieces, FxJoaQcBkvw.mid",643
E-diminished-major ninth chord,E-diminished-major ninth chord,0.25,"Agnew, Roy, 2 Piano Pieces, FxJoaQcBkvw.mid",644
E-diminished-major ninth chord,E-minor hexachord,1/6,"Agnew, Roy, 2 Piano Pieces, FxJoaQcBkvw.mid",645
E-minor hexachord,E-Kumoi pentachord,1/12,"Agnew, Roy, 2 Piano Pieces, FxJoaQcBkvw.mid",646
E-Kumoi pentachord,A-tritone-fourth,1/12,"Agnew, Roy, 2 Piano Pieces, FxJoaQcBkvw.mid",647
A-tritone-fourth,A,1/12,"Agnew, Roy, 2 Piano Pieces, FxJoaQcBkvw.mid",648
A,F-major triad,1.0,"Agnew, Roy, 2 Piano Pieces, FxJoaQcBkvw.mid",649
F-major triad,F-major triad,7/12,"Agnew, Roy, 2 Piano Pieces, FxJoaQcBkvw.mid",650
F-major triad,F-major triad,1/12,"Agnew, Roy, 2 Piano Pieces, FxJoaQcBkvw.mid",651
F-major triad,Minor Third above A,1/6,"Agnew, Roy, 2 Piano Pieces, FxJoaQcBkvw.mid",652
Minor Third above A,C-major-second major tetrachord,1/6,"Agnew, Roy, 2 Piano Pieces, FxJoaQcBkvw.mid",653
C-major-second major tetrachord,C-dominant-ninth,1/3,"Agnew, Roy, 2 Piano Pieces, FxJoaQcBkvw.mid",654
C-dominant-ninth,C-dominant-ninth,0.5,"Agnew, Roy, 2 Piano Pieces, FxJoaQcBkvw.mid",655
C-dominant-ninth,A-dorian hexachord,7/6,"Agnew, Roy, 2 Piano Pieces, FxJoaQcBkvw.mid",656
A-dorian hexachord,A-major pentatonic,1/12,"Agnew, Roy, 2 Piano Pieces, FxJoaQcBkvw.mid",657
A-major pentatonic,A-dorian hexachord,1.0,"Agnew, Roy, 2 Piano Pieces, FxJoaQcBkvw.mid",658
A-dorian hexachord,C,1/6,"Agnew, Roy, 2 Piano Pieces, FxJoaQcBkvw.mid",659
C,G,0.5,"Agnew, Roy, 2 Piano Pieces, FxJoaQcBkvw.mid",660
G,Major Second above F,0.25,"Agnew, Roy, 2 Piano Pieces, FxJoaQcBkvw.mid",661
Major Second above F,F,0.25,"Agnew, Roy, 2 Piano Pieces, FxJoaQcBkvw.mid",662
F,F-dominant seventh chord,1.0,"Agnew, Roy, 2 Piano Pieces, FxJoaQcBkvw.mid",663
F-dominant seventh chord,F-dominant seventh chord,0.25,"Agnew, Roy, 2 Piano Pieces, FxJoaQcBkvw.mid",664
F-dominant seventh chord,F-dominant seventh chord,0.5,"Agnew, Roy, 2 Piano Pieces, FxJoaQcBkvw.mid",665
F-dominant seventh chord,Bb-locrian hexachord,1/12,"Agnew, Roy, 2 Piano Pieces, FxJoaQcBkvw.mid",666
Bb-locrian hexachord,Bb-locrian hexachord,1/6,"Agnew, Roy, 2 Piano Pieces, FxJoaQcBkvw.mid",667
Bb-locrian hexachord,Bb-major-second major tetrachord,0.5,"Agnew, Roy, 2 Piano Pieces, FxJoaQcBkvw.mid",668
Bb-major-second major tetrachord,Bb-major-second major tetrachord,1.0,"Agnew, Roy, 2 Piano Pieces, FxJoaQcBkvw.mid",669
Bb-major-second major tetrachord,Bb-major-second major tetrachord,0.25,"Agnew, Roy, 2 Piano Pieces, FxJoaQcBkvw.mid",670
Bb-major-second major tetrachord,Bb-major-second major tetrachord,0.25,"Agnew, Roy, 2 Piano Pieces, FxJoaQcBkvw.mid",671
Bb-major-second major tetrachord,Bb-major-second major tetrachord,0.25,"Agnew, Roy, 2 Piano Pieces, FxJoaQcBkvw.mid",672
Bb-major-second major tetrachord,Bb-quartal trichord,1/12,"Agnew, Roy, 2 Piano Pieces, FxJoaQcBkvw.mid",673
Bb-quartal trichord,Bb-major seventh chord,1/6,"Agnew, Roy, 2 Piano Pieces, FxJoaQcBkvw.mid",674
Bb-major seventh chord,Perfect Fifth above D,1/6,"Agnew, Roy, 2 Piano Pieces, FxJoaQcBkvw.mid",675
Perfect Fifth above D,D-minor triad,13/12,"Agnew, Roy, 2 Piano Pieces, FxJoaQcBkvw.mid",676
D-minor triad,D-minor triad,1/6,"Agnew, Roy, 2 Piano Pieces, FxJoaQcBkvw.mid",677
D-minor triad,D-minor triad,11/12,"Agnew, Roy, 2 Piano Pieces, FxJoaQcBkvw.mid",678
D-minor triad,F,1/6,"Agnew, Roy, 2 Piano Pieces, FxJoaQcBkvw.mid",679
F,C-major triad,0.75,"Agnew, Roy, 2 Piano Pieces, FxJoaQcBkvw.mid",680
C-major triad,C-major triad,2/3,"Agnew, Roy, 2 Piano Pieces, FxJoaQcBkvw.mid",681
C-major triad,C-dominant seventh chord,19/12,"Agnew, Roy, 2 Piano Pieces, FxJoaQcBkvw.mid",682
C-dominant seventh chord,Bb-quartal trichord,1/12,"Agnew, Roy, 2 Piano Pieces, FxJoaQcBkvw.mid",683
Bb-quartal trichord,Perfect Fourth above C,5/3,"Agnew, Roy, 2 Piano Pieces, FxJoaQcBkvw.mid",684
Perfect Fourth above C,Perfect Fourth above C,1.5,"Agnew, Roy, 2 Piano Pieces, FxJoaQcBkvw.mid",685
Perfect Fourth above C,F-incomplete major-seventh chord,1/12,"Agnew, Roy, 2 Piano Pieces, FxJoaQcBkvw.mid",686
F-incomplete major-seventh chord,F-incomplete major-seventh chord,29/12,"Agnew, Roy, 2 Piano Pieces, FxJoaQcBkvw.mid",687
F-incomplete major-seventh chord,F-incomplete major-seventh chord,4.0,"Agnew, Roy, 2 Piano Pieces, FxJoaQcBkvw.mid",688
F-incomplete major-seventh chord,F-incomplete major-seventh chord,2.25,"Agnew, Roy, 2 Piano Pieces, FxJoaQcBkvw.mid",689
F-incomplete major-seventh chord,Major Third above C,7/12,"Agnew, Roy, 2 Piano Pieces, FxJoaQcBkvw.mid",690
START,Minor Seventh above F#,0.25,"Agnew, Roy, 2 Piano Solos, FxJoaQcBkvw.mid",0
Minor Seventh above F#,E,5/12,"Agnew, Roy, 2 Piano Solos, FxJoaQcBkvw.mid",1
E,E,1/12,"Agnew, Roy, 2 Piano Solos, FxJoaQcBkvw.mid",2
E,F,2/3,"Agnew, Roy, 2 Piano Solos, FxJoaQcBkvw.mid",3
F,Minor Sixth above A,2/3,"Agnew, Roy, 2 Piano Solos, FxJoaQcBkvw.mid",4
Minor Sixth above A,F-major triad,0.25,"Agnew, Roy, 2 Piano Solos, FxJoaQcBkvw.mid",5
F-major triad,F-major triad,1/6,"Agnew, Roy, 2 Piano Solos, FxJoaQcBkvw.mid",6
F-major triad,Minor Third above A,1/6,"Agnew, Roy, 2 Piano Solos, FxJoaQcBkvw.mid",7
Minor Third above A,C-incomplete major-seventh chord,1/12,"Agnew, Roy, 2 Piano Solos, FxJoaQcBkvw.mid",8
C-incomplete major-seventh chord,Perfect Fourth above B,1/6,"Agnew, Roy, 2 Piano Solos, FxJoaQcBkvw.mid",9
Perfect Fourth above B,E,0.25,"Agnew, Roy, 2 Piano Solos, FxJoaQcBkvw.mid",10
E,Major Sixth above G,7/12,"Agnew, Roy, 2 Piano Solos, FxJoaQcBkvw.mid",11
Major Sixth above G,C-major triad,5/12,"Agnew, Roy, 2 Piano Solos, FxJoaQcBkvw.mid",12
C-major triad,C-major triad,0.25,"Agnew, Roy, 2 Piano Solos, FxJoaQcBkvw.mid",13
C-major triad,C-major triad,0.5,"Agnew, Roy, 2 Piano Solos, FxJoaQcBkvw.mid",14
C-major triad,C-major-second major tetrachord,0.5,"Agnew, Roy, 2 Piano Solos, FxJoaQcBkvw.mid",15
C-major-second major tetrachord,C-major-second major tetrachord,2/3,"Agnew, Roy, 2 Piano Solos, FxJoaQcBkvw.mid",16
C-major-second major tetrachord,C-incomplete major-seventh chord,1/12,"Agnew, Roy, 2 Piano Solos, FxJoaQcBkvw.mid",17
C-incomplete major-seventh chord,C-incomplete major-seventh chord,1/6,"Agnew, Roy, 2 Piano Solos, FxJoaQcBkvw.mid",18
C-incomplete major-seventh chord,Perfect Fourth above G,1/3,"Agnew, Roy, 2 Piano Solos, FxJoaQcBkvw.mid",19
Perfect Fourth above G,F-quartal trichord,0.75,"Agnew, Roy, 2 Piano Solos, FxJoaQcBkvw.mid",20
F-quartal trichord,F-major-second major tetrachord,5/12,"Agnew, Roy, 2 Piano Solos, FxJoaQcBkvw.mid",21
F-major-second major tetrachord,F-major triad,1/12,"Agnew, Roy, 2 Piano Solos, FxJoaQcBkvw.mid",22
F-major triad,Minor Third above A,1/6,"Agnew, Roy, 2 Piano Solos, FxJoaQcBkvw.mid",23
Minor Third above A,Minor Sixth above E,1/3,"Agnew, Roy, 2 Piano Solos, FxJoaQcBkvw.mid",24
Minor Sixth above E,Minor Sixth above E,5/3,"Agnew, Roy, 2 Piano Solos, FxJoaQcBkvw.mid",25
Minor Sixth above E,Minor Seventh above D,1.25,"Agnew, Roy, 2 Piano Solos, FxJoaQcBkvw.mid",26
Minor Seventh above D,D,1/3,"Agnew, Roy, 2 Piano Solos, FxJoaQcBkvw.mid",27
D,Major Sixth above D,1/12,"Agnew, Roy, 2 Piano Solos, FxJoaQcBkvw.mid",28
Major Sixth above D,B,2/3,"Agnew, Roy, 2 Piano Solos, FxJoaQcBkvw.mid",29
B,C,1.0,"Agnew, Roy, 2 Piano Solos, FxJoaQcBkvw.mid",30
C,Major Third above C,0.25,"Agnew, Roy, 2 Piano Solos, FxJoaQcBkvw.mid",31
Major Third above C,C-incomplete major-seventh chord,5/12,"Agnew, Roy, 2 Piano Solos, FxJoaQcBkvw.mid",32
C-incomplete major-seventh chord,C-major seventh chord,1/3,"Agnew, Roy, 2 Piano Solos, FxJoaQcBkvw.mid",33
C-major seventh chord,Minor Third above E,1/6,"Agnew, Roy, 2 Piano Solos, FxJoaQcBkvw.mid",34
Minor Third above E,E,1/12,"Agnew, Roy, 2 Piano Solos, FxJoaQcBkvw.mid",35
E,B,0.5,"Agnew, Roy, 2 Piano Solos, FxJoaQcBkvw.mid",36
B,Major Sixth above D,0.75,"Agnew, Roy, 2 Piano Solos, FxJoaQcBkvw.mid",37
Major Sixth above D,B-incomplete minor-seventh chord,0.5,"Agnew, Roy, 2 Piano Solos, FxJoaQcBkvw.mid",38
B-incomplete minor-seventh chord,G-major-second major tetrachord,0.75,"Agnew, Roy, 2 Piano Solos, FxJoaQcBkvw.mid",39
G-major-second major tetrachord,G-major-second major tetrachord,0.25,"Agnew, Roy, 2 Piano Solos, FxJoaQcBkvw.mid",40
G-major-second major tetrachord,G-major-ninth chord,0.5,"Agnew, Roy, 2 Piano Solos, FxJoaQcBkvw.mid",41
G-major-ninth chord,G-major-ninth chord,0.5,"Agnew, Roy, 2 Piano Solos, FxJoaQcBkvw.mid",42
G-major-ninth chord,G,2/3,"Agnew, Roy, 2 Piano Solos, FxJoaQcBkvw.mid",43
G,G,7/12,"Agnew, Roy, 2 Piano Solos, FxJoaQcBkvw.mid",44
G,Perfect Fifth above G,0.5,"Agnew, Roy, 2 Piano Solos, FxJoaQcBkvw.mid",45
Perfect Fifth above G,G-major triad,0.25,"Agnew, Roy, 2 Piano Solos, FxJoaQcBkvw.mid",46
G-major triad,G-major triad,1/3,"Agnew, Roy, 2 Piano Solos, FxJoaQcBkvw.mid",47
G-major triad,G-major triad,5/12,"Agnew, Roy, 2 Piano Solos, FxJoaQcBkvw.mid",48
G-major triad,Perfect Fifth above G,0.25,"Agnew, Roy, 2 Piano Solos, FxJoaQcBkvw.mid",49
Perfect Fifth above G,Perfect Fifth above G,1/3,"Agnew, Roy, 2 Piano Solos, FxJoaQcBkvw.mid",50
Perfect Fifth above G,Perfect Fifth above G,1/12,"Agnew, Roy, 2 Piano Solos, FxJoaQcBkvw.mid",51
Perfect Fifth above G,Perfect Fourth above D,1/12,"Agnew, Roy, 2 Piano Solos, FxJoaQcBkvw.mid",52
Perfect Fourth above D,Perfect Fifth above G,1/6,"Agnew, Roy, 2 Piano Solos, FxJoaQcBkvw.mid",53
Perfect Fifth above G,E-tritone-fourth,0.25,"Agnew, Roy, 2 Piano Solos, FxJoaQcBkvw.mid",54
E-tritone-fourth,Major Seventh above F,1/3,"Agnew, Roy, 2 Piano Solos, FxJoaQcBkvw.mid",55
Major Seventh above F,D-minor trichord,0.5,"Agnew, Roy, 2 Piano Solos, FxJoaQcBkvw.mid",56
D-minor trichord,D-minor trichord,1/6,"Agnew, Roy, 2 Piano Solos, FxJoaQcBkvw.mid",57
D-minor trichord,D-minor trichord,1/6,"Agnew, Roy, 2 Piano Solos, FxJoaQcBkvw.mid",58
D-minor trichord,F,1/12,"Agnew, Roy, 2 Piano Solos, FxJoaQcBkvw.mid",59
F,C-major triad,2/3,"Agnew, Roy, 2 Piano Solos, FxJoaQcBkvw.mid",60
C-major triad,C-major triad,1/3,"Agnew, Roy, 2 Piano Solos, FxJoaQcBkvw.mid",61
C-major triad,Minor Third above E,1/6,"Agnew, Roy, 2 Piano Solos, FxJoaQcBkvw.mid",62
Minor Third above E,C-major triad,1/3,"Agnew, Roy, 2 Piano Solos, FxJoaQcBkvw.mid",63
C-major triad,C,1/6,"Agnew, Roy, 2 Piano Solos, FxJoaQcBkvw.mid",64
C,Perfect Fifth above F,0.25,"Agnew, Roy, 2 Piano Solos, FxJoaQcBkvw.mid",65
Perfect Fifth above F,D-incomplete minor-seventh chord,0.5,"Agnew, Roy, 2 Piano Solos, FxJoaQcBkvw.mid",66
D-incomplete minor-seventh chord,D-minor seventh chord,1/6,"Agnew, Roy, 2 Piano Solos, FxJoaQcBkvw.mid",67
D-minor seventh chord,D-minor seventh chord,1/12,"Agnew, Roy, 2 Piano Solos, FxJoaQcBkvw.mid",68
D-minor seventh chord,D-minor seventh chord,1/3,"Agnew, Roy, 2 Piano Solos, FxJoaQcBkvw.mid",69
D-minor seventh chord,D-minor seventh chord,1/12,"Agnew, Roy, 2 Piano Solos, FxJoaQcBkvw.mid",70
D-minor seventh chord,D-minor seventh chord,0.25,"Agnew, Roy, 2 Piano Solos, FxJoaQcBkvw.mid",71
D-minor seventh chord,D-incomplete dominant-seventh chord,1/12,"Agnew, Roy, 2 Piano Solos, FxJoaQcBkvw.mid",72
D-incomplete dominant-seventh chord,Major Sixth above C,1/12,"Agnew, Roy, 2 Piano Solos, FxJoaQcBkvw.mid",73
Major Sixth above C,G-major triad,0.5,"Agnew, Roy, 2 Piano Solos, FxJoaQcBkvw.mid",74
G-major triad,G-major triad,0.5,"Agnew, Roy, 2 Piano Solos, FxJoaQcBkvw.mid",75
G-major triad,G-major triad,0.25,"Agnew, Roy, 2 Piano Solos, FxJoaQcBkvw.mid",76
G-major triad,E-minor seventh chord,0.5,"Agnew, Roy, 2 Piano Solos, FxJoaQcBkvw.mid",77
E-minor seventh chord,E-minor triad,1/6,"Agnew, Roy, 2 Piano Solos, FxJoaQcBkvw.mid",78
E-minor triad,B,1/12,"Agnew, Roy, 2 Piano Solos, FxJoaQcBkvw.mid",79
B,B-diminished triad,2/3,"Agnew, Roy, 2 Piano Solos, FxJoaQcBkvw.mid",80
B-diminished triad,B-diminished triad,0.5,"Agnew, Roy, 2 Piano Solos, FxJoaQcBkvw.mid",81
B-diminished triad,B-diminished triad,1/12,"Agnew, Roy, 2 Piano Solos, FxJoaQcBkvw.mid",82
B-diminished triad,G-dominant seventh chord,5/12,"Agnew, Roy, 2 Piano Solos, FxJoaQcBkvw.mid",83
G-dominant seventh chord,Perfect Fourth above D,1/12,"Agnew, Roy, 2 Piano Solos, FxJoaQcBkvw.mid",84
Perfect Fourth above D,Minor Third above E,7/12,"Agnew, Roy, 2 Piano Solos, FxJoaQcBkvw.mid",85
Minor Third above E,C-major triad,2/3,"Agnew, Roy, 2 Piano Solos, FxJoaQcBkvw.mid",86
C-major triad,C-major triad,0.5,"Agnew, Roy, 2 Piano Solos, FxJoaQcBkvw.mid",87
C-major triad,Perfect Fifth above C,1/12,"Agnew, Roy, 2 Piano Solos, FxJoaQcBkvw.mid",88
Perfect Fifth above C,G,1/6,"Agnew, Roy, 2 Piano Solos, FxJoaQcBkvw.mid",89
G,D-minor seventh chord,0.75,"Agnew, Roy, 2 Piano Solos, FxJoaQcBkvw.mid",90
D-minor seventh chord,D-minor seventh chord,0.25,"Agnew, Roy, 2 Piano Solos, FxJoaQcBkvw.mid",91
D-minor seventh chord,D-major pentatonic,7/12,"Agnew, Roy, 2 Piano Solos, FxJoaQcBkvw.mid",92
D-major pentatonic,G-dominant-eleventh,2/3,"Agnew, Roy, 2 Piano Solos, FxJoaQcBkvw.mid",93
G-dominant-eleventh,B-minor tetramirror,1/12,"Agnew, Roy, 2 Piano Solos, FxJoaQcBkvw.mid",94
B-minor tetramirror,Major Second above A,1/6,"Agnew, Roy, 2 Piano Solos, FxJoaQcBkvw.mid",95
Major Second above A,A,1/12,"Agnew, Roy, 2 Piano Solos, FxJoaQcBkvw.mid",96
A,F-major-second major tetrachord,2/3,"Agnew, Roy, 2 Piano Solos, FxJoaQcBkvw.mid",97
F-major-second major tetrachord,F-major-second major tetrachord,0.25,"Agnew, Roy, 2 Piano Solos, FxJoaQcBkvw.mid",98
F-major-second major tetrachord,F-major-ninth chord,0.5,"Agnew, Roy, 2 Piano Solos, FxJoaQcBkvw.mid",99
F-major-ninth chord,C-perfect-fourth major tetrachord,1/12,"Agnew, Roy, 2 Piano Solos, FxJoaQcBkvw.mid",100
C-perfect-fourth major tetrachord,Minor Sixth above E,1/6,"Agnew, Roy, 2 Piano Solos, FxJoaQcBkvw.mid",101
Minor Sixth above E,E-minor triad,1.0,"Agnew, Roy, 2 Piano Solos, FxJoaQcBkvw.mid",102
E-minor triad,F-major triad,1.0,"Agnew, Roy, 2 Piano Solos, FxJoaQcBkvw.mid",103
F-major triad,F-major triad,0.5,"Agnew, Roy, 2 Piano Solos, FxJoaQcBkvw.mid",104
F-major triad,F-major triad,1/3,"Agnew, Roy, 2 Piano Solos, FxJoaQcBkvw.mid",105
F-major triad,F-all-interval tetrachord,2/3,"Agnew, Roy, 2 Piano Solos, FxJoaQcBkvw.mid",106
F-all-interval tetrachord,F-all-interval tetrachord,1/12,"Agnew, Roy, 2 Piano Solos, FxJoaQcBkvw.mid",107
F-all-interval tetrachord,F-all-interval tetrachord,0.25,"Agnew, Roy, 2 Piano Solos, FxJoaQcBkvw.mid",108
F-all-interval tetrachord,F-all-interval tetrachord,7/6,"Agnew, Roy, 2 Piano Solos, FxJoaQcBkvw.mid",109
F-all-interval tetrachord,F-Hirajoshi pentatonic,1.5,"Agnew, Roy, 2 Piano Solos, FxJoaQcBkvw.mid",110
F-Hirajoshi pentatonic,F-major triad,5/6,"Agnew, Roy, 2 Piano Solos, FxJoaQcBkvw.mid",111
F-major triad,C-incomplete major-seventh chord,0.75,"Agnew, Roy, 2 Piano Solos, FxJoaQcBkvw.mid",112
C-incomplete major-seventh chord,Minor Second above B,1/12,"Agnew, Roy, 2 Piano Solos, FxJoaQcBkvw.mid",113
Minor Second above B,B,1/6,"Agnew, Roy, 2 Piano Solos, FxJoaQcBkvw.mid",114
B,A,0.75,"Agnew, Roy, 2 Piano Solos, FxJoaQcBkvw.mid",115
A,Minor Third above A,0.25,"Agnew, Roy, 2 Piano Solos, FxJoaQcBkvw.mid",116
Minor Third above A,Minor Third above A,5/12,"Agnew, Roy, 2 Piano Solos, FxJoaQcBkvw.mid",117
Minor Third above A,A-minor triad,7/12,"Agnew, Roy, 2 Piano Solos, FxJoaQcBkvw.mid",118
A-minor triad,A-minor seventh chord,5/12,"Agnew, Roy, 2 Piano Solos, FxJoaQcBkvw.mid",119
A-minor seventh chord,Major Second above G,1/12,"Agnew, Roy, 2 Piano Solos, FxJoaQcBkvw.mid",120
Major Second above G,B,0.25,"Agnew, Roy, 2 Piano Solos, FxJoaQcBkvw.mid",121
B,B,1/3,"Agnew, Roy, 2 Piano Solos, FxJoaQcBkvw.mid",122
B,Major Sixth above D,5/12,"Agnew, Roy, 2 Piano Solos, FxJoaQcBkvw.mid",123
Major Sixth above D,B-incomplete minor-seventh chord,0.75,"Agnew, Roy, 2 Piano Solos, FxJoaQcBkvw.mid",124
B-incomplete minor-seventh chord,G-major-second major tetrachord,0.5,"Agnew, Roy, 2 Piano Solos, FxJoaQcBkvw.mid",125
G-major-second major tetrachord,G-major-second major tetrachord,1/3,"Agnew, Roy, 2 Piano Solos, FxJoaQcBkvw.mid",126
G-major-second major tetrachord,G-major-ninth chord,5/12,"Agnew, Roy, 2 Piano Solos, FxJoaQcBkvw.mid",127
G-major-ninth chord,G-major-ninth chord,1/3,"Agnew, Roy, 2 Piano Solos, FxJoaQcBkvw.mid",128
G-major-ninth chord,G-whole-tone trichord,1/12,"Agnew, Roy, 2 Piano Solos, FxJoaQcBkvw.mid",129
G-whole-tone trichord,Major Second above A,1/12,"Agnew, Roy, 2 Piano Solos, FxJoaQcBkvw.mid",130
Major Second above A,B,1/12,"Agnew, Roy, 2 Piano Solos, FxJoaQcBkvw.mid",131
B,Minor Sixth above B,1/6,"Agnew, Roy, 2 Piano Solos, FxJoaQcBkvw.mid",132
Minor Sixth above B,G,0.5,"Agnew, Roy, 2 Piano Solos, FxJoaQcBkvw.mid",133
G,G,1/3,"Agnew, Roy, 2 Piano Solos, FxJoaQcBkvw.mid",134
G,Perfect Fifth above G,2/3,"Agnew, Roy, 2 Piano Solos, FxJoaQcBkvw.mid",135
Perfect Fifth above G,G-major triad,2/3,"Agnew, Roy, 2 Piano Solos, FxJoaQcBkvw.mid",136
G-major triad,E-minor seventh chord,7/12,"Agnew, Roy, 2 Piano Solos, FxJoaQcBkvw.mid",137
E-minor seventh chord,E-minor seventh chord,1/12,"Agnew, Roy, 2 Piano Solos, FxJoaQcBkvw.mid",138
E-minor seventh chord,B,1/6,"Agnew, Roy, 2 Piano Solos, FxJoaQcBkvw.mid",139
B,Major Sixth above G,2/3,"Agnew, Roy, 2 Piano Solos, FxJoaQcBkvw.mid",140
Major Sixth above G,Minor Third above D,2/3,"Agnew, Roy, 2 Piano Solos, FxJoaQcBkvw.mid",141
Minor Third above D,Minor Third above D,0.25,"Agnew, Roy, 2 Piano Solos, FxJoaQcBkvw.mid",142
Minor Third above D,D-minor triad,0.25,"Agnew, Roy, 2 Piano Solos, FxJoaQcBkvw.mid",143
D-minor triad,D-minor triad,0.25,"Agnew, Roy, 2 Piano Solos, FxJoaQcBkvw.mid",144
D-minor triad,D-minor seventh chord,0.25,"Agnew, Roy, 2 Piano Solos, FxJoaQcBkvw.mid",145
D-minor seventh chord,D-minor seventh chord,1/12,"Agnew, Roy, 2 Piano Solos, FxJoaQcBkvw.mid",146
D-minor seventh chord,Minor Third above A,1/6,"Agnew, Roy, 2 Piano Solos, FxJoaQcBkvw.mid",147
Minor Third above A,E,0.5,"Agnew, Roy, 2 Piano Solos, FxJoaQcBkvw.mid",148
E,Major Sixth above G,2/3,"Agnew, Roy, 2 Piano Solos, FxJoaQcBkvw.mid",149
Major Sixth above G,E-phrygian trichord,7/12,"Agnew, Roy, 2 Piano Solos, FxJoaQcBkvw.mid",150
E-phrygian trichord,E-all-interval tetrachord,0.5,"Agnew, Roy, 2 Piano Solos, FxJoaQcBkvw.mid",151
E-all-interval tetrachord,E-minor-diminished ninth chord,0.25,"Agnew, Roy, 2 Piano Solos, FxJoaQcBkvw.mid",152
E-minor-diminished ninth chord,E-minor-diminished ninth chord,0.5,"Agnew, Roy, 2 Piano Solos, FxJoaQcBkvw.mid",153
E-minor-diminished ninth chord,E-minor-diminished ninth chord,0.5,"Agnew, Roy, 2 Piano Solos, FxJoaQcBkvw.mid",154
E-minor-diminished ninth chord,E-minor-diminished ninth chord,1/12,"Agnew, Roy, 2 Piano Solos, FxJoaQcBkvw.mid",155
E-minor-diminished ninth chord,E-all-interval tetrachord,1/12,"Agnew, Roy, 2 Piano Solos, FxJoaQcBkvw.mid",156
E-all-interval tetrachord,E-minor triad,1/12,"Agnew, Roy, 2 Piano Solos, FxJoaQcBkvw.mid",157
E-minor triad,C,5/12,"Agnew, Roy, 2 Piano Solos, FxJoaQcBkvw.mid",158
C,C,7/12,"Agnew, Roy, 2 Piano Solos, FxJoaQcBkvw.mid",159
C,Perfect Fifth above C,0.5,"Agnew, Roy, 2 Piano Solos, FxJoaQcBkvw.mid",160
Perfect Fifth above C,C-major triad,0.75,"Agnew, Roy, 2 Piano Solos, FxJoaQcBkvw.mid",161
C-major triad,C-major triad,0.5,"Agnew, Roy, 2 Piano Solos, FxJoaQcBkvw.mid",162
C-major triad,C-major triad,0.5,"Agnew, Roy, 2 Piano Solos, FxJoaQcBkvw.mid",163
C-major triad,Perfect Fifth above C,1/6,"Agnew, Roy, 2 Piano Solos, FxJoaQcBkvw.mid",164
Perfect Fifth above C,Perfect Fourth above G,1/12,"Agnew, Roy, 2 Piano Solos, FxJoaQcBkvw.mid",165
Perfect Fourth above G,A-minor triad,0.5,"Agnew, Roy, 2 Piano Solos, FxJoaQcBkvw.mid",166
A-minor triad,A-minor seventh chord,1/6,"Agnew, Roy, 2 Piano Solos, FxJoaQcBkvw.mid",167
A-minor seventh chord,A-minor seventh chord,1/3,"Agnew, Roy, 2 Piano Solos, FxJoaQcBkvw.mid",168
A-minor seventh chord,A-minor seventh chord,1/3,"Agnew, Roy, 2 Piano Solos, FxJoaQcBkvw.mid",169
A-minor seventh chord,C-major triad,1/6,"Agnew, Roy, 2 Piano Solos, FxJoaQcBkvw.mid",170
C-major triad,G-major triad,0.5,"Agnew, Roy, 2 Piano Solos, FxJoaQcBkvw.mid",171
G-major triad,Minor Third above B,1/12,"Agnew, Roy, 2 Piano Solos, FxJoaQcBkvw.mid",172
Minor Third above B,G-major triad,0.5,"Agnew, Roy, 2 Piano Solos, FxJoaQcBkvw.mid",173
G-major triad,G-major triad,0.25,"Agnew, Roy, 2 Piano Solos, FxJoaQcBkvw.mid",174
G-major triad,G-major triad,1/6,"Agnew, Roy, 2 Piano Solos, FxJoaQcBkvw.mid",175
G-major triad,Perfect Fourth above D,1/12,"Agnew, Roy, 2 Piano Solos, FxJoaQcBkvw.mid",176
Perfect Fourth above D,G,1/12,"Agnew, Roy, 2 Piano Solos, FxJoaQcBkvw.mid",177
G,A-incomplete minor-seventh chord,1/12,"Agnew, Roy, 2 Piano Solos, FxJoaQcBkvw.mid",178
A-incomplete minor-seventh chord,A-incomplete minor-seventh chord,7/12,"Agnew, Roy, 2 Piano Solos, FxJoaQcBkvw.mid",179
A-incomplete minor-seventh chord,A-minor seventh chord,0.5,"Agnew, Roy, 2 Piano Solos, FxJoaQcBkvw.mid",180
A-minor seventh chord,A-minor seventh chord,0.5,"Agnew, Roy, 2 Piano Solos, FxJoaQcBkvw.mid",181
A-minor seventh chord,D-major triad,0.5,"Agnew, Roy, 2 Piano Solos, FxJoaQcBkvw.mid",182
D-major triad,D-major triad,0.25,"Agnew, Roy, 2 Piano Solos, FxJoaQcBkvw.mid",183
D-major triad,Perfect Fifth above D,1/3,"Agnew, Roy, 2 Piano Solos, FxJoaQcBkvw.mid",184
Perfect Fifth above D,B-incomplete minor-seventh chord,5/12,"Agnew, Roy, 2 Piano Solos, FxJoaQcBkvw.mid",185
B-incomplete minor-seventh chord,B-incomplete minor-seventh chord,1/12,"Agnew, Roy, 2 Piano Solos, FxJoaQcBkvw.mid",186
B-incomplete minor-seventh chord,Perfect Fourth above A,1/6,"Agnew, Roy, 2 Piano Solos, FxJoaQcBkvw.mid",187
Perfect Fourth above A,F#-diminished triad,2/3,"Agnew, Roy, 2 Piano Solos, FxJoaQcBkvw.mid",188
F#-diminished triad,F#-diminished triad,7/12,"Agnew, Roy, 2 Piano Solos, FxJoaQcBkvw.mid",189
F#-diminished triad,D-dominant seventh chord,0.25,"Agnew, Roy, 2 Piano Solos, FxJoaQcBkvw.mid",190
D-dominant seventh chord,Perfect Fourth above A,1/6,"Agnew, Roy, 2 Piano Solos, FxJoaQcBkvw.mid",191
Perfect Fourth above A,D,1/12,"Agnew, Roy, 2 Piano Solos, FxJoaQcBkvw.mid",192
D,Minor Third above B,0.75,"Agnew, Roy, 2 Piano Solos, FxJoaQcBkvw.mid",193
Minor Third above B,G-major triad,0.25,"Agnew, Roy, 2 Piano Solos, FxJoaQcBkvw.mid",194
G-major triad,G-major triad,0.25,"Agnew, Roy, 2 Piano Solos, FxJoaQcBkvw.mid",195
G-major triad,G-major triad,5/12,"Agnew, Roy, 2 Piano Solos, FxJoaQcBkvw.mid",196
G-major triad,Perfect Fifth above G,1/12,"Agnew, Roy, 2 Piano Solos, FxJoaQcBkvw.mid",197
Perfect Fifth above G,F#-half-diminished seventh chord,0.25,"Agnew, Roy, 2 Piano Solos, FxJoaQcBkvw.mid",198
F#-half-diminished seventh chord,A-minor triad,1/3,"Agnew, Roy, 2 Piano Solos, FxJoaQcBkvw.mid",199
A-minor triad,A-perfect-fourth minor tetrachord,1/12,"Agnew, Roy, 2 Piano Solos, FxJoaQcBkvw.mid",200
A-perfect-fourth minor tetrachord,A-perfect-fourth minor tetrachord,1/12,"Agnew, Roy, 2 Piano Solos, FxJoaQcBkvw.mid",201
A-perfect-fourth minor tetrachord,A-dorian pentachord,0.25,"Agnew, Roy, 2 Piano Solos, FxJoaQcBkvw.mid",202
A-dorian pentachord,A-perfect-fourth minor tetrachord,0.25,"Agnew, Roy, 2 Piano Solos, FxJoaQcBkvw.mid",203
A-perfect-fourth minor tetrachord,D-dominant-ninth,1/3,"Agnew, Roy, 2 Piano Solos, FxJoaQcBkvw.mid",204
D-dominant-ninth,F#-incomplete minor-seventh chord,1/6,"Agnew, Roy, 2 Piano Solos, FxJoaQcBkvw.mid",205
F#-incomplete minor-seventh chord,F#-incomplete minor-seventh chord,1/6,"Agnew, Roy, 2 Piano Solos, FxJoaQcBkvw.mid",206
F#-incomplete minor-seventh chord,E,1/12,"Agnew, Roy, 2 Piano Solos, FxJoaQcBkvw.mid",207
E,C-major-second major tetrachord,11/12,"Agnew, Roy, 2 Piano Solos, FxJoaQcBkvw.mid",208
C-major-second major tetrachord,C-major-ninth chord,5/12,"Agnew, Roy, 2 Piano Solos, FxJoaQcBkvw.mid",209
C-major-ninth chord,E-minor triad,1/12,"Agnew, Roy, 2 Piano Solos, FxJoaQcBkvw.mid",210
E-minor triad,Minor Sixth above B,0.25,"Agnew, Roy, 2 Piano Solos, FxJoaQcBkvw.mid",211
Minor Sixth above B,G-major seventh chord,0.5,"Agnew, Roy, 2 Piano Solos, FxJoaQcBkvw.mid",212
G-major seventh chord,G-major seventh chord,7/12,"Agnew, Roy, 2 Piano Solos, FxJoaQcBkvw.mid",213
G-major seventh chord,B-minor triad,1/12,"Agnew, Roy, 2 Piano Solos, FxJoaQcBkvw.mid",214
B-minor triad,B-minor triad,1/12,"Agnew, Roy, 2 Piano Solos, FxJoaQcBkvw.mid",215
B-minor triad,C-major seventh chord,1/6,"Agnew, Roy, 2 Piano Solos, FxJoaQcBkvw.mid",216
C-major seventh chord,C-major seventh chord,13/12,"Agnew, Roy, 2 Piano Solos, FxJoaQcBkvw.mid",217
C-major seventh chord,C-major triad,0.75,"Agnew, Roy, 2 Piano Solos, FxJoaQcBkvw.mid",218
C-major triad,C-all-interval tetrachord,0.5,"Agnew, Roy, 2 Piano Solos, FxJoaQcBkvw.mid",219
C-all-interval tetrachord,C-major triad,1/6,"Agnew, Roy, 2 Piano Solos, FxJoaQcBkvw.mid",220
C-major triad,E,1/12,"Agnew, Roy, 2 Piano Solos, FxJoaQcBkvw.mid",221
E,Major Sixth above G,0.5,"Agnew, Roy, 2 Piano Solos, FxJoaQcBkvw.mid",222
Major Sixth above G,Major Sixth above G,0.75,"Agnew, Roy, 2 Piano Solos, FxJoaQcBkvw.mid",223
Major Sixth above G,E-minor triad,3.25,"Agnew, Roy, 2 Piano Solos, FxJoaQcBkvw.mid",224
E-minor triad,E,1.0,"Agnew, Roy, 2 Piano Solos, FxJoaQcBkvw.mid",225
E,E-minor triad,0.25,"Agnew, Roy, 2 Piano Solos, FxJoaQcBkvw.mid",226
E-minor triad,Minor Third above E,0.5,"Agnew, Roy, 2 Piano Solos, FxJoaQcBkvw.mid",227
Minor Third above E,E-minor triad,0.5,"Agnew, Roy, 2 Piano Solos, FxJoaQcBkvw.mid",228
E-minor triad,E-minor seventh chord,0.5,"Agnew, Roy, 2 Piano Solos, FxJoaQcBkvw.mid",229
E-minor seventh chord,Perfect Fifth above B,0.25,"Agnew, Roy, 2 Piano Solos, FxJoaQcBkvw.mid",230
Perfect Fifth above B,F#,5/12,"Agnew, Roy, 2 Piano Solos, FxJoaQcBkvw.mid",231
F#,Major Sixth above A,1/3,"Agnew, Roy, 2 Piano Solos, FxJoaQcBkvw.mid",232
Major Sixth above A,Major Sixth above A,0.25,"Agnew, Roy, 2 Piano Solos, FxJoaQcBkvw.mid",233
Major Sixth above A,F#-phrygian trichord,0.75,"Agnew, Roy, 2 Piano Solos, FxJoaQcBkvw.mid",234
F#-phrygian trichord,F#-all-interval tetrachord,1/3,"Agnew, Roy, 2 Piano Solos, FxJoaQcBkvw.mid",235
F#-all-interval tetrachord,F#-minor-diminished ninth chord,1/6,"Agnew, Roy, 2 Piano Solos, FxJoaQcBkvw.mid",236
F#-minor-diminished ninth chord,F#-minor-diminished ninth chord,0.25,"Agnew, Roy, 2 Piano Solos, FxJoaQcBkvw.mid",237
F#-minor-diminished ninth chord,F#-minor-diminished ninth chord,0.25,"Agnew, Roy, 2 Piano Solos, FxJoaQcBkvw.mid",238
F#-minor-diminished ninth chord,F#-minor-diminished ninth chord,1/6,"Agnew, Roy, 2 Piano Solos, FxJoaQcBkvw.mid",239
F#-minor-diminished ninth chord,F#-minor-diminished ninth chord,1/12,"Agnew, Roy, 2 Piano Solos, FxJoaQcBkvw.mid",240
F#-minor-diminished ninth chord,F#-minor-diminished ninth chord,1/3,"Agnew, Roy, 2 Piano Solos, FxJoaQcBkvw.mid",241
F#-minor-diminished ninth chord,F#-all-interval tetrachord,1/12,"Agnew, Roy, 2 Piano Solos, FxJoaQcBkvw.mid",242
F#-all-interval tetrachord,Major Sixth above G,1/12,"Agnew, Roy, 2 Piano Solos, FxJoaQcBkvw.mid",243
Major Sixth above G,E,0.5,"Agnew, Roy, 2 Piano Solos, FxJoaQcBkvw.mid",244
E,Major Second above D,0.5,"Agnew, Roy, 2 Piano Solos, FxJoaQcBkvw.mid",245
Major Second above D,C-whole-tone trichord,0.25,"Agnew, Roy, 2 Piano Solos, FxJoaQcBkvw.mid",246
C-whole-tone trichord,C-whole-tone trichord,0.5,"Agnew, Roy, 2 Piano Solos, FxJoaQcBkvw.mid",247
C-whole-tone trichord,A-perfect-fourth minor tetrachord,0.5,"Agnew, Roy, 2 Piano Solos, FxJoaQcBkvw.mid",248
A-perfect-fourth minor tetrachord,D-dominant-ninth,2/3,"Agnew, Roy, 2 Piano Solos, FxJoaQcBkvw.mid",249
D-dominant-ninth,D-dominant-ninth,1/12,"Agnew, Roy, 2 Piano Solos, FxJoaQcBkvw.mid",250
D-dominant-ninth,D-dominant-ninth,2/3,"Agnew, Roy, 2 Piano Solos, FxJoaQcBkvw.mid",251
D-dominant-ninth,D-major triad,1/12,"Agnew, Roy, 2 Piano Solos, FxJoaQcBkvw.mid",252
D-major triad,E,1/6,"Agnew, Roy, 2 Piano Solos, FxJoaQcBkvw.mid",253
E,D-minor trichord,1/12,"Agnew, Roy, 2 Piano Solos, FxJoaQcBkvw.mid",254
D-minor trichord,Minor Third above D,11/12,"Agnew, Roy, 2 Piano Solos, FxJoaQcBkvw.mid",255
Minor Third above D,D-minor triad,1/3,"Agnew, Roy, 2 Piano Solos, FxJoaQcBkvw.mid",256
D-minor triad,D-minor triad,1/3,"Agnew, Roy, 2 Piano Solos, FxJoaQcBkvw.mid",257
D-minor triad,D-minor seventh chord,1/3,"Agnew, Roy, 2 Piano Solos, FxJoaQcBkvw.mid",258
D-minor seventh chord,Minor Third above A,0.25,"Agnew, Roy, 2 Piano Solos, FxJoaQcBkvw.mid",259
Minor Third above A,C,1/12,"Agnew, Roy, 2 Piano Solos, FxJoaQcBkvw.mid",260
C,Perfect Fourth above B,0.25,"Agnew, Roy, 2 Piano Solos, FxJoaQcBkvw.mid",261
Perfect Fourth above B,E,0.25,"Agnew, Roy, 2 Piano Solos, FxJoaQcBkvw.mid",262
E,Major Sixth above G,0.5,"Agnew, Roy, 2 Piano Solos, FxJoaQcBkvw.mid",263
Major Sixth above G,E-phrygian trichord,2/3,"Agnew, Roy, 2 Piano Solos, FxJoaQcBkvw.mid",264
E-phrygian trichord,E-all-interval tetrachord,2/3,"Agnew, Roy, 2 Piano Solos, FxJoaQcBkvw.mid",265
E-all-interval tetrachord,E-minor-diminished ninth chord,1/3,"Agnew, Roy, 2 Piano Solos, FxJoaQcBkvw.mid",266
E-minor-diminished ninth chord,E-minor-diminished ninth chord,1/3,"Agnew, Roy, 2 Piano Solos, FxJoaQcBkvw.mid",267
E-minor-diminished ninth chord,E-minor-diminished ninth chord,0.5,"Agnew, Roy, 2 Piano Solos, FxJoaQcBkvw.mid",268
E-minor-diminished ninth chord,G-major triad,1/6,"Agnew, Roy, 2 Piano Solos, FxJoaQcBkvw.mid",269
G-major triad,G,1/12,"Agnew, Roy, 2 Piano Solos, FxJoaQcBkvw.mid",270
G,C,0.5,"Agnew, Roy, 2 Piano Solos, FxJoaQcBkvw.mid",271
C,C,0.5,"Agnew, Roy, 2 Piano Solos, FxJoaQcBkvw.mid",272
C,Perfect Fifth above C,0.75,"Agnew, Roy, 2 Piano Solos, FxJoaQcBkvw.mid",273
Perfect Fifth above C,C-major triad,0.5,"Agnew, Roy, 2 Piano Solos, FxJoaQcBkvw.mid",274
C-major triad,C-major-second major tetrachord,2/3,"Agnew, Roy, 2 Piano Solos, FxJoaQcBkvw.mid",275
C-major-second major tetrachord,C-major-second major tetrachord,1/12,"Agnew, Roy, 2 Piano Solos, FxJoaQcBkvw.mid",276
C-major-second major tetrachord,C-major-second major tetrachord,0.25,"Agnew, Roy, 2 Piano Solos, FxJoaQcBkvw.mid",277
C-major-second major tetrachord,C-major-second major tetrachord,1/3,"Agnew, Roy, 2 Piano Solos, FxJoaQcBkvw.mid",278
C-major-second major tetrachord,Perfect Fifth above C,1/12,"Agnew, Roy, 2 Piano Solos, FxJoaQcBkvw.mid",279
Perfect Fifth above C,C,1/12,"Agnew, Roy, 2 Piano Solos, FxJoaQcBkvw.mid",280
C,A-quartal trichord,5/6,"Agnew, Roy, 2 Piano Solos, FxJoaQcBkvw.mid",281
A-quartal trichord,E-perfect-fourth minor tetrachord,2/3,"Agnew, Roy, 2 Piano Solos, FxJoaQcBkvw.mid",282
E-perfect-fourth minor tetrachord,E-minor triad,1/12,"Agnew, Roy, 2 Piano Solos, FxJoaQcBkvw.mid",283
E-minor triad,E-perfect-fourth minor tetrachord,5/12,"Agnew, Roy, 2 Piano Solos, FxJoaQcBkvw.mid",284
E-perfect-fourth minor tetrachord,Major Second above G,1/12,"Agnew, Roy, 2 Piano Solos, FxJoaQcBkvw.mid",285
Major Second above G,Minor Seventh above B,0.25,"Agnew, Roy, 2 Piano Solos, FxJoaQcBkvw.mid",286
Minor Seventh above B,A-minor triad,1.0,"Agnew, Roy, 2 Piano Solos, FxJoaQcBkvw.mid",287
A-minor triad,A-minor triad,0.5,"Agnew, Roy, 2 Piano Solos, FxJoaQcBkvw.mid",288
A-minor triad,A-minor triad,0.5,"Agnew, Roy, 2 Piano Solos, FxJoaQcBkvw.mid",289
A-minor triad,C,0.25,"Agnew, Roy, 2 Piano Solos, FxJoaQcBkvw.mid",290
C,C-major triad,0.75,"Agnew, Roy, 2 Piano Solos, FxJoaQcBkvw.mid",291
C-major triad,C-major seventh chord,2/3,"Agnew, Roy, 2 Piano Solos, FxJoaQcBkvw.mid",292
C-major seventh chord,C-major seventh chord,1/12,"Agnew, Roy, 2 Piano Solos, FxJoaQcBkvw.mid",293
C-major seventh chord,C-major seventh chord,0.75,"Agnew, Roy, 2 Piano Solos, FxJoaQcBkvw.mid",294
C-major seventh chord,Major Third above C,0.25,"Agnew, Roy, 2 Piano Solos, FxJoaQcBkvw.mid",295
Major Third above C,F-major seventh chord,0.25,"Agnew, Roy, 2 Piano Solos, FxJoaQcBkvw.mid",296
F-major seventh chord,F-major seventh chord,0.75,"Agnew, Roy, 2 Piano Solos, FxJoaQcBkvw.mid",297
F-major seventh chord,F-Hirajoshi pentatonic,2/3,"Agnew, Roy, 2 Piano Solos, FxJoaQcBkvw.mid",298
F-Hirajoshi pentatonic,F-minor-second quartal tetrachord,1/12,"Agnew, Roy, 2 Piano Solos, FxJoaQcBkvw.mid",299
F-minor-second quartal tetrachord,F-Hirajoshi pentatonic,0.5,"Agnew, Roy, 2 Piano Solos, FxJoaQcBkvw.mid",300
F-Hirajoshi pentatonic,F-all-interval tetrachord,1/12,"Agnew, Roy, 2 Piano Solos, FxJoaQcBkvw.mid",301
F-all-interval tetrachord,F-major triad,1/6,"Agnew, Roy, 2 Piano Solos, FxJoaQcBkvw.mid",302
F-major triad,F-major triad,0.75,"Agnew, Roy, 2 Piano Solos, FxJoaQcBkvw.mid",303
F-major triad,F-all-interval tetrachord,1.0,"Agnew, Roy, 2 Piano Solos, FxJoaQcBkvw.mid",304
F-all-interval tetrachord,Major Seventh above C,1/6,"Agnew, Roy, 2 Piano Solos, FxJoaQcBkvw.mid",305
Major Seventh above C,Major Seventh above C,1/12,"Agnew, Roy, 2 Piano Solos, FxJoaQcBkvw.mid",306
Major Seventh above C,B-diminished triad,1.0,"Agnew, Roy, 2 Piano Solos, FxJoaQcBkvw.mid",307
B-diminished triad,Minor Third above B,1/12,"Agnew, Roy, 2 Piano Solos, FxJoaQcBkvw.mid",308
Minor Third above B,E-incomplete dominant-seventh chord,1/6,"Agnew, Roy, 2 Piano Solos, FxJoaQcBkvw.mid",309
E-incomplete dominant-seventh chord,E-incomplete dominant-seventh chord,1/12,"Agnew, Roy, 2 Piano Solos, FxJoaQcBkvw.mid",310
E-incomplete dominant-seventh chord,E-incomplete dominant-seventh chord,1/12,"Agnew, Roy, 2 Piano Solos, FxJoaQcBkvw.mid",311
E-incomplete dominant-seventh chord,E-minor seventh chord,13/12,"Agnew, Roy, 2 Piano Solos, FxJoaQcBkvw.mid",312
E-minor seventh chord,E-incomplete minor-seventh chord,1.25,"Agnew, Roy, 2 Piano Solos, FxJoaQcBkvw.mid",313
E-incomplete minor-seventh chord,E-incomplete minor-seventh chord,10/3,"Agnew, Roy, 2 Piano Solos, FxJoaQcBkvw.mid",314
E-incomplete minor-seventh chord,E-minor seventh chord,2/3,"Agnew, Roy, 2 Piano Solos, FxJoaQcBkvw.mid",315
E-minor seventh chord,E-minor seventh chord,1/3,"Agnew, Roy, 2 Piano Solos, FxJoaQcBkvw.mid",316
E-minor seventh chord,E-minor seventh chord,1/6,"Agnew, Roy, 2 Piano Solos, FxJoaQcBkvw.mid",317
E-minor seventh chord,E-minor seventh chord,7/12,"Agnew, Roy, 2 Piano Solos, FxJoaQcBkvw.mid",318
E-minor seventh chord,E-incomplete minor-seventh chord,1/6,"Agnew, Roy, 2 Piano Solos, FxJoaQcBkvw.mid",319
E-incomplete minor-seventh chord,C-major-second major tetrachord,1/12,"Agnew, Roy, 2 Piano Solos, FxJoaQcBkvw.mid",320
C-major-second major tetrachord,Major Third above C,11/12,"Agnew, Roy, 2 Piano Solos, FxJoaQcBkvw.mid",321
Major Third above C,C-major triad,0.5,"Agnew, Roy, 2 Piano Solos, FxJoaQcBkvw.mid",322
C-major triad,A-minor seventh chord,0.5,"Agnew, Roy, 2 Piano Solos, FxJoaQcBkvw.mid",323
A-minor seventh chord,A-minor-ninth chord,0.75,"Agnew, Roy, 2 Piano Solos, FxJoaQcBkvw.mid",324
A-minor-ninth chord,A-minor-ninth chord,11/12,"Agnew, Roy, 2 Piano Solos, FxJoaQcBkvw.mid",325
A-minor-ninth chord,E-perfect-fourth minor tetrachord,1/12,"Agnew, Roy, 2 Piano Solos, FxJoaQcBkvw.mid",326
E-perfect-fourth minor tetrachord,C-major triad,0.25,"Agnew, Roy, 2 Piano Solos, FxJoaQcBkvw.mid",327
C-major triad,C-major triad,2.75,"Agnew, Roy, 2 Piano Solos, FxJoaQcBkvw.mid",328
C-major triad,E,5.25,"Agnew, Roy, 2 Piano Solos, FxJoaQcBkvw.mid",329
E,C-major triad,4.0,"Agnew, Roy, 2 Piano Solos, FxJoaQcBkvw.mid",330
C-major triad,C-major triad,4.0,"Agnew, Roy, 2 Piano Solos, FxJoaQcBkvw.mid",331
C-major triad,C-major triad,1.0,"Agnew, Roy, 2 Piano Solos, FxJoaQcBkvw.mid",332
C-major triad,C,1/3,"Agnew, Roy, 2 Piano Solos, FxJoaQcBkvw.mid",333
C,C,5/12,"Agnew, Roy, 2 Piano Solos, FxJoaQcBkvw.mid",334
C,F,0.25,"Agnew, Roy, 2 Piano Solos, FxJoaQcBkvw.mid",335
F,Diminished Seventh above G#,1.0,"Agnew, Roy, 2 Piano Solos, FxJoaQcBkvw.mid",336
Diminished Seventh above G#,F-major-second minor tetrachord,0.75,"Agnew, Roy, 2 Piano Solos, FxJoaQcBkvw.mid",337
F-major-second minor tetrachord,F-major-second minor tetrachord,5/6,"Agnew, Roy, 2 Piano Solos, FxJoaQcBkvw.mid",338
F-major-second minor tetrachord,enharmonic equivalent to minor-ninth chord above C,5/12,"Agnew, Roy, 2 Piano Solos, FxJoaQcBkvw.mid",339
enharmonic equivalent to minor-ninth chord above C,enharmonic equivalent to minor seventh chord above F,1/12,"Agnew, Roy, 2 Piano Solos, FxJoaQcBkvw.mid",340
enharmonic equivalent to minor seventh chord above F,F-incomplete dominant-seventh chord,1/6,"Agnew, Roy, 2 Piano Solos, FxJoaQcBkvw.mid",341
F-incomplete dominant-seventh chord,Perfect Fifth above G,0.75,"Agnew, Roy, 2 Piano Solos, FxJoaQcBkvw.mid",342
Perfect Fifth above G,Perfect Fifth above G,0.25,"Agnew, Roy, 2 Piano Solos, FxJoaQcBkvw.mid",343
Perfect Fifth above G,G-minor triad,2/3,"Agnew, Roy, 2 Piano Solos, FxJoaQcBkvw.mid",344
G-minor triad,Major Third above Bb,1/12,"Agnew, Roy, 2 Piano Solos, FxJoaQcBkvw.mid",345
Major Third above Bb,enharmonic equivalent to half-diminished seventh chord above G#,1.0,"Agnew, Roy, 2 Piano Solos, FxJoaQcBkvw.mid",346
enharmonic equivalent to half-diminished seventh chord above G#,D-Kumoi pentachord,0.75,"Agnew, Roy, 2 Piano Solos, FxJoaQcBkvw.mid",347
D-Kumoi pentachord,D-Kumoi pentachord,0.5,"Agnew, Roy, 2 Piano Solos, FxJoaQcBkvw.mid",348
D-Kumoi pentachord,D-Kumoi pentachord,0.25,"Agnew, Roy, 2 Piano Solos, FxJoaQcBkvw.mid",349
D-Kumoi pentachord,G-dorian hexachord,5/12,"Agnew, Roy, 2 Piano Solos, FxJoaQcBkvw.mid",350
G-dorian hexachord,C-major scale,1/12,"Agnew, Roy, 2 Piano Solos, FxJoaQcBkvw.mid",351
C-major scale,enharmonic equivalent to major-ninth chord above Bb,1/12,"Agnew, Roy, 2 Piano Solos, FxJoaQcBkvw.mid",352
enharmonic equivalent to major-ninth chord above Bb,C-minor seventh chord,1/12,"Agnew, Roy, 2 Piano Solos, FxJoaQcBkvw.mid",353
C-minor seventh chord,Eb-major triad,1/12,"Agnew, Roy, 2 Piano Solos, FxJoaQcBkvw.mid",354
Eb-major triad,Eb-major seventh chord,0.5,"Agnew, Roy, 2 Piano Solos, FxJoaQcBkvw.mid",355
Eb-major seventh chord,Eb-major seventh chord,0.25,"Agnew, Roy, 2 Piano Solos, FxJoaQcBkvw.mid",356
Eb-major seventh chord,Eb-major seventh chord,0.25,"Agnew, Roy, 2 Piano Solos, FxJoaQcBkvw.mid",357
Eb-major seventh chord,A-diminished triad,2/3,"Agnew, Roy, 2 Piano Solos, FxJoaQcBkvw.mid",358
A-diminished triad,A-half-diminished seventh chord,2/3,"Agnew, Roy, 2 Piano Solos, FxJoaQcBkvw.mid",359
A-half-diminished seventh chord,A-half-diminished seventh chord,1/12,"Agnew, Roy, 2 Piano Solos, FxJoaQcBkvw.mid",360
A-half-diminished seventh chord,A-half-diminished seventh chord,1/3,"Agnew, Roy, 2 Piano Solos, FxJoaQcBkvw.mid",361
A-half-diminished seventh chord,Major Third above Eb,0.25,"Agnew, Roy, 2 Piano Solos, FxJoaQcBkvw.mid",362
Major Third above Eb,D,0.25,"Agnew, Roy, 2 Piano Solos, FxJoaQcBkvw.mid",363
D,Bb-major triad,0.75,"Agnew, Roy, 2 Piano Solos, FxJoaQcBkvw.mid",364
Bb-major triad,Bb-major triad,0.25,"Agnew, Roy, 2 Piano Solos, FxJoaQcBkvw.mid",365
Bb-major triad,Bb-major triad,0.5,"Agnew, Roy, 2 Piano Solos, FxJoaQcBkvw.mid",366
Bb-major triad,D-quartal tetramirror,1.0,"Agnew, Roy, 2 Piano Solos, FxJoaQcBkvw.mid",367
D-quartal tetramirror,D-major pentatonic,0.5,"Agnew, Roy, 2 Piano Solos, FxJoaQcBkvw.mid",368
D-major pentatonic,D-incomplete dominant-seventh chord,0.25,"Agnew, Roy, 2 Piano Solos, FxJoaQcBkvw.mid",369
D-incomplete dominant-seventh chord,A-perfect-fourth minor tetrachord,1/12,"Agnew, Roy, 2 Piano Solos, FxJoaQcBkvw.mid",370
A-perfect-fourth minor tetrachord,A-perfect-fourth minor tetrachord,5/12,"Agnew, Roy, 2 Piano Solos, FxJoaQcBkvw.mid",371
A-perfect-fourth minor tetrachord,A-perfect-fourth minor tetrachord,2/3,"Agnew, Roy, 2 Piano Solos, FxJoaQcBkvw.mid",372
A-perfect-fourth minor tetrachord,A-major pentatonic,0.75,"Agnew, Roy, 2 Piano Solos, FxJoaQcBkvw.mid",373
A-major pentatonic,E-quartal tetramirror,1/12,"Agnew, Roy, 2 Piano Solos, FxJoaQcBkvw.mid",374
E-quartal tetramirror,G-incomplete dominant-seventh chord,1/6,"Agnew, Roy, 2 Piano Solos, FxJoaQcBkvw.mid",375
G-incomplete dominant-seventh chord,Major Second above F,1/12,"Agnew, Roy, 2 Piano Solos, FxJoaQcBkvw.mid",376
Major Second above F,C-perfect-fourth minor tetrachord,1.25,"Agnew, Roy, 2 Piano Solos, FxJoaQcBkvw.mid",377
C-perfect-fourth minor tetrachord,C-dorian pentachord,0.75,"Agnew, Roy, 2 Piano Solos, FxJoaQcBkvw.mid",378
C-dorian pentachord,C-perfect-fourth minor tetrachord,0.25,"Agnew, Roy, 2 Piano Solos, FxJoaQcBkvw.mid",379
C-perfect-fourth minor tetrachord,Eb-major triad,0.25,"Agnew, Roy, 2 Piano Solos, FxJoaQcBkvw.mid",380
Eb-major triad,Eb-major triad,0.5,"Agnew, Roy, 2 Piano Solos, FxJoaQcBkvw.mid",381
Eb-major triad,C-minor seventh chord,1/6,"Agnew, Roy, 2 Piano Solos, FxJoaQcBkvw.mid",382
C-minor seventh chord,C-minor seventh chord,7/12,"Agnew, Roy, 2 Piano Solos, FxJoaQcBkvw.mid",383
C-minor seventh chord,A-minor hexachord,1/6,"Agnew, Roy, 2 Piano Solos, FxJoaQcBkvw.mid",384
A-minor hexachord,A-minor hexachord,7/12,"Agnew, Roy, 2 Piano Solos, FxJoaQcBkvw.mid",385
A-minor hexachord,D-major scale,5/12,"Agnew, Roy, 2 Piano Solos, FxJoaQcBkvw.mid",386
D-major scale,D-major scale,0.25,"Agnew, Roy, 2 Piano Solos, FxJoaQcBkvw.mid",387
D-major scale,A-minor hexachord,1/12,"Agnew, Roy, 2 Piano Solos, FxJoaQcBkvw.mid",388
A-minor hexachord,B-,1/6,"Agnew, Roy, 2 Piano Solos, FxJoaQcBkvw.mid",389
B-,A-half-diminished seventh chord,0.75,"Agnew, Roy, 2 Piano Solos, FxJoaQcBkvw.mid",390
A-half-diminished seventh chord,A-Kumoi pentachord,0.5,"Agnew, Roy, 2 Piano Solos, FxJoaQcBkvw.mid",391
A-Kumoi pentachord,A-Kumoi pentachord,1/12,"Agnew, Roy, 2 Piano Solos, FxJoaQcBkvw.mid",392
A-Kumoi pentachord,A-Kumoi pentachord,2/3,"Agnew, Roy, 2 Piano Solos, FxJoaQcBkvw.mid",393
A-Kumoi pentachord,A-Kumoi pentachord,1/12,"Agnew, Roy, 2 Piano Solos, FxJoaQcBkvw.mid",394
A-Kumoi pentachord,A-Kumoi pentachord,5/12,"Agnew, Roy, 2 Piano Solos, FxJoaQcBkvw.mid",395
A-Kumoi pentachord,G,0.25,"Agnew, Roy, 2 Piano Solos, FxJoaQcBkvw.mid",396
G,G-minor-ninth chord,2/3,"Agnew, Roy, 2 Piano Solos, FxJoaQcBkvw.mid",397
G-minor-ninth chord,G-minor-ninth chord,1/12,"Agnew, Roy, 2 Piano Solos, FxJoaQcBkvw.mid",398
G-minor-ninth chord,G-minor triad,0.25,"Agnew, Roy, 2 Piano Solos, FxJoaQcBkvw.mid",399
G-minor triad,E-half-diminished seventh chord,5/12,"Agnew, Roy, 2 Piano Solos, FxJoaQcBkvw.mid",400
E-half-diminished seventh chord,E-incomplete minor-seventh chord,1/12,"Agnew, Roy, 2 Piano Solos, FxJoaQcBkvw.mid",401
E-incomplete minor-seventh chord,E-half-diminished seventh chord,0.5,"Agnew, Roy, 2 Piano Solos, FxJoaQcBkvw.mid",402
E-half-diminished seventh chord,E-half-diminished seventh chord,1/6,"Agnew, Roy, 2 Piano Solos, FxJoaQcBkvw.mid",403
E-half-diminished seventh chord,E-half-diminished seventh chord,1/12,"Agnew, Roy, 2 Piano Solos, FxJoaQcBkvw.mid",404
E-half-diminished seventh chord,E-half-diminished seventh chord,1/12,"Agnew, Roy, 2 Piano Solos, FxJoaQcBkvw.mid",405
E-half-diminished seventh chord,E-half-diminished seventh chord,5/12,"Agnew, Roy, 2 Piano Solos, FxJoaQcBkvw.mid",406
E-half-diminished seventh chord,E-incomplete half-diminished seventh chord,1/12,"Agnew, Roy, 2 Piano Solos, FxJoaQcBkvw.mid",407
E-incomplete half-diminished seventh chord,Minor Sixth above D,1/6,"Agnew, Roy, 2 Piano Solos, FxJoaQcBkvw.mid",408
Minor Sixth above D,F-major triad,0.75,"Agnew, Roy, 2 Piano Solos, FxJoaQcBkvw.mid",409
F-major triad,F-major triad,7/12,"Agnew, Roy, 2 Piano Solos, FxJoaQcBkvw.mid",410
F-major triad,Perfect Fourth above C,1/12,"Agnew, Roy, 2 Piano Solos, FxJoaQcBkvw.mid",411
Perfect Fourth above C,C,1/12,"Agnew, Roy, 2 Piano Solos, FxJoaQcBkvw.mid",412
C,C,1/6,"Agnew, Roy, 2 Piano Solos, FxJoaQcBkvw.mid",413
C,C-dominant seventh chord,1/12,"Agnew, Roy, 2 Piano Solos, FxJoaQcBkvw.mid",414
C-dominant seventh chord,C-dominant seventh chord,0.75,"Agnew, Roy, 2 Piano Solos, FxJoaQcBkvw.mid",415
C-dominant seventh chord,A-minor-diminished ninth chord,1/12,"Agnew, Roy, 2 Piano Solos, FxJoaQcBkvw.mid",416
A-minor-diminished ninth chord,E-perfect-fourth diminished tetrachord,1/12,"Agnew, Roy, 2 Piano Solos, FxJoaQcBkvw.mid",417
E-perfect-fourth diminished tetrachord,A-minor-diminished ninth chord,1/3,"Agnew, Roy, 2 Piano Solos, FxJoaQcBkvw.mid",418
A-minor-diminished ninth chord,A-minor-diminished ninth chord,1/6,"Agnew, Roy, 2 Piano Solos, FxJoaQcBkvw.mid",419
A-minor-diminished ninth chord,Perfect Fifth above C,1/3,"Agnew, Roy, 2 Piano Solos, FxJoaQcBkvw.mid",420
Perfect Fifth above C,C-incomplete dominant-seventh chord,11/12,"Agnew, Roy, 2 Piano Solos, FxJoaQcBkvw.mid",421
C-incomplete dominant-seventh chord,Minor Seventh above C,1/12,"Agnew, Roy, 2 Piano Solos, FxJoaQcBkvw.mid",422
Minor Seventh above C,G-double-fourth tetramirror,1/6,"Agnew, Roy, 2 Piano Solos, FxJoaQcBkvw.mid",423
G-double-fourth tetramirror,G-incomplete major-seventh chord,1/12,"Agnew, Roy, 2 Piano Solos, FxJoaQcBkvw.mid",424
G-incomplete major-seventh chord,G,5/12,"Agnew, Roy, 2 Piano Solos, FxJoaQcBkvw.mid",425
G,D-minor triad,11/12,"Agnew, Roy, 2 Piano Solos, FxJoaQcBkvw.mid",426
D-minor triad,D-minor triad,1/12,"Agnew, Roy, 2 Piano Solos, FxJoaQcBkvw.mid",427
D-minor triad,D-minor triad,0.5,"Agnew, Roy, 2 Piano Solos, FxJoaQcBkvw.mid",428
D-minor triad,Perfect Fourth above A,1/6,"Agnew, Roy, 2 Piano Solos, FxJoaQcBkvw.mid",429
Perfect Fourth above A,D-tritone-fourth,0.5,"Agnew, Roy, 2 Piano Solos, FxJoaQcBkvw.mid",430
D-tritone-fourth,Eb-minor-second quartal tetrachord,1/6,"Agnew, Roy, 2 Piano Solos, FxJoaQcBkvw.mid",431
Eb-minor-second quartal tetrachord,A-Kumoi pentachord,11/12,"Agnew, Roy, 2 Piano Solos, FxJoaQcBkvw.mid",432
A-Kumoi pentachord,A-half-diminished seventh chord,1/12,"Agnew, Roy, 2 Piano Solos, FxJoaQcBkvw.mid",433
A-half-diminished seventh chord,Eb-minor-second quartal tetrachord,1/12,"Agnew, Roy, 2 Piano Solos, FxJoaQcBkvw.mid",434
Eb-minor-second quartal tetrachord,A-Kumoi pentachord,0.75,"Agnew, Roy, 2 Piano Solos, FxJoaQcBkvw.mid",435
A-Kumoi pentachord,A-Kumoi pentachord,2/3,"Agnew, Roy, 2 Piano Solos, FxJoaQcBkvw.mid",436
A-Kumoi pentachord,A-Kumoi pentachord,1/12,"Agnew, Roy, 2 Piano Solos, FxJoaQcBkvw.mid",437
A-Kumoi pentachord,A-Kumoi pentachord,0.25,"Agnew, Roy, 2 Piano Solos, FxJoaQcBkvw.mid",438
A-Kumoi pentachord,D-dorian hexachord,1/6,"Agnew, Roy, 2 Piano Solos, FxJoaQcBkvw.mid",439
D-dorian hexachord,C-dorian pentachord,1/12,"Agnew, Roy, 2 Piano Solos, FxJoaQcBkvw.mid",440
C-dorian pentachord,D-minor seventh chord,1/12,"Agnew, Roy, 2 Piano Solos, FxJoaQcBkvw.mid",441
D-minor seventh chord,D-minor seventh chord,1/6,"Agnew, Roy, 2 Piano Solos, FxJoaQcBkvw.mid",442
D-minor seventh chord,D-minor seventh chord,0.75,"Agnew, Roy, 2 Piano Solos, FxJoaQcBkvw.mid",443
D-minor seventh chord,D-minor seventh chord,11/12,"Agnew, Roy, 2 Piano Solos, FxJoaQcBkvw.mid",444
D-minor seventh chord,D-minor seventh chord,1/12,"Agnew, Roy, 2 Piano Solos, FxJoaQcBkvw.mid",445
D-minor seventh chord,Minor Third above C,0.25,"Agnew, Roy, 2 Piano Solos, FxJoaQcBkvw.mid",446
Minor Third above C,C-minor triad,1/12,"Agnew, Roy, 2 Piano Solos, FxJoaQcBkvw.mid",447
C-minor triad,C-minor triad,11/12,"Agnew, Roy, 2 Piano Solos, FxJoaQcBkvw.mid",448
C-minor triad,C-major-second minor tetrachord,0.5,"Agnew, Roy, 2 Piano Solos, FxJoaQcBkvw.mid",449
C-major-second minor tetrachord,A-Kumoi pentachord,0.5,"Agnew, Roy, 2 Piano Solos, FxJoaQcBkvw.mid",450
A-Kumoi pentachord,A-Kumoi pentachord,1/6,"Agnew, Roy, 2 Piano Solos, FxJoaQcBkvw.mid",451
A-Kumoi pentachord,Eb-incomplete major-seventh chord,1/12,"Agnew, Roy, 2 Piano Solos, FxJoaQcBkvw.mid",452
Eb-incomplete major-seventh chord,Eb-incomplete major-seventh chord,1/12,"Agnew, Roy, 2 Piano Solos, FxJoaQcBkvw.mid",453
Eb-incomplete major-seventh chord,C-incomplete minor-seventh chord,5/3,"Agnew, Roy, 2 Piano Solos, FxJoaQcBkvw.mid",454
C-incomplete minor-seventh chord,C-minor seventh chord,1/12,"Agnew, Roy, 2 Piano Solos, FxJoaQcBkvw.mid",455
C-minor seventh chord,Minor Sixth above G,5/12,"Agnew, Roy, 2 Piano Solos, FxJoaQcBkvw.mid",456
Minor Sixth above G,G,0.25,"Agnew, Roy, 2 Piano Solos, FxJoaQcBkvw.mid",457
G,F,0.25,"Agnew, Roy, 2 Piano Solos, FxJoaQcBkvw.mid",458
F,F-dominant seventh chord,1.0,"Agnew, Roy, 2 Piano Solos, FxJoaQcBkvw.mid",459
F-dominant seventh chord,Perfect Fifth above F,0.25,"Agnew, Roy, 2 Piano Solos, FxJoaQcBkvw.mid",460
Perfect Fifth above F,C,1/12,"Agnew, Roy, 2 Piano Solos, FxJoaQcBkvw.mid",461
C,C-quartal trichord,1/3,"Agnew, Roy, 2 Piano Solos, FxJoaQcBkvw.mid",462
C-quartal trichord,C-quartal trichord,1/3,"Agnew, Roy, 2 Piano Solos, FxJoaQcBkvw.mid",463
C-quartal trichord,G-major pentatonic,1.0,"Agnew, Roy, 2 Piano Solos, FxJoaQcBkvw.mid",464
G-major pentatonic,G-major pentatonic,0.25,"Agnew, Roy, 2 Piano Solos, FxJoaQcBkvw.mid",465
G-major pentatonic,G-major pentatonic,0.25,"Agnew, Roy, 2 Piano Solos, FxJoaQcBkvw.mid",466
G-major pentatonic,C-Guidonian hexachord,1/12,"Agnew, Roy, 2 Piano Solos, FxJoaQcBkvw.mid",467
C-Guidonian hexachord,C-quartal tetramirror,1/12,"Agnew, Roy, 2 Piano Solos, FxJoaQcBkvw.mid",468
C-quartal tetramirror,E-,1/12,"Agnew, Roy, 2 Piano Solos, FxJoaQcBkvw.mid",469
E-,F-dominant seventh chord,11/12,"Agnew, Roy, 2 Piano Solos, FxJoaQcBkvw.mid",470
F-dominant seventh chord,F-dominant seventh chord,1/12,"Agnew, Roy, 2 Piano Solos, FxJoaQcBkvw.mid",471
F-dominant seventh chord,F-dominant seventh chord,0.25,"Agnew, Roy, 2 Piano Solos, FxJoaQcBkvw.mid",472
F-dominant seventh chord,F-dominant seventh chord,0.25,"Agnew, Roy, 2 Piano Solos, FxJoaQcBkvw.mid",473
F-dominant seventh chord,F-incomplete dominant-seventh chord,1/12,"Agnew, Roy, 2 Piano Solos, FxJoaQcBkvw.mid",474
F-incomplete dominant-seventh chord,F-incomplete dominant-seventh chord,1/6,"Agnew, Roy, 2 Piano Solos, FxJoaQcBkvw.mid",475
F-incomplete dominant-seventh chord,F-whole-tone tetramirror,5/6,"Agnew, Roy, 2 Piano Solos, FxJoaQcBkvw.mid",476
F-whole-tone tetramirror,F-dominant-ninth,2/3,"Agnew, Roy, 2 Piano Solos, FxJoaQcBkvw.mid",477
F-dominant-ninth,D-quartal tetramirror,0.25,"Agnew, Roy, 2 Piano Solos, FxJoaQcBkvw.mid",478
D-quartal tetramirror,D-major pentatonic,0.75,"Agnew, Roy, 2 Piano Solos, FxJoaQcBkvw.mid",479
D-major pentatonic,D-major pentatonic,0.75,"Agnew, Roy, 2 Piano Solos, FxJoaQcBkvw.mid",480
D-major pentatonic,D-major pentatonic,0.25,"Agnew, Roy, 2 Piano Solos, FxJoaQcBkvw.mid",481
D-major pentatonic,D-major pentatonic,2/3,"Agnew, Roy, 2 Piano Solos, FxJoaQcBkvw.mid",482
D-major pentatonic,D-major pentatonic,1/12,"Agnew, Roy, 2 Piano Solos, FxJoaQcBkvw.mid",483
D-major pentatonic,D-major pentatonic,0.75,"Agnew, Roy, 2 Piano Solos, FxJoaQcBkvw.mid",484
D-major pentatonic,D-quartal tetramirror,1/12,"Agnew, Roy, 2 Piano Solos, FxJoaQcBkvw.mid",485
D-quartal tetramirror,D-quartal tetramirror,1/12,"Agnew, Roy, 2 Piano Solos, FxJoaQcBkvw.mid",486
D-quartal tetramirror,Major Second above F,1/12,"Agnew, Roy, 2 Piano Solos, FxJoaQcBkvw.mid",487
Major Second above F,G#-German augmented sixth chord,1.0,"Agnew, Roy, 2 Piano Solos, FxJoaQcBkvw.mid",488
G#-German augmented sixth chord,G-minor-diminished ninth chord,11/12,"Agnew, Roy, 2 Piano Solos, FxJoaQcBkvw.mid",489
G-minor-diminished ninth chord,G-minor-diminished ninth chord,1/3,"Agnew, Roy, 2 Piano Solos, FxJoaQcBkvw.mid",490
G-minor-diminished ninth chord,G-minor-diminished ninth chord,0.5,"Agnew, Roy, 2 Piano Solos, FxJoaQcBkvw.mid",491
G-minor-diminished ninth chord,G-dorian hexachord,0.5,"Agnew, Roy, 2 Piano Solos, FxJoaQcBkvw.mid",492
G-dorian hexachord,G-dorian hexachord,1/12,"Agnew, Roy, 2 Piano Solos, FxJoaQcBkvw.mid",493
G-dorian hexachord,C-quartal trichord,1/12,"Agnew, Roy, 2 Piano Solos, FxJoaQcBkvw.mid",494
C-quartal trichord,Perfect Fifth above G,7/12,"Agnew, Roy, 2 Piano Solos, FxJoaQcBkvw.mid",495
Perfect Fifth above G,G-minor triad,7/12,"Agnew, Roy, 2 Piano Solos, FxJoaQcBkvw.mid",496
G-minor triad,B-,1/6,"Agnew, Roy, 2 Piano Solos, FxJoaQcBkvw.mid",497
B-,enharmonic equivalent to half-diminished seventh chord above D,1/6,"Agnew, Roy, 2 Piano Solos, FxJoaQcBkvw.mid",498
enharmonic equivalent to half-diminished seventh chord above D,enharmonic equivalent to half-diminished seventh chord above G#,1/12,"Agnew, Roy, 2 Piano Solos, FxJoaQcBkvw.mid",499
enharmonic equivalent to half-diminished seventh chord above G#,enharmonic equivalent to half-diminished seventh chord above G#,7/12,"Agnew, Roy, 2 Piano Solos, FxJoaQcBkvw.mid",500
enharmonic equivalent to half-diminished seventh chord above G#,D-Kumoi pentachord,2/3,"Agnew, Roy, 2 Piano Solos, FxJoaQcBkvw.mid",501
D-Kumoi pentachord,D-Kumoi pentachord,0.5,"Agnew, Roy, 2 Piano Solos, FxJoaQcBkvw.mid",502
D-Kumoi pentachord,G-perfect-fourth diminished tetrachord,1/6,"Agnew, Roy, 2 Piano Solos, FxJoaQcBkvw.mid",503
G-perfect-fourth diminished tetrachord,D-Kumoi pentachord,1/12,"Agnew, Roy, 2 Piano Solos, FxJoaQcBkvw.mid",504
D-Kumoi pentachord,C-minor hexachord,0.25,"Agnew, Roy, 2 Piano Solos, FxJoaQcBkvw.mid",505
C-minor hexachord,C-perfect-fourth minor tetrachord,1/12,"Agnew, Roy, 2 Piano Solos, FxJoaQcBkvw.mid",506
C-perfect-fourth minor tetrachord,F-incomplete dominant-seventh chord,1/12,"Agnew, Roy, 2 Piano Solos, FxJoaQcBkvw.mid",507
F-incomplete dominant-seventh chord,Major Second above Eb,1/12,"Agnew, Roy, 2 Piano Solos, FxJoaQcBkvw.mid",508
Major Second above Eb,Eb-major seventh chord,0.25,"Agnew, Roy, 2 Piano Solos, FxJoaQcBkvw.mid",509
Eb-major seventh chord,Eb-major seventh chord,0.5,"Agnew, Roy, 2 Piano Solos, FxJoaQcBkvw.mid",510
Eb-major seventh chord,Eb-major seventh chord,0.25,"Agnew, Roy, 2 Piano Solos, FxJoaQcBkvw.mid",511
Eb-major seventh chord,C-minor-ninth chord,1/12,"Agnew, Roy, 2 Piano Solos, FxJoaQcBkvw.mid",512
C-minor-ninth chord,A-minor hexachord,1/6,"Agnew, Roy, 2 Piano Solos, FxJoaQcBkvw.mid",513
A-minor hexachord,Major Sixth above C,0.25,"Agnew, Roy, 2 Piano Solos, FxJoaQcBkvw.mid",514
Major Sixth above C,A-half-diminished seventh chord,11/12,"Agnew, Roy, 2 Piano Solos, FxJoaQcBkvw.mid",515
A-half-diminished seventh chord,A-half-diminished seventh chord,1/12,"Agnew, Roy, 2 Piano Solos, FxJoaQcBkvw.mid",516
A-half-diminished seventh chord,A-incomplete half-diminished seventh chord,0.25,"Agnew, Roy, 2 Piano Solos, FxJoaQcBkvw.mid",517
A-incomplete half-diminished seventh chord,A-incomplete half-diminished seventh chord,1/12,"Agnew, Roy, 2 Piano Solos, FxJoaQcBkvw.mid",518
A-incomplete half-diminished seventh chord,A-incomplete half-diminished seventh chord,1/12,"Agnew, Roy, 2 Piano Solos, FxJoaQcBkvw.mid",519
A-incomplete half-diminished seventh chord,A,1/12,"Agnew, Roy, 2 Piano Solos, FxJoaQcBkvw.mid",520
A,Bb-major seventh chord,1/12,"Agnew, Roy, 2 Piano Solos, FxJoaQcBkvw.mid",521
Bb-major seventh chord,Bb-major triad,11/12,"Agnew, Roy, 2 Piano Solos, FxJoaQcBkvw.mid",522
Bb-major triad,Bb-major triad,0.25,"Agnew, Roy, 2 Piano Solos, FxJoaQcBkvw.mid",523
Bb-major triad,Bb-major triad,1/12,"Agnew, Roy, 2 Piano Solos, FxJoaQcBkvw.mid",524
Bb-major triad,Perfect Fifth above Bb,1/12,"Agnew, Roy, 2 Piano Solos, FxJoaQcBkvw.mid",525
Perfect Fifth above Bb,Bb-incomplete major-seventh chord,1/12,"Agnew, Roy, 2 Piano Solos, FxJoaQcBkvw.mid",526
Bb-incomplete major-seventh chord,Major Third above F,0.25,"Agnew, Roy, 2 Piano Solos, FxJoaQcBkvw.mid",527
Major Third above F,F-dominant seventh chord,0.75,"Agnew, Roy, 2 Piano Solos, FxJoaQcBkvw.mid",528
F-dominant seventh chord,D-minor-diminished ninth chord,5/12,"Agnew, Roy, 2 Piano Solos, FxJoaQcBkvw.mid",529
D-minor-diminished ninth chord,D-minor tetramirror,1/6,"Agnew, Roy, 2 Piano Solos, FxJoaQcBkvw.mid",530
D-minor tetramirror,Minor Seventh above D,1/6,"Agnew, Roy, 2 Piano Solos, FxJoaQcBkvw.mid",531
Minor Seventh above D,Major Sixth above Eb,0.5,"Agnew, Roy, 2 Piano Solos, FxJoaQcBkvw.mid",532
Major Sixth above Eb,Major Sixth above Eb,0.25,"Agnew, Roy, 2 Piano Solos, FxJoaQcBkvw.mid",533
Major Sixth above Eb,C,0.25,"Agnew, Roy, 2 Piano Solos, FxJoaQcBkvw.mid",534
C,C,0.5,"Agnew, Roy, 2 Piano Solos, FxJoaQcBkvw.mid",535
C,Major Second above Bb,1/6,"Agnew, Roy, 2 Piano Solos, FxJoaQcBkvw.mid",536
Major Second above Bb,B-,1/6,"Agnew, Roy, 2 Piano Solos, FxJoaQcBkvw.mid",537
B-,G-minor triad,1.0,"Agnew, Roy, 2 Piano Solos, FxJoaQcBkvw.mid",538
G-minor triad,G-minor triad,1/6,"Agnew, Roy, 2 Piano Solos, FxJoaQcBkvw.mid",539
G-minor triad,G-minor triad,1/12,"Agnew, Roy, 2 Piano Solos, FxJoaQcBkvw.mid",540
G-minor triad,Perfect Fourth above D,1/6,"Agnew, Roy, 2 Piano Solos, FxJoaQcBkvw.mid",541
Perfect Fourth above D,G#-tritone-fourth,0.75,"Agnew, Roy, 2 Piano Solos, FxJoaQcBkvw.mid",542
G#-tritone-fourth,D-Kumoi pentachord,1/12,"Agnew, Roy, 2 Piano Solos, FxJoaQcBkvw.mid",543
D-Kumoi pentachord,D-Kumoi pentachord,5/12,"Agnew, Roy, 2 Piano Solos, FxJoaQcBkvw.mid",544
D-Kumoi pentachord,D-Kumoi pentachord,0.5,"Agnew, Roy, 2 Piano Solos, FxJoaQcBkvw.mid",545
D-Kumoi pentachord,D-Kumoi pentachord,1/12,"Agnew, Roy, 2 Piano Solos, FxJoaQcBkvw.mid",546
D-Kumoi pentachord,D-Kumoi pentachord,2/3,"Agnew, Roy, 2 Piano Solos, FxJoaQcBkvw.mid",547
D-Kumoi pentachord,D-Kumoi pentachord,1/12,"Agnew, Roy, 2 Piano Solos, FxJoaQcBkvw.mid",548
D-Kumoi pentachord,D-Kumoi pentachord,0.25,"Agnew, Roy, 2 Piano Solos, FxJoaQcBkvw.mid",549
D-Kumoi pentachord,D-Kumoi pentachord,5/12,"Agnew, Roy, 2 Piano Solos, FxJoaQcBkvw.mid",550
D-Kumoi pentachord,D-Kumoi pentachord,0.5,"Agnew, Roy, 2 Piano Solos, FxJoaQcBkvw.mid",551
D-Kumoi pentachord,G-minor seventh chord,1/12,"Agnew, Roy, 2 Piano Solos, FxJoaQcBkvw.mid",552
G-minor seventh chord,G-minor seventh chord,1/6,"Agnew, Roy, 2 Piano Solos, FxJoaQcBkvw.mid",553
G-minor seventh chord,G-minor seventh chord,11/12,"Agnew, Roy, 2 Piano Solos, FxJoaQcBkvw.mid",554
G-minor seventh chord,G-minor seventh chord,1/12,"Agnew, Roy, 2 Piano Solos, FxJoaQcBkvw.mid",555
G-minor seventh chord,G-minor seventh chord,0.25,"Agnew, Roy, 2 Piano Solos, FxJoaQcBkvw.mid",556
G-minor seventh chord,G-minor seventh chord,1/6,"Agnew, Roy, 2 Piano Solos, FxJoaQcBkvw.mid",557
G-minor seventh chord,Bb-major triad,0.25,"Agnew, Roy, 2 Piano Solos, FxJoaQcBkvw.mid",558
Bb-major triad,enharmonic equivalent to minor triad above F,1.0,"Agnew, Roy, 2 Piano Solos, FxJoaQcBkvw.mid",559
enharmonic equivalent to minor triad above F,D-Kumoi pentachord,0.25,"Agnew, Roy, 2 Piano Solos, FxJoaQcBkvw.mid",560
D-Kumoi pentachord,D-Kumoi pentachord,1/3,"Agnew, Roy, 2 Piano Solos, FxJoaQcBkvw.mid",561
D-Kumoi pentachord,D-Kumoi pentachord,2/3,"Agnew, Roy, 2 Piano Solos, FxJoaQcBkvw.mid",562
D-Kumoi pentachord,Perfect Fourth above D,1/12,"Agnew, Roy, 2 Piano Solos, FxJoaQcBkvw.mid",563
Perfect Fourth above D,Eb-whole-tone trichord,1.0,"Agnew, Roy, 2 Piano Solos, FxJoaQcBkvw.mid",564
Eb-whole-tone trichord,Eb-whole-tone trichord,1/3,"Agnew, Roy, 2 Piano Solos, FxJoaQcBkvw.mid",565
Eb-whole-tone trichord,Major Second above Eb,5/12,"Agnew, Roy, 2 Piano Solos, FxJoaQcBkvw.mid",566
Major Second above Eb,C,7/12,"Agnew, Roy, 2 Piano Solos, FxJoaQcBkvw.mid",567
C,Major Second above Bb,1/12,"Agnew, Roy, 2 Piano Solos, FxJoaQcBkvw.mid",568
Major Second above Bb,B-,0.25,"Agnew, Roy, 2 Piano Solos, FxJoaQcBkvw.mid",569
B-,G#-Italian augmented sixth chord,1.0,"Agnew, Roy, 2 Piano Solos, FxJoaQcBkvw.mid",570
G#-Italian augmented sixth chord,G#-incomplete dominant-seventh chord,0.5,"Agnew, Roy, 2 Piano Solos, FxJoaQcBkvw.mid",571
G#-incomplete dominant-seventh chord,Perfect Fifth above Bb,1/12,"Agnew, Roy, 2 Piano Solos, FxJoaQcBkvw.mid",572
Perfect Fifth above Bb,C#-Scriabin's Mystic-chord,1/12,"Agnew, Roy, 2 Piano Solos, FxJoaQcBkvw.mid",573
C#-Scriabin's Mystic-chord,C#-whole-tone pentachord,1/6,"Agnew, Roy, 2 Piano Solos, FxJoaQcBkvw.mid",574
C#-whole-tone pentachord,Eb-whole-tone trichord,1/12,"Agnew, Roy, 2 Piano Solos, FxJoaQcBkvw.mid",575
Eb-whole-tone trichord,Minor Seventh above G,1/6,"Agnew, Roy, 2 Piano Solos, FxJoaQcBkvw.mid",576
Minor Seventh above G,G-incomplete minor-seventh chord,0.25,"Agnew, Roy, 2 Piano Solos, FxJoaQcBkvw.mid",577
G-incomplete minor-seventh chord,G-incomplete minor-seventh chord,0.75,"Agnew, Roy, 2 Piano Solos, FxJoaQcBkvw.mid",578
G-incomplete minor-seventh chord,Eb-major-second major tetrachord,0.5,"Agnew, Roy, 2 Piano Solos, FxJoaQcBkvw.mid",579
Eb-major-second major tetrachord,Perfect Fifth above Eb,1/6,"Agnew, Roy, 2 Piano Solos, FxJoaQcBkvw.mid",580
Perfect Fifth above Eb,E-,1/12,"Agnew, Roy, 2 Piano Solos, FxJoaQcBkvw.mid",581
E-,G#-German augmented sixth chord in root position,5/6,"Agnew, Roy, 2 Piano Solos, FxJoaQcBkvw.mid",582
G#-German augmented sixth chord in root position,G#-German augmented sixth chord in root position,1/6,"Agnew, Roy, 2 Piano Solos, FxJoaQcBkvw.mid",583
G#-German augmented sixth chord in root position,G#-German augmented sixth chord in root position,0.25,"Agnew, Roy, 2 Piano Solos, FxJoaQcBkvw.mid",584
G#-German augmented sixth chord in root position,G#-German augmented sixth chord in root position,1/3,"Agnew, Roy, 2 Piano Solos, FxJoaQcBkvw.mid",585
G#-German augmented sixth chord in root position,Diminished Fifth above G#,1/12,"Agnew, Roy, 2 Piano Solos, FxJoaQcBkvw.mid",586
Diminished Fifth above G#,enharmonic equivalent to dominant-ninth above Bb,2/3,"Agnew, Roy, 2 Piano Solos, FxJoaQcBkvw.mid",587
enharmonic equivalent to dominant-ninth above Bb,enharmonic equivalent to dominant-ninth above Bb,1/3,"Agnew, Roy, 2 Piano Solos, FxJoaQcBkvw.mid",588
enharmonic equivalent to dominant-ninth above Bb,enharmonic equivalent to dominant-ninth above Bb,2/3,"Agnew, Roy, 2 Piano Solos, FxJoaQcBkvw.mid",589
enharmonic equivalent to dominant-ninth above Bb,G-dorian hexachord,1/12,"Agnew, Roy, 2 Piano Solos, FxJoaQcBkvw.mid",590
G-dorian hexachord,D-quartal tetramirror,0.25,"Agnew, Roy, 2 Piano Solos, FxJoaQcBkvw.mid",591
D-quartal tetramirror,G-quartal tetramirror,1/6,"Agnew, Roy, 2 Piano Solos, FxJoaQcBkvw.mid",592
G-quartal tetramirror,G-major pentatonic,5/6,"Agnew, Roy, 2 Piano Solos, FxJoaQcBkvw.mid",593
G-major pentatonic,G-major pentatonic,7/6,"Agnew, Roy, 2 Piano Solos, FxJoaQcBkvw.mid",594
G-major pentatonic,G-major pentatonic,1/6,"Agnew, Roy, 2 Piano Solos, FxJoaQcBkvw.mid",595
G-major pentatonic,G-major pentatonic,1/12,"Agnew, Roy, 2 Piano Solos, FxJoaQcBkvw.mid",596
G-major pentatonic,G-major pentatonic,1/12,"Agnew, Roy, 2 Piano Solos, FxJoaQcBkvw.mid",597
G-major pentatonic,G-major pentatonic,1/6,"Agnew, Roy, 2 Piano Solos, FxJoaQcBkvw.mid",598
G-major pentatonic,G-minor seventh chord,7/12,"Agnew, Roy, 2 Piano Solos, FxJoaQcBkvw.mid",599
G-minor seventh chord,G-minor triad,13/12,"Agnew, Roy, 2 Piano Solos, FxJoaQcBkvw.mid",600
G-minor triad,G-minor triad,1/12,"Agnew, Roy, 2 Piano Solos, FxJoaQcBkvw.mid",601
G-minor triad,G-minor triad,1/12,"Agnew, Roy, 2 Piano Solos, FxJoaQcBkvw.mid",602
G-minor triad,Perfect Fifth above G,1/12,"Agnew, Roy, 2 Piano Solos, FxJoaQcBkvw.mid",603
Perfect Fifth above G,G,1.0,"Agnew, Roy, 2 Piano Solos, FxJoaQcBkvw.mid",604
G,F-quartal trichord,1/3,"Agnew, Roy, 2 Piano Solos, FxJoaQcBkvw.mid",605
F-quartal trichord,C-perfect-fourth minor tetrachord,2/3,"Agnew, Roy, 2 Piano Solos, FxJoaQcBkvw.mid",606
C-perfect-fourth minor tetrachord,C-perfect-fourth minor tetrachord,0.5,"Agnew, Roy, 2 Piano Solos, FxJoaQcBkvw.mid",607
C-perfect-fourth minor tetrachord,C-dorian pentachord,1/12,"Agnew, Roy, 2 Piano Solos, FxJoaQcBkvw.mid",608
C-dorian pentachord,C-dorian pentachord,2/3,"Agnew, Roy, 2 Piano Solos, FxJoaQcBkvw.mid",609
C-dorian pentachord,D-minor tetramirror,1/12,"Agnew, Roy, 2 Piano Solos, FxJoaQcBkvw.mid",610
D-minor tetramirror,C-dorian pentachord,2/3,"Agnew, Roy, 2 Piano Solos, FxJoaQcBkvw.mid",611
C-dorian pentachord,C-dorian pentachord,1/6,"Agnew, Roy, 2 Piano Solos, FxJoaQcBkvw.mid",612
C-dorian pentachord,C-dorian pentachord,1/12,"Agnew, Roy, 2 Piano Solos, FxJoaQcBkvw.mid",613
C-dorian pentachord,C-dorian pentachord,0.25,"Agnew, Roy, 2 Piano Solos, FxJoaQcBkvw.mid",614
C-dorian pentachord,C-dorian pentachord,1/6,"Agnew, Roy, 2 Piano Solos, FxJoaQcBkvw.mid",615
C-dorian pentachord,C-dorian pentachord,1/12,"Agnew, Roy, 2 Piano Solos, FxJoaQcBkvw.mid",616
C-dorian pentachord,Eb-incomplete major-seventh chord,1/12,"Agnew, Roy, 2 Piano Solos, FxJoaQcBkvw.mid",617
Eb-incomplete major-seventh chord,Minor Sixth above D,0.75,"Agnew, Roy, 2 Piano Solos, FxJoaQcBkvw.mid",618
Minor Sixth above D,Bb-quartal trichord,0.25,"Agnew, Roy, 2 Piano Solos, FxJoaQcBkvw.mid",619
Bb-quartal trichord,Bb-quartal trichord,0.25,"Agnew, Roy, 2 Piano Solos, FxJoaQcBkvw.mid",620
Bb-quartal trichord,Bb-quartal trichord,0.25,"Agnew, Roy, 2 Piano Solos, FxJoaQcBkvw.mid",621
Bb-quartal trichord,Bb-major-second major tetrachord,0.5,"Agnew, Roy, 2 Piano Solos, FxJoaQcBkvw.mid",622
Bb-major-second major tetrachord,Bb-major-second major tetrachord,1/3,"Agnew, Roy, 2 Piano Solos, FxJoaQcBkvw.mid",623
Bb-major-second major tetrachord,Bb-major pentachord,1/12,"Agnew, Roy, 2 Piano Solos, FxJoaQcBkvw.mid",624
Bb-major pentachord,Bb-perfect-fourth major tetrachord,1/12,"Agnew, Roy, 2 Piano Solos, FxJoaQcBkvw.mid",625
Bb-perfect-fourth major tetrachord,E-,1/6,"Agnew, Roy, 2 Piano Solos, FxJoaQcBkvw.mid",626
E-,A-half-diminished seventh chord,1.0,"Agnew, Roy, 2 Piano Solos, FxJoaQcBkvw.mid",627
A-half-diminished seventh chord,A-Kumoi pentachord,2/3,"Agnew, Roy, 2 Piano Solos, FxJoaQcBkvw.mid",628
A-Kumoi pentachord,A-quartal tetramirror,1/6,"Agnew, Roy, 2 Piano Solos, FxJoaQcBkvw.mid",629
A-quartal tetramirror,A-Kumoi pentachord,0.5,"Agnew, Roy, 2 Piano Solos, FxJoaQcBkvw.mid",630
A-Kumoi pentachord,A-Kumoi pentachord,1/6,"Agnew, Roy, 2 Piano Solos, FxJoaQcBkvw.mid",631
A-Kumoi pentachord,A-perfect-fourth diminished tetrachord,1/12,"Agnew, Roy, 2 Piano Solos, FxJoaQcBkvw.mid",632
A-perfect-fourth diminished tetrachord,A-Kumoi pentachord,2/3,"Agnew, Roy, 2 Piano Solos, FxJoaQcBkvw.mid",633
A-Kumoi pentachord,Eb-incomplete major-seventh chord,1/12,"Agnew, Roy, 2 Piano Solos, FxJoaQcBkvw.mid",634
Eb-incomplete major-seventh chord,Bb-major seventh chord,0.75,"Agnew, Roy, 2 Piano Solos, FxJoaQcBkvw.mid",635
Bb-major seventh chord,Bb-major triad,0.25,"Agnew, Roy, 2 Piano Solos, FxJoaQcBkvw.mid",636
Bb-major triad,G-minor seventh chord,0.5,"Agnew, Roy, 2 Piano Solos, FxJoaQcBkvw.mid",637
G-minor seventh chord,E-diminished-major ninth chord,7/12,"Agnew, Roy, 2 Piano Solos, FxJoaQcBkvw.mid",638
E-diminished-major ninth chord,E-phrygian trichord,1/6,"Agnew, Roy, 2 Piano Solos, FxJoaQcBkvw.mid",639
E-phrygian trichord,E-diminished-major ninth chord,0.75,"Agnew, Roy, 2 Piano Solos, FxJoaQcBkvw.mid",640
E-diminished-major ninth chord,E-diminished-major ninth chord,1/3,"Agnew, Roy, 2 Piano Solos, FxJoaQcBkvw.mid",641
E-diminished-major ninth chord,Bb-all-interval tetrachord,1/6,"Agnew, Roy, 2 Piano Solos, FxJoaQcBkvw.mid",642
Bb-all-interval tetrachord,E-diminished-major ninth chord,0.5,"Agnew, Roy, 2 Piano Solos, FxJoaQcBkvw.mid",643
E-diminished-major ninth chord,E-diminished-major ninth chord,0.25,"Agnew, Roy, 2 Piano Solos, FxJoaQcBkvw.mid",644
E-diminished-major ninth chord,E-minor hexachord,1/6,"Agnew, Roy, 2 Piano Solos, FxJoaQcBkvw.mid",645
E-minor hexachord,E-Kumoi pentachord,1/12,"Agnew, Roy, 2 Piano Solos, FxJoaQcBkvw.mid",646
E-Kumoi pentachord,A-tritone-fourth,1/12,"Agnew, Roy, 2 Piano Solos, FxJoaQcBkvw.mid",647
A-tritone-fourth,A,1/12,"Agnew, Roy, 2 Piano Solos, FxJoaQcBkvw.mid",648
A,F-major triad,1.0,"Agnew, Roy, 2 Piano Solos, FxJoaQcBkvw.mid",649
F-major triad,F-major triad,7/12,"Agnew, Roy, 2 Piano Solos, FxJoaQcBkvw.mid",650
F-major triad,F-major triad,1/12,"Agnew, Roy, 2 Piano Solos, FxJoaQcBkvw.mid",651
F-major triad,Minor Third above A,1/6,"Agnew, Roy, 2 Piano Solos, FxJoaQcBkvw.mid",652
Minor Third above A,C-major-second major tetrachord,1/6,"Agnew, Roy, 2 Piano Solos, FxJoaQcBkvw.mid",653
C-major-second major tetrachord,C-dominant-ninth,1/3,"Agnew, Roy, 2 Piano Solos, FxJoaQcBkvw.mid",654
C-dominant-ninth,C-dominant-ninth,0.5,"Agnew, Roy, 2 Piano Solos, FxJoaQcBkvw.mid",655
C-dominant-ninth,A-dorian hexachord,7/6,"Agnew, Roy, 2 Piano Solos, FxJoaQcBkvw.mid",656
A-dorian hexachord,A-major pentatonic,1/12,"Agnew, Roy, 2 Piano Solos, FxJoaQcBkvw.mid",657
A-major pentatonic,A-dorian hexachord,1.0,"Agnew, Roy, 2 Piano Solos, FxJoaQcBkvw.mid",658
A-dorian hexachord,C,1/6,"Agnew, Roy, 2 Piano Solos, FxJoaQcBkvw.mid",659
C,G,0.5,"Agnew, Roy, 2 Piano Solos, FxJoaQcBkvw.mid",660
G,Major Second above F,0.25,"Agnew, Roy, 2 Piano Solos, FxJoaQcBkvw.mid",661
Major Second above F,F,0.25,"Agnew, Roy, 2 Piano Solos, FxJoaQcBkvw.mid",662
F,F-dominant seventh chord,1.0,"Agnew, Roy, 2 Piano Solos, FxJoaQcBkvw.mid",663
F-dominant seventh chord,F-dominant seventh chord,0.25,"Agnew, Roy, 2 Piano Solos, FxJoaQcBkvw.mid",664
F-dominant seventh chord,F-dominant seventh chord,0.5,"Agnew, Roy, 2 Piano Solos, FxJoaQcBkvw.mid",665
F-dominant seventh chord,Bb-locrian hexachord,1/12,"Agnew, Roy, 2 Piano Solos, FxJoaQcBkvw.mid",666
Bb-locrian hexachord,Bb-locrian hexachord,1/6,"Agnew, Roy, 2 Piano Solos, FxJoaQcBkvw.mid",667
Bb-locrian hexachord,Bb-major-second major tetrachord,0.5,"Agnew, Roy, 2 Piano Solos, FxJoaQcBkvw.mid",668
Bb-major-second major tetrachord,Bb-major-second major tetrachord,1.0,"Agnew, Roy, 2 Piano Solos, FxJoaQcBkvw.mid",669
Bb-major-second major tetrachord,Bb-major-second major tetrachord,0.25,"Agnew, Roy, 2 Piano Solos, FxJoaQcBkvw.mid",670
Bb-major-second major tetrachord,Bb-major-second major tetrachord,0.25,"Agnew, Roy, 2 Piano Solos, FxJoaQcBkvw.mid",671
Bb-major-second major tetrachord,Bb-major-second major tetrachord,0.25,"Agnew, Roy, 2 Piano Solos, FxJoaQcBkvw.mid",672
Bb-major-second major tetrachord,Bb-quartal trichord,1/12,"Agnew, Roy, 2 Piano Solos, FxJoaQcBkvw.mid",673
Bb-quartal trichord,Bb-major seventh chord,1/6,"Agnew, Roy, 2 Piano Solos, FxJoaQcBkvw.mid",674
Bb-major seventh chord,Perfect Fifth above D,1/6,"Agnew, Roy, 2 Piano Solos, FxJoaQcBkvw.mid",675
Perfect Fifth above D,D-minor triad,13/12,"Agnew, Roy, 2 Piano Solos, FxJoaQcBkvw.mid",676
D-minor triad,D-minor triad,1/6,"Agnew, Roy, 2 Piano Solos, FxJoaQcBkvw.mid",677
D-minor triad,D-minor triad,11/12,"Agnew, Roy, 2 Piano Solos, FxJoaQcBkvw.mid",678
D-minor triad,F,1/6,"Agnew, Roy, 2 Piano Solos, FxJoaQcBkvw.mid",679
F,C-major triad,0.75,"Agnew, Roy, 2 Piano Solos, FxJoaQcBkvw.mid",680
C-major triad,C-major triad,2/3,"Agnew, Roy, 2 Piano Solos, FxJoaQcBkvw.mid",681
C-major triad,C-dominant seventh chord,19/12,"Agnew, Roy, 2 Piano Solos, FxJoaQcBkvw.mid",682
C-dominant seventh chord,Bb-quartal trichord,1/12,"Agnew, Roy, 2 Piano Solos, FxJoaQcBkvw.mid",683
Bb-quartal trichord,Perfect Fourth above C,5/3,"Agnew, Roy, 2 Piano Solos, FxJoaQcBkvw.mid",684
Perfect Fourth above C,Perfect Fourth above C,1.5,"Agnew, Roy, 2 Piano Solos, FxJoaQcBkvw.mid",685
Perfect Fourth above C,F-incomplete major-seventh chord,1/12,"Agnew, Roy, 2 Piano Solos, FxJoaQcBkvw.mid",686
F-incomplete major-seventh chord,F-incomplete major-seventh chord,29/12,"Agnew, Roy, 2 Piano Solos, FxJoaQcBkvw.mid",687
F-incomplete major-seventh chord,F-incomplete major-seventh chord,4.0,"Agnew, Roy, 2 Piano Solos, FxJoaQcBkvw.mid",688
F-incomplete major-seventh chord,F-incomplete major-seventh chord,2.25,"Agnew, Roy, 2 Piano Solos, FxJoaQcBkvw.mid",689
F-incomplete major-seventh chord,Major Third above C,7/12,"Agnew, Roy, 2 Piano Solos, FxJoaQcBkvw.mid",690
START,Minor Seventh above F#,0.25,"Agnew, Roy, 2 Pieces, FxJoaQcBkvw.mid",0
Minor Seventh above F#,E,5/12,"Agnew, Roy, 2 Pieces, FxJoaQcBkvw.mid",1
E,E,1/12,"Agnew, Roy, 2 Pieces, FxJoaQcBkvw.mid",2
E,F,2/3,"Agnew, Roy, 2 Pieces, FxJoaQcBkvw.mid",3
F,Minor Sixth above A,2/3,"Agnew, Roy, 2 Pieces, FxJoaQcBkvw.mid",4
Minor Sixth above A,F-major triad,0.25,"Agnew, Roy, 2 Pieces, FxJoaQcBkvw.mid",5
F-major triad,F-major triad,1/6,"Agnew, Roy, 2 Pieces, FxJoaQcBkvw.mid",6
F-major triad,Minor Third above A,1/6,"Agnew, Roy, 2 Pieces, FxJoaQcBkvw.mid",7
Minor Third above A,C-incomplete major-seventh chord,1/12,"Agnew, Roy, 2 Pieces, FxJoaQcBkvw.mid",8
C-incomplete major-seventh chord,Perfect Fourth above B,1/6,"Agnew, Roy, 2 Pieces, FxJoaQcBkvw.mid",9
Perfect Fourth above B,E,0.25,"Agnew, Roy, 2 Pieces, FxJoaQcBkvw.mid",10
E,Major Sixth above G,7/12,"Agnew, Roy, 2 Pieces, FxJoaQcBkvw.mid",11
Major Sixth above G,C-major triad,5/12,"Agnew, Roy, 2 Pieces, FxJoaQcBkvw.mid",12
C-major triad,C-major triad,0.25,"Agnew, Roy, 2 Pieces, FxJoaQcBkvw.mid",13
C-major triad,C-major triad,0.5,"Agnew, Roy, 2 Pieces, FxJoaQcBkvw.mid",14
C-major triad,C-major-second major tetrachord,0.5,"Agnew, Roy, 2 Pieces, FxJoaQcBkvw.mid",15
C-major-second major tetrachord,C-major-second major tetrachord,2/3,"Agnew, Roy, 2 Pieces, FxJoaQcBkvw.mid",16
C-major-second major tetrachord,C-incomplete major-seventh chord,1/12,"Agnew, Roy, 2 Pieces, FxJoaQcBkvw.mid",17
C-incomplete major-seventh chord,C-incomplete major-seventh chord,1/6,"Agnew, Roy, 2 Pieces, FxJoaQcBkvw.mid",18
C-incomplete major-seventh chord,Perfect Fourth above G,1/3,"Agnew, Roy, 2 Pieces, FxJoaQcBkvw.mid",19
Perfect Fourth above G,F-quartal trichord,0.75,"Agnew, Roy, 2 Pieces, FxJoaQcBkvw.mid",20
F-quartal trichord,F-major-second major tetrachord,5/12,"Agnew, Roy, 2 Pieces, FxJoaQcBkvw.mid",21
F-major-second major tetrachord,F-major triad,1/12,"Agnew, Roy, 2 Pieces, FxJoaQcBkvw.mid",22
F-major triad,Minor Third above A,1/6,"Agnew, Roy, 2 Pieces, FxJoaQcBkvw.mid",23
Minor Third above A,Minor Sixth above E,1/3,"Agnew, Roy, 2 Pieces, FxJoaQcBkvw.mid",24
Minor Sixth above E,Minor Sixth above E,5/3,"Agnew, Roy, 2 Pieces, FxJoaQcBkvw.mid",25
Minor Sixth above E,Minor Seventh above D,1.25,"Agnew, Roy, 2 Pieces, FxJoaQcBkvw.mid",26
Minor Seventh above D,D,1/3,"Agnew, Roy, 2 Pieces, FxJoaQcBkvw.mid",27
D,Major Sixth above D,1/12,"Agnew, Roy, 2 Pieces, FxJoaQcBkvw.mid",28
Major Sixth above D,B,2/3,"Agnew, Roy, 2 Pieces, FxJoaQcBkvw.mid",29
B,C,1.0,"Agnew, Roy, 2 Pieces, FxJoaQcBkvw.mid",30
C,Major Third above C,0.25,"Agnew, Roy, 2 Pieces, FxJoaQcBkvw.mid",31
Major Third above C,C-incomplete major-seventh chord,5/12,"Agnew, Roy, 2 Pieces, FxJoaQcBkvw.mid",32
C-incomplete major-seventh chord,C-major seventh chord,1/3,"Agnew, Roy, 2 Pieces, FxJoaQcBkvw.mid",33
C-major seventh chord,Minor Third above E,1/6,"Agnew, Roy, 2 Pieces, FxJoaQcBkvw.mid",34
Minor Third above E,E,1/12,"Agnew, Roy, 2 Pieces, FxJoaQcBkvw.mid",35
E,B,0.5,"Agnew, Roy, 2 Pieces, FxJoaQcBkvw.mid",36
B,Major Sixth above D,0.75,"Agnew, Roy, 2 Pieces, FxJoaQcBkvw.mid",37
Major Sixth above D,B-incomplete minor-seventh chord,0.5,"Agnew, Roy, 2 Pieces, FxJoaQcBkvw.mid",38
B-incomplete minor-seventh chord,G-major-second major tetrachord,0.75,"Agnew, Roy, 2 Pieces, FxJoaQcBkvw.mid",39
G-major-second major tetrachord,G-major-second major tetrachord,0.25,"Agnew, Roy, 2 Pieces, FxJoaQcBkvw.mid",40
G-major-second major tetrachord,G-major-ninth chord,0.5,"Agnew, Roy, 2 Pieces, FxJoaQcBkvw.mid",41
G-major-ninth chord,G-major-ninth chord,0.5,"Agnew, Roy, 2 Pieces, FxJoaQcBkvw.mid",42
G-major-ninth chord,G,2/3,"Agnew, Roy, 2 Pieces, FxJoaQcBkvw.mid",43
G,G,7/12,"Agnew, Roy, 2 Pieces, FxJoaQcBkvw.mid",44
G,Perfect Fifth above G,0.5,"Agnew, Roy, 2 Pieces, FxJoaQcBkvw.mid",45
Perfect Fifth above G,G-major triad,0.25,"Agnew, Roy, 2 Pieces, FxJoaQcBkvw.mid",46
G-major triad,G-major triad,1/3,"Agnew, Roy, 2 Pieces, FxJoaQcBkvw.mid",47
G-major triad,G-major triad,5/12,"Agnew, Roy, 2 Pieces, FxJoaQcBkvw.mid",48
G-major triad,Perfect Fifth above G,0.25,"Agnew, Roy, 2 Pieces, FxJoaQcBkvw.mid",49
Perfect Fifth above G,Perfect Fifth above G,1/3,"Agnew, Roy, 2 Pieces, FxJoaQcBkvw.mid",50
Perfect Fifth above G,Perfect Fifth above G,1/12,"Agnew, Roy, 2 Pieces, FxJoaQcBkvw.mid",51
Perfect Fifth above G,Perfect Fourth above D,1/12,"Agnew, Roy, 2 Pieces, FxJoaQcBkvw.mid",52
Perfect Fourth above D,Perfect Fifth above G,1/6,"Agnew, Roy, 2 Pieces, FxJoaQcBkvw.mid",53
Perfect Fifth above G,E-tritone-fourth,0.25,"Agnew, Roy, 2 Pieces, FxJoaQcBkvw.mid",54
E-tritone-fourth,Major Seventh above F,1/3,"Agnew, Roy, 2 Pieces, FxJoaQcBkvw.mid",55
Major Seventh above F,D-minor trichord,0.5,"Agnew, Roy, 2 Pieces, FxJoaQcBkvw.mid",56
D-minor trichord,D-minor trichord,1/6,"Agnew, Roy, 2 Pieces, FxJoaQcBkvw.mid",57
D-minor trichord,D-minor trichord,1/6,"Agnew, Roy, 2 Pieces, FxJoaQcBkvw.mid",58
D-minor trichord,F,1/12,"Agnew, Roy, 2 Pieces, FxJoaQcBkvw.mid",59
F,C-major triad,2/3,"Agnew, Roy, 2 Pieces, FxJoaQcBkvw.mid",60
C-major triad,C-major triad,1/3,"Agnew, Roy, 2 Pieces, FxJoaQcBkvw.mid",61
C-major triad,Minor Third above E,1/6,"Agnew, Roy, 2 Pieces, FxJoaQcBkvw.mid",62
Minor Third above E,C-major triad,1/3,"Agnew, Roy, 2 Pieces, FxJoaQcBkvw.mid",63
C-major triad,C,1/6,"Agnew, Roy, 2 Pieces, FxJoaQcBkvw.mid",64
C,Perfect Fifth above F,0.25,"Agnew, Roy, 2 Pieces, FxJoaQcBkvw.mid",65
Perfect Fifth above F,D-incomplete minor-seventh chord,0.5,"Agnew, Roy, 2 Pieces, FxJoaQcBkvw.mid",66
D-incomplete minor-seventh chord,D-minor seventh chord,1/6,"Agnew, Roy, 2 Pieces, FxJoaQcBkvw.mid",67
D-minor seventh chord,D-minor seventh chord,1/12,"Agnew, Roy, 2 Pieces, FxJoaQcBkvw.mid",68
D-minor seventh chord,D-minor seventh chord,1/3,"Agnew, Roy, 2 Pieces, FxJoaQcBkvw.mid",69
D-minor seventh chord,D-minor seventh chord,1/12,"Agnew, Roy, 2 Pieces, FxJoaQcBkvw.mid",70
D-minor seventh chord,D-minor seventh chord,0.25,"Agnew, Roy, 2 Pieces, FxJoaQcBkvw.mid",71
D-minor seventh chord,D-incomplete dominant-seventh chord,1/12,"Agnew, Roy, 2 Pieces, FxJoaQcBkvw.mid",72
D-incomplete dominant-seventh chord,Major Sixth above C,1/12,"Agnew, Roy, 2 Pieces, FxJoaQcBkvw.mid",73
Major Sixth above C,G-major triad,0.5,"Agnew, Roy, 2 Pieces, FxJoaQcBkvw.mid",74
G-major triad,G-major triad,0.5,"Agnew, Roy, 2 Pieces, FxJoaQcBkvw.mid",75
G-major triad,G-major triad,0.25,"Agnew, Roy, 2 Pieces, FxJoaQcBkvw.mid",76
G-major triad,E-minor seventh chord,0.5,"Agnew, Roy, 2 Pieces, FxJoaQcBkvw.mid",77
E-minor seventh chord,E-minor triad,1/6,"Agnew, Roy, 2 Pieces, FxJoaQcBkvw.mid",78
E-minor triad,B,1/12,"Agnew, Roy, 2 Pieces, FxJoaQcBkvw.mid",79
B,B-diminished triad,2/3,"Agnew, Roy, 2 Pieces, FxJoaQcBkvw.mid",80
B-diminished triad,B-diminished triad,0.5,"Agnew, Roy, 2 Pieces, FxJoaQcBkvw.mid",81
B-diminished triad,B-diminished triad,1/12,"Agnew, Roy, 2 Pieces, FxJoaQcBkvw.mid",82
B-diminished triad,G-dominant seventh chord,5/12,"Agnew, Roy, 2 Pieces, FxJoaQcBkvw.mid",83
G-dominant seventh chord,Perfect Fourth above D,1/12,"Agnew, Roy, 2 Pieces, FxJoaQcBkvw.mid",84
Perfect Fourth above D,Minor Third above E,7/12,"Agnew, Roy, 2 Pieces, FxJoaQcBkvw.mid",85
Minor Third above E,C-major triad,2/3,"Agnew, Roy, 2 Pieces, FxJoaQcBkvw.mid",86
C-major triad,C-major triad,0.5,"Agnew, Roy, 2 Pieces, FxJoaQcBkvw.mid",87
C-major triad,Perfect Fifth above C,1/12,"Agnew, Roy, 2 Pieces, FxJoaQcBkvw.mid",88
Perfect Fifth above C,G,1/6,"Agnew, Roy, 2 Pieces, FxJoaQcBkvw.mid",89
G,D-minor seventh chord,0.75,"Agnew, Roy, 2 Pieces, FxJoaQcBkvw.mid",90
D-minor seventh chord,D-minor seventh chord,0.25,"Agnew, Roy, 2 Pieces, FxJoaQcBkvw.mid",91
D-minor seventh chord,D-major pentatonic,7/12,"Agnew, Roy, 2 Pieces, FxJoaQcBkvw.mid",92
D-major pentatonic,G-dominant-eleventh,2/3,"Agnew, Roy, 2 Pieces, FxJoaQcBkvw.mid",93
G-dominant-eleventh,B-minor tetramirror,1/12,"Agnew, Roy, 2 Pieces, FxJoaQcBkvw.mid",94
B-minor tetramirror,Major Second above A,1/6,"Agnew, Roy, 2 Pieces, FxJoaQcBkvw.mid",95
Major Second above A,A,1/12,"Agnew, Roy, 2 Pieces, FxJoaQcBkvw.mid",96
A,F-major-second major tetrachord,2/3,"Agnew, Roy, 2 Pieces, FxJoaQcBkvw.mid",97
F-major-second major tetrachord,F-major-second major tetrachord,0.25,"Agnew, Roy, 2 Pieces, FxJoaQcBkvw.mid",98
F-major-second major tetrachord,F-major-ninth chord,0.5,"Agnew, Roy, 2 Pieces, FxJoaQcBkvw.mid",99
F-major-ninth chord,C-perfect-fourth major tetrachord,1/12,"Agnew, Roy, 2 Pieces, FxJoaQcBkvw.mid",100
C-perfect-fourth major tetrachord,Minor Sixth above E,1/6,"Agnew, Roy, 2 Pieces, FxJoaQcBkvw.mid",101
Minor Sixth above E,E-minor triad,1.0,"Agnew, Roy, 2 Pieces, FxJoaQcBkvw.mid",102
E-minor triad,F-major triad,1.0,"Agnew, Roy, 2 Pieces, FxJoaQcBkvw.mid",103
F-major triad,F-major triad,0.5,"Agnew, Roy, 2 Pieces, FxJoaQcBkvw.mid",104
F-major triad,F-major triad,1/3,"Agnew, Roy, 2 Pieces, FxJoaQcBkvw.mid",105
F-major triad,F-all-interval tetrachord,2/3,"Agnew, Roy, 2 Pieces, FxJoaQcBkvw.mid",106
F-all-interval tetrachord,F-all-interval tetrachord,1/12,"Agnew, Roy, 2 Pieces, FxJoaQcBkvw.mid",107
F-all-interval tetrachord,F-all-interval tetrachord,0.25,"Agnew, Roy, 2 Pieces, FxJoaQcBkvw.mid",108
F-all-interval tetrachord,F-all-interval tetrachord,7/6,"Agnew, Roy, 2 Pieces, FxJoaQcBkvw.mid",109
F-all-interval tetrachord,F-Hirajoshi pentatonic,1.5,"Agnew, Roy, 2 Pieces, FxJoaQcBkvw.mid",110
F-Hirajoshi pentatonic,F-major triad,5/6,"Agnew, Roy, 2 Pieces, FxJoaQcBkvw.mid",111
F-major triad,C-incomplete major-seventh chord,0.75,"Agnew, Roy, 2 Pieces, FxJoaQcBkvw.mid",112
C-incomplete major-seventh chord,Minor Second above B,1/12,"Agnew, Roy, 2 Pieces, FxJoaQcBkvw.mid",113
Minor Second above B,B,1/6,"Agnew, Roy, 2 Pieces, FxJoaQcBkvw.mid",114
B,A,0.75,"Agnew, Roy, 2 Pieces, FxJoaQcBkvw.mid",115
A,Minor Third above A,0.25,"Agnew, Roy, 2 Pieces, FxJoaQcBkvw.mid",116
Minor Third above A,Minor Third above A,5/12,"Agnew, Roy, 2 Pieces, FxJoaQcBkvw.mid",117
Minor Third above A,A-minor triad,7/12,"Agnew, Roy, 2 Pieces, FxJoaQcBkvw.mid",118
A-minor triad,A-minor seventh chord,5/12,"Agnew, Roy, 2 Pieces, FxJoaQcBkvw.mid",119
A-minor seventh chord,Major Second above G,1/12,"Agnew, Roy, 2 Pieces, FxJoaQcBkvw.mid",120
Major Second above G,B,0.25,"Agnew, Roy, 2 Pieces, FxJoaQcBkvw.mid",121
B,B,1/3,"Agnew, Roy, 2 Pieces, FxJoaQcBkvw.mid",122
B,Major Sixth above D,5/12,"Agnew, Roy, 2 Pieces, FxJoaQcBkvw.mid",123
Major Sixth above D,B-incomplete minor-seventh chord,0.75,"Agnew, Roy, 2 Pieces, FxJoaQcBkvw.mid",124
B-incomplete minor-seventh chord,G-major-second major tetrachord,0.5,"Agnew, Roy, 2 Pieces, FxJoaQcBkvw.mid",125
G-major-second major tetrachord,G-major-second major tetrachord,1/3,"Agnew, Roy, 2 Pieces, FxJoaQcBkvw.mid",126
G-major-second major tetrachord,G-major-ninth chord,5/12,"Agnew, Roy, 2 Pieces, FxJoaQcBkvw.mid",127
G-major-ninth chord,G-major-ninth chord,1/3,"Agnew, Roy, 2 Pieces, FxJoaQcBkvw.mid",128
G-major-ninth chord,G-whole-tone trichord,1/12,"Agnew, Roy, 2 Pieces, FxJoaQcBkvw.mid",129
G-whole-tone trichord,Major Second above A,1/12,"Agnew, Roy, 2 Pieces, FxJoaQcBkvw.mid",130
Major Second above A,B,1/12,"Agnew, Roy, 2 Pieces, FxJoaQcBkvw.mid",131
B,Minor Sixth above B,1/6,"Agnew, Roy, 2 Pieces, FxJoaQcBkvw.mid",132
Minor Sixth above B,G,0.5,"Agnew, Roy, 2 Pieces, FxJoaQcBkvw.mid",133
G,G,1/3,"Agnew, Roy, 2 Pieces, FxJoaQcBkvw.mid",134
G,Perfect Fifth above G,2/3,"Agnew, Roy, 2 Pieces, FxJoaQcBkvw.mid",135
Perfect Fifth above G,G-major triad,2/3,"Agnew, Roy, 2 Pieces, FxJoaQcBkvw.mid",136
G-major triad,E-minor seventh chord,7/12,"Agnew, Roy, 2 Pieces, FxJoaQcBkvw.mid",137
E-minor seventh chord,E-minor seventh chord,1/12,"Agnew, Roy, 2 Pieces, FxJoaQcBkvw.mid",138
E-minor seventh chord,B,1/6,"Agnew, Roy, 2 Pieces, FxJoaQcBkvw.mid",139
B,Major Sixth above G,2/3,"Agnew, Roy, 2 Pieces, FxJoaQcBkvw.mid",140
Major Sixth above G,Minor Third above D,2/3,"Agnew, Roy, 2 Pieces, FxJoaQcBkvw.mid",141
Minor Third above D,Minor Third above D,0.25,"Agnew, Roy, 2 Pieces, FxJoaQcBkvw.mid",142
Minor Third above D,D-minor triad,0.25,"Agnew, Roy, 2 Pieces, FxJoaQcBkvw.mid",143
D-minor triad,D-minor triad,0.25,"Agnew, Roy, 2 Pieces, FxJoaQcBkvw.mid",144
D-minor triad,D-minor seventh chord,0.25,"Agnew, Roy, 2 Pieces, FxJoaQcBkvw.mid",145
D-minor seventh chord,D-minor seventh chord,1/12,"Agnew, Roy, 2 Pieces, FxJoaQcBkvw.mid",146
D-minor seventh chord,Minor Third above A,1/6,"Agnew, Roy, 2 Pieces, FxJoaQcBkvw.mid",147
Minor Third above A,E,0.5,"Agnew, Roy, 2 Pieces, FxJoaQcBkvw.mid",148
E,Major Sixth above G,2/3,"Agnew, Roy, 2 Pieces, FxJoaQcBkvw.mid",149
Major Sixth above G,E-phrygian trichord,7/12,"Agnew, Roy, 2 Pieces, FxJoaQcBkvw.mid",150
E-phrygian trichord,E-all-interval tetrachord,0.5,"Agnew, Roy, 2 Pieces, FxJoaQcBkvw.mid",151
E-all-interval tetrachord,E-minor-diminished ninth chord,0.25,"Agnew, Roy, 2 Pieces, FxJoaQcBkvw.mid",152
E-minor-diminished ninth chord,E-minor-diminished ninth chord,0.5,"Agnew, Roy, 2 Pieces, FxJoaQcBkvw.mid",153
E-minor-diminished ninth chord,E-minor-diminished ninth chord,0.5,"Agnew, Roy, 2 Pieces, FxJoaQcBkvw.mid",154
E-minor-diminished ninth chord,E-minor-diminished ninth chord,1/12,"Agnew, Roy, 2 Pieces, FxJoaQcBkvw.mid",155
E-minor-diminished ninth chord,E-all-interval tetrachord,1/12,"Agnew, Roy, 2 Pieces, FxJoaQcBkvw.mid",156
E-all-interval tetrachord,E-minor triad,1/12,"Agnew, Roy, 2 Pieces, FxJoaQcBkvw.mid",157
E-minor triad,C,5/12,"Agnew, Roy, 2 Pieces, FxJoaQcBkvw.mid",158
C,C,7/12,"Agnew, Roy, 2 Pieces, FxJoaQcBkvw.mid",159
C,Perfect Fifth above C,0.5,"Agnew, Roy, 2 Pieces, FxJoaQcBkvw.mid",160
Perfect Fifth above C,C-major triad,0.75,"Agnew, Roy, 2 Pieces, FxJoaQcBkvw.mid",161
C-major triad,C-major triad,0.5,"Agnew, Roy, 2 Pieces, FxJoaQcBkvw.mid",162
C-major triad,C-major triad,0.5,"Agnew, Roy, 2 Pieces, FxJoaQcBkvw.mid",163
C-major triad,Perfect Fifth above C,1/6,"Agnew, Roy, 2 Pieces, FxJoaQcBkvw.mid",164
Perfect Fifth above C,Perfect Fourth above G,1/12,"Agnew, Roy, 2 Pieces, FxJoaQcBkvw.mid",165
Perfect Fourth above G,A-minor triad,0.5,"Agnew, Roy, 2 Pieces, FxJoaQcBkvw.mid",166
A-minor triad,A-minor seventh chord,1/6,"Agnew, Roy, 2 Pieces, FxJoaQcBkvw.mid",167
A-minor seventh chord,A-minor seventh chord,1/3,"Agnew, Roy, 2 Pieces, FxJoaQcBkvw.mid",168
A-minor seventh chord,A-minor seventh chord,1/3,"Agnew, Roy, 2 Pieces, FxJoaQcBkvw.mid",169
A-minor seventh chord,C-major triad,1/6,"Agnew, Roy, 2 Pieces, FxJoaQcBkvw.mid",170
C-major triad,G-major triad,0.5,"Agnew, Roy, 2 Pieces, FxJoaQcBkvw.mid",171
G-major triad,Minor Third above B,1/12,"Agnew, Roy, 2 Pieces, FxJoaQcBkvw.mid",172
Minor Third above B,G-major triad,0.5,"Agnew, Roy, 2 Pieces, FxJoaQcBkvw.mid",173
G-major triad,G-major triad,0.25,"Agnew, Roy, 2 Pieces, FxJoaQcBkvw.mid",174
G-major triad,G-major triad,1/6,"Agnew, Roy, 2 Pieces, FxJoaQcBkvw.mid",175
G-major triad,Perfect Fourth above D,1/12,"Agnew, Roy, 2 Pieces, FxJoaQcBkvw.mid",176
Perfect Fourth above D,G,1/12,"Agnew, Roy, 2 Pieces, FxJoaQcBkvw.mid",177
G,A-incomplete minor-seventh chord,1/12,"Agnew, Roy, 2 Pieces, FxJoaQcBkvw.mid",178
A-incomplete minor-seventh chord,A-incomplete minor-seventh chord,7/12,"Agnew, Roy, 2 Pieces, FxJoaQcBkvw.mid",179
A-incomplete minor-seventh chord,A-minor seventh chord,0.5,"Agnew, Roy, 2 Pieces, FxJoaQcBkvw.mid",180
A-minor seventh chord,A-minor seventh chord,0.5,"Agnew, Roy, 2 Pieces, FxJoaQcBkvw.mid",181
A-minor seventh chord,D-major triad,0.5,"Agnew, Roy, 2 Pieces, FxJoaQcBkvw.mid",182
D-major triad,D-major triad,0.25,"Agnew, Roy, 2 Pieces, FxJoaQcBkvw.mid",183
D-major triad,Perfect Fifth above D,1/3,"Agnew, Roy, 2 Pieces, FxJoaQcBkvw.mid",184
Perfect Fifth above D,B-incomplete minor-seventh chord,5/12,"Agnew, Roy, 2 Pieces, FxJoaQcBkvw.mid",185
B-incomplete minor-seventh chord,B-incomplete minor-seventh chord,1/12,"Agnew, Roy, 2 Pieces, FxJoaQcBkvw.mid",186
B-incomplete minor-seventh chord,Perfect Fourth above A,1/6,"Agnew, Roy, 2 Pieces, FxJoaQcBkvw.mid",187
Perfect Fourth above A,F#-diminished triad,2/3,"Agnew, Roy, 2 Pieces, FxJoaQcBkvw.mid",188
F#-diminished triad,F#-diminished triad,7/12,"Agnew, Roy, 2 Pieces, FxJoaQcBkvw.mid",189
F#-diminished triad,D-dominant seventh chord,0.25,"Agnew, Roy, 2 Pieces, FxJoaQcBkvw.mid",190
D-dominant seventh chord,Perfect Fourth above A,1/6,"Agnew, Roy, 2 Pieces, FxJoaQcBkvw.mid",191
Perfect Fourth above A,D,1/12,"Agnew, Roy, 2 Pieces, FxJoaQcBkvw.mid",192
D,Minor Third above B,0.75,"Agnew, Roy, 2 Pieces, FxJoaQcBkvw.mid",193
Minor Third above B,G-major triad,0.25,"Agnew, Roy, 2 Pieces, FxJoaQcBkvw.mid",194
G-major triad,G-major triad,0.25,"Agnew, Roy, 2 Pieces, FxJoaQcBkvw.mid",195
G-major triad,G-major triad,5/12,"Agnew, Roy, 2 Pieces, FxJoaQcBkvw.mid",196
G-major triad,Perfect Fifth above G,1/12,"Agnew, Roy, 2 Pieces, FxJoaQcBkvw.mid",197
Perfect Fifth above G,F#-half-diminished seventh chord,0.25,"Agnew, Roy, 2 Pieces, FxJoaQcBkvw.mid",198
F#-half-diminished seventh chord,A-minor triad,1/3,"Agnew, Roy, 2 Pieces, FxJoaQcBkvw.mid",199
A-minor triad,A-perfect-fourth minor tetrachord,1/12,"Agnew, Roy, 2 Pieces, FxJoaQcBkvw.mid",200
A-perfect-fourth minor tetrachord,A-perfect-fourth minor tetrachord,1/12,"Agnew, Roy, 2 Pieces, FxJoaQcBkvw.mid",201
A-perfect-fourth minor tetrachord,A-dorian pentachord,0.25,"Agnew, Roy, 2 Pieces, FxJoaQcBkvw.mid",202
A-dorian pentachord,A-perfect-fourth minor tetrachord,0.25,"Agnew, Roy, 2 Pieces, FxJoaQcBkvw.mid",203
A-perfect-fourth minor tetrachord,D-dominant-ninth,1/3,"Agnew, Roy, 2 Pieces, FxJoaQcBkvw.mid",204
D-dominant-ninth,F#-incomplete minor-seventh chord,1/6,"Agnew, Roy, 2 Pieces, FxJoaQcBkvw.mid",205
F#-incomplete minor-seventh chord,F#-incomplete minor-seventh chord,1/6,"Agnew, Roy, 2 Pieces, FxJoaQcBkvw.mid",206
F#-incomplete minor-seventh chord,E,1/12,"Agnew, Roy, 2 Pieces, FxJoaQcBkvw.mid",207
E,C-major-second major tetrachord,11/12,"Agnew, Roy, 2 Pieces, FxJoaQcBkvw.mid",208
C-major-second major tetrachord,C-major-ninth chord,5/12,"Agnew, Roy, 2 Pieces, FxJoaQcBkvw.mid",209
C-major-ninth chord,E-minor triad,1/12,"Agnew, Roy, 2 Pieces, FxJoaQcBkvw.mid",210
E-minor triad,Minor Sixth above B,0.25,"Agnew, Roy, 2 Pieces, FxJoaQcBkvw.mid",211
Minor Sixth above B,G-major seventh chord,0.5,"Agnew, Roy, 2 Pieces, FxJoaQcBkvw.mid",212
G-major seventh chord,G-major seventh chord,7/12,"Agnew, Roy, 2 Pieces, FxJoaQcBkvw.mid",213
G-major seventh chord,B-minor triad,1/12,"Agnew, Roy, 2 Pieces, FxJoaQcBkvw.mid",214
B-minor triad,B-minor triad,1/12,"Agnew, Roy, 2 Pieces, FxJoaQcBkvw.mid",215
B-minor triad,C-major seventh chord,1/6,"Agnew, Roy, 2 Pieces, FxJoaQcBkvw.mid",216
C-major seventh chord,C-major seventh chord,13/12,"Agnew, Roy, 2 Pieces, FxJoaQcBkvw.mid",217
C-major seventh chord,C-major triad,0.75,"Agnew, Roy, 2 Pieces, FxJoaQcBkvw.mid",218
C-major triad,C-all-interval tetrachord,0.5,"Agnew, Roy, 2 Pieces, FxJoaQcBkvw.mid",219
C-all-interval tetrachord,C-major triad,1/6,"Agnew, Roy, 2 Pieces, FxJoaQcBkvw.mid",220
C-major triad,E,1/12,"Agnew, Roy, 2 Pieces, FxJoaQcBkvw.mid",221
E,Major Sixth above G,0.5,"Agnew, Roy, 2 Pieces, FxJoaQcBkvw.mid",222
Major Sixth above G,Major Sixth above G,0.75,"Agnew, Roy, 2 Pieces, FxJoaQcBkvw.mid",223
Major Sixth above G,E-minor triad,3.25,"Agnew, Roy, 2 Pieces, FxJoaQcBkvw.mid",224
E-minor triad,E,1.0,"Agnew, Roy, 2 Pieces, FxJoaQcBkvw.mid",225
E,E-minor triad,0.25,"Agnew, Roy, 2 Pieces, FxJoaQcBkvw.mid",226
E-minor triad,Minor Third above E,0.5,"Agnew, Roy, 2 Pieces, FxJoaQcBkvw.mid",227
Minor Third above E,E-minor triad,0.5,"Agnew, Roy, 2 Pieces, FxJoaQcBkvw.mid",228
E-minor triad,E-minor seventh chord,0.5,"Agnew, Roy, 2 Pieces, FxJoaQcBkvw.mid",229
E-minor seventh chord,Perfect Fifth above B,0.25,"Agnew, Roy, 2 Pieces, FxJoaQcBkvw.mid",230
Perfect Fifth above B,F#,5/12,"Agnew, Roy, 2 Pieces, FxJoaQcBkvw.mid",231
F#,Major Sixth above A,1/3,"Agnew, Roy, 2 Pieces, FxJoaQcBkvw.mid",232
Major Sixth above A,Major Sixth above A,0.25,"Agnew, Roy, 2 Pieces, FxJoaQcBkvw.mid",233
Major Sixth above A,F#-phrygian trichord,0.75,"Agnew, Roy, 2 Pieces, FxJoaQcBkvw.mid",234
F#-phrygian trichord,F#-all-interval tetrachord,1/3,"Agnew, Roy, 2 Pieces, FxJoaQcBkvw.mid",235
F#-all-interval tetrachord,F#-minor-diminished ninth chord,1/6,"Agnew, Roy, 2 Pieces, FxJoaQcBkvw.mid",236
F#-minor-diminished ninth chord,F#-minor-diminished ninth chord,0.25,"Agnew, Roy, 2 Pieces, FxJoaQcBkvw.mid",237
F#-minor-diminished ninth chord,F#-minor-diminished ninth chord,0.25,"Agnew, Roy, 2 Pieces, FxJoaQcBkvw.mid",238
F#-minor-diminished ninth chord,F#-minor-diminished ninth chord,1/6,"Agnew, Roy, 2 Pieces, FxJoaQcBkvw.mid",239
F#-minor-diminished ninth chord,F#-minor-diminished ninth chord,1/12,"Agnew, Roy, 2 Pieces, FxJoaQcBkvw.mid",240
F#-minor-diminished ninth chord,F#-minor-diminished ninth chord,1/3,"Agnew, Roy, 2 Pieces, FxJoaQcBkvw.mid",241
F#-minor-diminished ninth chord,F#-all-interval tetrachord,1/12,"Agnew, Roy, 2 Pieces, FxJoaQcBkvw.mid",242
F#-all-interval tetrachord,Major Sixth above G,1/12,"Agnew, Roy, 2 Pieces, FxJoaQcBkvw.mid",243
Major Sixth above G,E,0.5,"Agnew, Roy, 2 Pieces, FxJoaQcBkvw.mid",244
E,Major Second above D,0.5,"Agnew, Roy, 2 Pieces, FxJoaQcBkvw.mid",245
Major Second above D,C-whole-tone trichord,0.25,"Agnew, Roy, 2 Pieces, FxJoaQcBkvw.mid",246
C-whole-tone trichord,C-whole-tone trichord,0.5,"Agnew, Roy, 2 Pieces, FxJoaQcBkvw.mid",247
C-whole-tone trichord,A-perfect-fourth minor tetrachord,0.5,"Agnew, Roy, 2 Pieces, FxJoaQcBkvw.mid",248
A-perfect-fourth minor tetrachord,D-dominant-ninth,2/3,"Agnew, Roy, 2 Pieces, FxJoaQcBkvw.mid",249
D-dominant-ninth,D-dominant-ninth,1/12,"Agnew, Roy, 2 Pieces, FxJoaQcBkvw.mid",250
D-dominant-ninth,D-dominant-ninth,2/3,"Agnew, Roy, 2 Pieces, FxJoaQcBkvw.mid",251
D-dominant-ninth,D-major triad,1/12,"Agnew, Roy, 2 Pieces, FxJoaQcBkvw.mid",252
D-major triad,E,1/6,"Agnew, Roy, 2 Pieces, FxJoaQcBkvw.mid",253
E,D-minor trichord,1/12,"Agnew, Roy, 2 Pieces, FxJoaQcBkvw.mid",254
D-minor trichord,Minor Third above D,11/12,"Agnew, Roy, 2 Pieces, FxJoaQcBkvw.mid",255
Minor Third above D,D-minor triad,1/3,"Agnew, Roy, 2 Pieces, FxJoaQcBkvw.mid",256
D-minor triad,D-minor triad,1/3,"Agnew, Roy, 2 Pieces, FxJoaQcBkvw.mid",257
D-minor triad,D-minor seventh chord,1/3,"Agnew, Roy, 2 Pieces, FxJoaQcBkvw.mid",258
D-minor seventh chord,Minor Third above A,0.25,"Agnew, Roy, 2 Pieces, FxJoaQcBkvw.mid",259
Minor Third above A,C,1/12,"Agnew, Roy, 2 Pieces, FxJoaQcBkvw.mid",260
C,Perfect Fourth above B,0.25,"Agnew, Roy, 2 Pieces, FxJoaQcBkvw.mid",261
Perfect Fourth above B,E,0.25,"Agnew, Roy, 2 Pieces, FxJoaQcBkvw.mid",262
E,Major Sixth above G,0.5,"Agnew, Roy, 2 Pieces, FxJoaQcBkvw.mid",263
Major Sixth above G,E-phrygian trichord,2/3,"Agnew, Roy, 2 Pieces, FxJoaQcBkvw.mid",264
E-phrygian trichord,E-all-interval tetrachord,2/3,"Agnew, Roy, 2 Pieces, FxJoaQcBkvw.mid",265
E-all-interval tetrachord,E-minor-diminished ninth chord,1/3,"Agnew, Roy, 2 Pieces, FxJoaQcBkvw.mid",266
E-minor-diminished ninth chord,E-minor-diminished ninth chord,1/3,"Agnew, Roy, 2 Pieces, FxJoaQcBkvw.mid",267
E-minor-diminished ninth chord,E-minor-diminished ninth chord,0.5,"Agnew, Roy, 2 Pieces, FxJoaQcBkvw.mid",268
E-minor-diminished ninth chord,G-major triad,1/6,"Agnew, Roy, 2 Pieces, FxJoaQcBkvw.mid",269
G-major triad,G,1/12,"Agnew, Roy, 2 Pieces, FxJoaQcBkvw.mid",270
G,C,0.5,"Agnew, Roy, 2 Pieces, FxJoaQcBkvw.mid",271
C,C,0.5,"Agnew, Roy, 2 Pieces, FxJoaQcBkvw.mid",272
C,Perfect Fifth above C,0.75,"Agnew, Roy, 2 Pieces, FxJoaQcBkvw.mid",273
Perfect Fifth above C,C-major triad,0.5,"Agnew, Roy, 2 Pieces, FxJoaQcBkvw.mid",274
C-major triad,C-major-second major tetrachord,2/3,"Agnew, Roy, 2 Pieces, FxJoaQcBkvw.mid",275
C-major-second major tetrachord,C-major-second major tetrachord,1/12,"Agnew, Roy, 2 Pieces, FxJoaQcBkvw.mid",276
C-major-second major tetrachord,C-major-second major tetrachord,0.25,"Agnew, Roy, 2 Pieces, FxJoaQcBkvw.mid",277
C-major-second major tetrachord,C-major-second major tetrachord,1/3,"Agnew, Roy, 2 Pieces, FxJoaQcBkvw.mid",278
C-major-second major tetrachord,Perfect Fifth above C,1/12,"Agnew, Roy, 2 Pieces, FxJoaQcBkvw.mid",279
Perfect Fifth above C,C,1/12,"Agnew, Roy, 2 Pieces, FxJoaQcBkvw.mid",280
C,A-quartal trichord,5/6,"Agnew, Roy, 2 Pieces, FxJoaQcBkvw.mid",281
A-quartal trichord,E-perfect-fourth minor tetrachord,2/3,"Agnew, Roy, 2 Pieces, FxJoaQcBkvw.mid",282
E-perfect-fourth minor tetrachord,E-minor triad,1/12,"Agnew, Roy, 2 Pieces, FxJoaQcBkvw.mid",283
E-minor triad,E-perfect-fourth minor tetrachord,5/12,"Agnew, Roy, 2 Pieces, FxJoaQcBkvw.mid",284
E-perfect-fourth minor tetrachord,Major Second above G,1/12,"Agnew, Roy, 2 Pieces, FxJoaQcBkvw.mid",285
Major Second above G,Minor Seventh above B,0.25,"Agnew, Roy, 2 Pieces, FxJoaQcBkvw.mid",286
Minor Seventh above B,A-minor triad,1.0,"Agnew, Roy, 2 Pieces, FxJoaQcBkvw.mid",287
A-minor triad,A-minor triad,0.5,"Agnew, Roy, 2 Pieces, FxJoaQcBkvw.mid",288
A-minor triad,A-minor triad,0.5,"Agnew, Roy, 2 Pieces, FxJoaQcBkvw.mid",289
A-minor triad,C,0.25,"Agnew, Roy, 2 Pieces, FxJoaQcBkvw.mid",290
C,C-major triad,0.75,"Agnew, Roy, 2 Pieces, FxJoaQcBkvw.mid",291
C-major triad,C-major seventh chord,2/3,"Agnew, Roy, 2 Pieces, FxJoaQcBkvw.mid",292
C-major seventh chord,C-major seventh chord,1/12,"Agnew, Roy, 2 Pieces, FxJoaQcBkvw.mid",293
C-major seventh chord,C-major seventh chord,0.75,"Agnew, Roy, 2 Pieces, FxJoaQcBkvw.mid",294
C-major seventh chord,Major Third above C,0.25,"Agnew, Roy, 2 Pieces, FxJoaQcBkvw.mid",295
Major Third above C,F-major seventh chord,0.25,"Agnew, Roy, 2 Pieces, FxJoaQcBkvw.mid",296
F-major seventh chord,F-major seventh chord,0.75,"Agnew, Roy, 2 Pieces, FxJoaQcBkvw.mid",297
F-major seventh chord,F-Hirajoshi pentatonic,2/3,"Agnew, Roy, 2 Pieces, FxJoaQcBkvw.mid",298
F-Hirajoshi pentatonic,F-minor-second quartal tetrachord,1/12,"Agnew, Roy, 2 Pieces, FxJoaQcBkvw.mid",299
F-minor-second quartal tetrachord,F-Hirajoshi pentatonic,0.5,"Agnew, Roy, 2 Pieces, FxJoaQcBkvw.mid",300
F-Hirajoshi pentatonic,F-all-interval tetrachord,1/12,"Agnew, Roy, 2 Pieces, FxJoaQcBkvw.mid",301
F-all-interval tetrachord,F-major triad,1/6,"Agnew, Roy, 2 Pieces, FxJoaQcBkvw.mid",302
F-major triad,F-major triad,0.75,"Agnew, Roy, 2 Pieces, FxJoaQcBkvw.mid",303
F-major triad,F-all-interval tetrachord,1.0,"Agnew, Roy, 2 Pieces, FxJoaQcBkvw.mid",304
F-all-interval tetrachord,Major Seventh above C,1/6,"Agnew, Roy, 2 Pieces, FxJoaQcBkvw.mid",305
Major Seventh above C,Major Seventh above C,1/12,"Agnew, Roy, 2 Pieces, FxJoaQcBkvw.mid",306
Major Seventh above C,B-diminished triad,1.0,"Agnew, Roy, 2 Pieces, FxJoaQcBkvw.mid",307
B-diminished triad,Minor Third above B,1/12,"Agnew, Roy, 2 Pieces, FxJoaQcBkvw.mid",308
Minor Third above B,E-incomplete dominant-seventh chord,1/6,"Agnew, Roy, 2 Pieces, FxJoaQcBkvw.mid",309
E-incomplete dominant-seventh chord,E-incomplete dominant-seventh chord,1/12,"Agnew, Roy, 2 Pieces, FxJoaQcBkvw.mid",310
E-incomplete dominant-seventh chord,E-incomplete dominant-seventh chord,1/12,"Agnew, Roy, 2 Pieces, FxJoaQcBkvw.mid",311
E-incomplete dominant-seventh chord,E-minor seventh chord,13/12,"Agnew, Roy, 2 Pieces, FxJoaQcBkvw.mid",312
E-minor seventh chord,E-incomplete minor-seventh chord,1.25,"Agnew, Roy, 2 Pieces, FxJoaQcBkvw.mid",313
E-incomplete minor-seventh chord,E-incomplete minor-seventh chord,10/3,"Agnew, Roy, 2 Pieces, FxJoaQcBkvw.mid",314
E-incomplete minor-seventh chord,E-minor seventh chord,2/3,"Agnew, Roy, 2 Pieces, FxJoaQcBkvw.mid",315
E-minor seventh chord,E-minor seventh chord,1/3,"Agnew, Roy, 2 Pieces, FxJoaQcBkvw.mid",316
E-minor seventh chord,E-minor seventh chord,1/6,"Agnew, Roy, 2 Pieces, FxJoaQcBkvw.mid",317
E-minor seventh chord,E-minor seventh chord,7/12,"Agnew, Roy, 2 Pieces, FxJoaQcBkvw.mid",318
E-minor seventh chord,E-incomplete minor-seventh chord,1/6,"Agnew, Roy, 2 Pieces, FxJoaQcBkvw.mid",319
E-incomplete minor-seventh chord,C-major-second major tetrachord,1/12,"Agnew, Roy, 2 Pieces, FxJoaQcBkvw.mid",320
C-major-second major tetrachord,Major Third above C,11/12,"Agnew, Roy, 2 Pieces, FxJoaQcBkvw.mid",321
Major Third above C,C-major triad,0.5,"Agnew, Roy, 2 Pieces, FxJoaQcBkvw.mid",322
C-major triad,A-minor seventh chord,0.5,"Agnew, Roy, 2 Pieces, FxJoaQcBkvw.mid",323
A-minor seventh chord,A-minor-ninth chord,0.75,"Agnew, Roy, 2 Pieces, FxJoaQcBkvw.mid",324
A-minor-ninth chord,A-minor-ninth chord,11/12,"Agnew, Roy, 2 Pieces, FxJoaQcBkvw.mid",325
A-minor-ninth chord,E-perfect-fourth minor tetrachord,1/12,"Agnew, Roy, 2 Pieces, FxJoaQcBkvw.mid",326
E-perfect-fourth minor tetrachord,C-major triad,0.25,"Agnew, Roy, 2 Pieces, FxJoaQcBkvw.mid",327
C-major triad,C-major triad,2.75,"Agnew, Roy, 2 Pieces, FxJoaQcBkvw.mid",328
C-major triad,E,5.25,"Agnew, Roy, 2 Pieces, FxJoaQcBkvw.mid",329
E,C-major triad,4.0,"Agnew, Roy, 2 Pieces, FxJoaQcBkvw.mid",330
C-major triad,C-major triad,4.0,"Agnew, Roy, 2 Pieces, FxJoaQcBkvw.mid",331
C-major triad,C-major triad,1.0,"Agnew, Roy, 2 Pieces, FxJoaQcBkvw.mid",332
C-major triad,C,1/3,"Agnew, Roy, 2 Pieces, FxJoaQcBkvw.mid",333
C,C,5/12,"Agnew, Roy, 2 Pieces, FxJoaQcBkvw.mid",334
C,F,0.25,"Agnew, Roy, 2 Pieces, FxJoaQcBkvw.mid",335
F,Diminished Seventh above G#,1.0,"Agnew, Roy, 2 Pieces, FxJoaQcBkvw.mid",336
Diminished Seventh above G#,F-major-second minor tetrachord,0.75,"Agnew, Roy, 2 Pieces, FxJoaQcBkvw.mid",337
F-major-second minor tetrachord,F-major-second minor tetrachord,5/6,"Agnew, Roy, 2 Pieces, FxJoaQcBkvw.mid",338
F-major-second minor tetrachord,enharmonic equivalent to minor-ninth chord above C,5/12,"Agnew, Roy, 2 Pieces, FxJoaQcBkvw.mid",339
enharmonic equivalent to minor-ninth chord above C,enharmonic equivalent to minor seventh chord above F,1/12,"Agnew, Roy, 2 Pieces, FxJoaQcBkvw.mid",340
enharmonic equivalent to minor seventh chord above F,F-incomplete dominant-seventh chord,1/6,"Agnew, Roy, 2 Pieces, FxJoaQcBkvw.mid",341
F-incomplete dominant-seventh chord,Perfect Fifth above G,0.75,"Agnew, Roy, 2 Pieces, FxJoaQcBkvw.mid",342
Perfect Fifth above G,Perfect Fifth above G,0.25,"Agnew, Roy, 2 Pieces, FxJoaQcBkvw.mid",343
Perfect Fifth above G,G-minor triad,2/3,"Agnew, Roy, 2 Pieces, FxJoaQcBkvw.mid",344
G-minor triad,Major Third above Bb,1/12,"Agnew, Roy, 2 Pieces, FxJoaQcBkvw.mid",345
Major Third above Bb,enharmonic equivalent to half-diminished seventh chord above G#,1.0,"Agnew, Roy, 2 Pieces, FxJoaQcBkvw.mid",346
enharmonic equivalent to half-diminished seventh chord above G#,D-Kumoi pentachord,0.75,"Agnew, Roy, 2 Pieces, FxJoaQcBkvw.mid",347
D-Kumoi pentachord,D-Kumoi pentachord,0.5,"Agnew, Roy, 2 Pieces, FxJoaQcBkvw.mid",348
D-Kumoi pentachord,D-Kumoi pentachord,0.25,"Agnew, Roy, 2 Pieces, FxJoaQcBkvw.mid",349
D-Kumoi pentachord,G-dorian hexachord,5/12,"Agnew, Roy, 2 Pieces, FxJoaQcBkvw.mid",350
G-dorian hexachord,C-major scale,1/12,"Agnew, Roy, 2 Pieces, FxJoaQcBkvw.mid",351
C-major scale,enharmonic equivalent to major-ninth chord above Bb,1/12,"Agnew, Roy, 2 Pieces, FxJoaQcBkvw.mid",352
enharmonic equivalent to major-ninth chord above Bb,C-minor seventh chord,1/12,"Agnew, Roy, 2 Pieces, FxJoaQcBkvw.mid",353
C-minor seventh chord,Eb-major triad,1/12,"Agnew, Roy, 2 Pieces, FxJoaQcBkvw.mid",354
Eb-major triad,Eb-major seventh chord,0.5,"Agnew, Roy, 2 Pieces, FxJoaQcBkvw.mid",355
Eb-major seventh chord,Eb-major seventh chord,0.25,"Agnew, Roy, 2 Pieces, FxJoaQcBkvw.mid",356
Eb-major seventh chord,Eb-major seventh chord,0.25,"Agnew, Roy, 2 Pieces, FxJoaQcBkvw.mid",357
Eb-major seventh chord,A-diminished triad,2/3,"Agnew, Roy, 2 Pieces, FxJoaQcBkvw.mid",358
A-diminished triad,A-half-diminished seventh chord,2/3,"Agnew, Roy, 2 Pieces, FxJoaQcBkvw.mid",359
A-half-diminished seventh chord,A-half-diminished seventh chord,1/12,"Agnew, Roy, 2 Pieces, FxJoaQcBkvw.mid",360
A-half-diminished seventh chord,A-half-diminished seventh chord,1/3,"Agnew, Roy, 2 Pieces, FxJoaQcBkvw.mid",361
A-half-diminished seventh chord,Major Third above Eb,0.25,"Agnew, Roy, 2 Pieces, FxJoaQcBkvw.mid",362
Major Third above Eb,D,0.25,"Agnew, Roy, 2 Pieces, FxJoaQcBkvw.mid",363
D,Bb-major triad,0.75,"Agnew, Roy, 2 Pieces, FxJoaQcBkvw.mid",364
Bb-major triad,Bb-major triad,0.25,"Agnew, Roy, 2 Pieces, FxJoaQcBkvw.mid",365
Bb-major triad,Bb-major triad,0.5,"Agnew, Roy, 2 Pieces, FxJoaQcBkvw.mid",366
Bb-major triad,D-quartal tetramirror,1.0,"Agnew, Roy, 2 Pieces, FxJoaQcBkvw.mid",367
D-quartal tetramirror,D-major pentatonic,0.5,"Agnew, Roy, 2 Pieces, FxJoaQcBkvw.mid",368
D-major pentatonic,D-incomplete dominant-seventh chord,0.25,"Agnew, Roy, 2 Pieces, FxJoaQcBkvw.mid",369
D-incomplete dominant-seventh chord,A-perfect-fourth minor tetrachord,1/12,"Agnew, Roy, 2 Pieces, FxJoaQcBkvw.mid",370
A-perfect-fourth minor tetrachord,A-perfect-fourth minor tetrachord,5/12,"Agnew, Roy, 2 Pieces, FxJoaQcBkvw.mid",371
A-perfect-fourth minor tetrachord,A-perfect-fourth minor tetrachord,2/3,"Agnew, Roy, 2 Pieces, FxJoaQcBkvw.mid",372
A-perfect-fourth minor tetrachord,A-major pentatonic,0.75,"Agnew, Roy, 2 Pieces, FxJoaQcBkvw.mid",373
A-major pentatonic,E-quartal tetramirror,1/12,"Agnew, Roy, 2 Pieces, FxJoaQcBkvw.mid",374
E-quartal tetramirror,G-incomplete dominant-seventh chord,1/6,"Agnew, Roy, 2 Pieces, FxJoaQcBkvw.mid",375
G-incomplete dominant-seventh chord,Major Second above F,1/12,"Agnew, Roy, 2 Pieces, FxJoaQcBkvw.mid",376
Major Second above F,C-perfect-fourth minor tetrachord,1.25,"Agnew, Roy, 2 Pieces, FxJoaQcBkvw.mid",377
C-perfect-fourth minor tetrachord,C-dorian pentachord,0.75,"Agnew, Roy, 2 Pieces, FxJoaQcBkvw.mid",378
C-dorian pentachord,C-perfect-fourth minor tetrachord,0.25,"Agnew, Roy, 2 Pieces, FxJoaQcBkvw.mid",379
C-perfect-fourth minor tetrachord,Eb-major triad,0.25,"Agnew, Roy, 2 Pieces, FxJoaQcBkvw.mid",380
Eb-major triad,Eb-major triad,0.5,"Agnew, Roy, 2 Pieces, FxJoaQcBkvw.mid",381
Eb-major triad,C-minor seventh chord,1/6,"Agnew, Roy, 2 Pieces, FxJoaQcBkvw.mid",382
C-minor seventh chord,C-minor seventh chord,7/12,"Agnew, Roy, 2 Pieces, FxJoaQcBkvw.mid",383
C-minor seventh chord,A-minor hexachord,1/6,"Agnew, Roy, 2 Pieces, FxJoaQcBkvw.mid",384
A-minor hexachord,A-minor hexachord,7/12,"Agnew, Roy, 2 Pieces, FxJoaQcBkvw.mid",385
A-minor hexachord,D-major scale,5/12,"Agnew, Roy, 2 Pieces, FxJoaQcBkvw.mid",386
D-major scale,D-major scale,0.25,"Agnew, Roy, 2 Pieces, FxJoaQcBkvw.mid",387
D-major scale,A-minor hexachord,1/12,"Agnew, Roy, 2 Pieces, FxJoaQcBkvw.mid",388
A-minor hexachord,B-,1/6,"Agnew, Roy, 2 Pieces, FxJoaQcBkvw.mid",389
B-,A-half-diminished seventh chord,0.75,"Agnew, Roy, 2 Pieces, FxJoaQcBkvw.mid",390
A-half-diminished seventh chord,A-Kumoi pentachord,0.5,"Agnew, Roy, 2 Pieces, FxJoaQcBkvw.mid",391
A-Kumoi pentachord,A-Kumoi pentachord,1/12,"Agnew, Roy, 2 Pieces, FxJoaQcBkvw.mid",392
A-Kumoi pentachord,A-Kumoi pentachord,2/3,"Agnew, Roy, 2 Pieces, FxJoaQcBkvw.mid",393
A-Kumoi pentachord,A-Kumoi pentachord,1/12,"Agnew, Roy, 2 Pieces, FxJoaQcBkvw.mid",394
A-Kumoi pentachord,A-Kumoi pentachord,5/12,"Agnew, Roy, 2 Pieces, FxJoaQcBkvw.mid",395
A-Kumoi pentachord,G,0.25,"Agnew, Roy, 2 Pieces, FxJoaQcBkvw.mid",396
G,G-minor-ninth chord,2/3,"Agnew, Roy, 2 Pieces, FxJoaQcBkvw.mid",397
G-minor-ninth chord,G-minor-ninth chord,1/12,"Agnew, Roy, 2 Pieces, FxJoaQcBkvw.mid",398
G-minor-ninth chord,G-minor triad,0.25,"Agnew, Roy, 2 Pieces, FxJoaQcBkvw.mid",399
G-minor triad,E-half-diminished seventh chord,5/12,"Agnew, Roy, 2 Pieces, FxJoaQcBkvw.mid",400
E-half-diminished seventh chord,E-incomplete minor-seventh chord,1/12,"Agnew, Roy, 2 Pieces, FxJoaQcBkvw.mid",401
E-incomplete minor-seventh chord,E-half-diminished seventh chord,0.5,"Agnew, Roy, 2 Pieces, FxJoaQcBkvw.mid",402
E-half-diminished seventh chord,E-half-diminished seventh chord,1/6,"Agnew, Roy, 2 Pieces, FxJoaQcBkvw.mid",403
E-half-diminished seventh chord,E-half-diminished seventh chord,1/12,"Agnew, Roy, 2 Pieces, FxJoaQcBkvw.mid",404
E-half-diminished seventh chord,E-half-diminished seventh chord,1/12,"Agnew, Roy, 2 Pieces, FxJoaQcBkvw.mid",405
E-half-diminished seventh chord,E-half-diminished seventh chord,5/12,"Agnew, Roy, 2 Pieces, FxJoaQcBkvw.mid",406
E-half-diminished seventh chord,E-incomplete half-diminished seventh chord,1/12,"Agnew, Roy, 2 Pieces, FxJoaQcBkvw.mid",407
E-incomplete half-diminished seventh chord,Minor Sixth above D,1/6,"Agnew, Roy, 2 Pieces, FxJoaQcBkvw.mid",408
Minor Sixth above D,F-major triad,0.75,"Agnew, Roy, 2 Pieces, FxJoaQcBkvw.mid",409
F-major triad,F-major triad,7/12,"Agnew, Roy, 2 Pieces, FxJoaQcBkvw.mid",410
F-major triad,Perfect Fourth above C,1/12,"Agnew, Roy, 2 Pieces, FxJoaQcBkvw.mid",411
Perfect Fourth above C,C,1/12,"Agnew, Roy, 2 Pieces, FxJoaQcBkvw.mid",412
C,C,1/6,"Agnew, Roy, 2 Pieces, FxJoaQcBkvw.mid",413
C,C-dominant seventh chord,1/12,"Agnew, Roy, 2 Pieces, FxJoaQcBkvw.mid",414
C-dominant seventh chord,C-dominant seventh chord,0.75,"Agnew, Roy, 2 Pieces, FxJoaQcBkvw.mid",415
C-dominant seventh chord,A-minor-diminished ninth chord,1/12,"Agnew, Roy, 2 Pieces, FxJoaQcBkvw.mid",416
A-minor-diminished ninth chord,E-perfect-fourth diminished tetrachord,1/12,"Agnew, Roy, 2 Pieces, FxJoaQcBkvw.mid",417
E-perfect-fourth diminished tetrachord,A-minor-diminished ninth chord,1/3,"Agnew, Roy, 2 Pieces, FxJoaQcBkvw.mid",418
A-minor-diminished ninth chord,A-minor-diminished ninth chord,1/6,"Agnew, Roy, 2 Pieces, FxJoaQcBkvw.mid",419
A-minor-diminished ninth chord,Perfect Fifth above C,1/3,"Agnew, Roy, 2 Pieces, FxJoaQcBkvw.mid",420
Perfect Fifth above C,C-incomplete dominant-seventh chord,11/12,"Agnew, Roy, 2 Pieces, FxJoaQcBkvw.mid",421
C-incomplete dominant-seventh chord,Minor Seventh above C,1/12,"Agnew, Roy, 2 Pieces, FxJoaQcBkvw.mid",422
Minor Seventh above C,G-double-fourth tetramirror,1/6,"Agnew, Roy, 2 Pieces, FxJoaQcBkvw.mid",423
G-double-fourth tetramirror,G-incomplete major-seventh chord,1/12,"Agnew, Roy, 2 Pieces, FxJoaQcBkvw.mid",424
G-incomplete major-seventh chord,G,5/12,"Agnew, Roy, 2 Pieces, FxJoaQcBkvw.mid",425
G,D-minor triad,11/12,"Agnew, Roy, 2 Pieces, FxJoaQcBkvw.mid",426
D-minor triad,D-minor triad,1/12,"Agnew, Roy, 2 Pieces, FxJoaQcBkvw.mid",427
D-minor triad,D-minor triad,0.5,"Agnew, Roy, 2 Pieces, FxJoaQcBkvw.mid",428
D-minor triad,Perfect Fourth above A,1/6,"Agnew, Roy, 2 Pieces, FxJoaQcBkvw.mid",429
Perfect Fourth above A,D-tritone-fourth,0.5,"Agnew, Roy, 2 Pieces, FxJoaQcBkvw.mid",430
D-tritone-fourth,Eb-minor-second quartal tetrachord,1/6,"Agnew, Roy, 2 Pieces, FxJoaQcBkvw.mid",431
Eb-minor-second quartal tetrachord,A-Kumoi pentachord,11/12,"Agnew, Roy, 2 Pieces, FxJoaQcBkvw.mid",432
A-Kumoi pentachord,A-half-diminished seventh chord,1/12,"Agnew, Roy, 2 Pieces, FxJoaQcBkvw.mid",433
A-half-diminished seventh chord,Eb-minor-second quartal tetrachord,1/12,"Agnew, Roy, 2 Pieces, FxJoaQcBkvw.mid",434
Eb-minor-second quartal tetrachord,A-Kumoi pentachord,0.75,"Agnew, Roy, 2 Pieces, FxJoaQcBkvw.mid",435
A-Kumoi pentachord,A-Kumoi pentachord,2/3,"Agnew, Roy, 2 Pieces, FxJoaQcBkvw.mid",436
A-Kumoi pentachord,A-Kumoi pentachord,1/12,"Agnew, Roy, 2 Pieces, FxJoaQcBkvw.mid",437
A-Kumoi pentachord,A-Kumoi pentachord,0.25,"Agnew, Roy, 2 Pieces, FxJoaQcBkvw.mid",438
A-Kumoi pentachord,D-dorian hexachord,1/6,"Agnew, Roy, 2 Pieces, FxJoaQcBkvw.mid",439
D-dorian hexachord,C-dorian pentachord,1/12,"Agnew, Roy, 2 Pieces, FxJoaQcBkvw.mid",440
C-dorian pentachord,D-minor seventh chord,1/12,"Agnew, Roy, 2 Pieces, FxJoaQcBkvw.mid",441
D-minor seventh chord,D-minor seventh chord,1/6,"Agnew, Roy, 2 Pieces, FxJoaQcBkvw.mid",442
D-minor seventh chord,D-minor seventh chord,0.75,"Agnew, Roy, 2 Pieces, FxJoaQcBkvw.mid",443
D-minor seventh chord,D-minor seventh chord,11/12,"Agnew, Roy, 2 Pieces, FxJoaQcBkvw.mid",444
D-minor seventh chord,D-minor seventh chord,1/12,"Agnew, Roy, 2 Pieces, FxJoaQcBkvw.mid",445
D-minor seventh chord,Minor Third above C,0.25,"Agnew, Roy, 2 Pieces, FxJoaQcBkvw.mid",446
Minor Third above C,C-minor triad,1/12,"Agnew, Roy, 2 Pieces, FxJoaQcBkvw.mid",447
C-minor triad,C-minor triad,11/12,"Agnew, Roy, 2 Pieces, FxJoaQcBkvw.mid",448
C-minor triad,C-major-second minor tetrachord,0.5,"Agnew, Roy, 2 Pieces, FxJoaQcBkvw.mid",449
C-major-second minor tetrachord,A-Kumoi pentachord,0.5,"Agnew, Roy, 2 Pieces, FxJoaQcBkvw.mid",450
A-Kumoi pentachord,A-Kumoi pentachord,1/6,"Agnew, Roy, 2 Pieces, FxJoaQcBkvw.mid",451
A-Kumoi pentachord,Eb-incomplete major-seventh chord,1/12,"Agnew, Roy, 2 Pieces, FxJoaQcBkvw.mid",452
Eb-incomplete major-seventh chord,Eb-incomplete major-seventh chord,1/12,"Agnew, Roy, 2 Pieces, FxJoaQcBkvw.mid",453
Eb-incomplete major-seventh chord,C-incomplete minor-seventh chord,5/3,"Agnew, Roy, 2 Pieces, FxJoaQcBkvw.mid",454
C-incomplete minor-seventh chord,C-minor seventh chord,1/12,"Agnew, Roy, 2 Pieces, FxJoaQcBkvw.mid",455
C-minor seventh chord,Minor Sixth above G,5/12,"Agnew, Roy, 2 Pieces, FxJoaQcBkvw.mid",456
Minor Sixth above G,G,0.25,"Agnew, Roy, 2 Pieces, FxJoaQcBkvw.mid",457
G,F,0.25,"Agnew, Roy, 2 Pieces, FxJoaQcBkvw.mid",458
F,F-dominant seventh chord,1.0,"Agnew, Roy, 2 Pieces, FxJoaQcBkvw.mid",459
F-dominant seventh chord,Perfect Fifth above F,0.25,"Agnew, Roy, 2 Pieces, FxJoaQcBkvw.mid",460
Perfect Fifth above F,C,1/12,"Agnew, Roy, 2 Pieces, FxJoaQcBkvw.mid",461
C,C-quartal trichord,1/3,"Agnew, Roy, 2 Pieces, FxJoaQcBkvw.mid",462
C-quartal trichord,C-quartal trichord,1/3,"Agnew, Roy, 2 Pieces, FxJoaQcBkvw.mid",463
C-quartal trichord,G-major pentatonic,1.0,"Agnew, Roy, 2 Pieces, FxJoaQcBkvw.mid",464
G-major pentatonic,G-major pentatonic,0.25,"Agnew, Roy, 2 Pieces, FxJoaQcBkvw.mid",465
G-major pentatonic,G-major pentatonic,0.25,"Agnew, Roy, 2 Pieces, FxJoaQcBkvw.mid",466
G-major pentatonic,C-Guidonian hexachord,1/12,"Agnew, Roy, 2 Pieces, FxJoaQcBkvw.mid",467
C-Guidonian hexachord,C-quartal tetramirror,1/12,"Agnew, Roy, 2 Pieces, FxJoaQcBkvw.mid",468
C-quartal tetramirror,E-,1/12,"Agnew, Roy, 2 Pieces, FxJoaQcBkvw.mid",469
E-,F-dominant seventh chord,11/12,"Agnew, Roy, 2 Pieces, FxJoaQcBkvw.mid",470
F-dominant seventh chord,F-dominant seventh chord,1/12,"Agnew, Roy, 2 Pieces, FxJoaQcBkvw.mid",471
F-dominant seventh chord,F-dominant seventh chord,0.25,"Agnew, Roy, 2 Pieces, FxJoaQcBkvw.mid",472
F-dominant seventh chord,F-dominant seventh chord,0.25,"Agnew, Roy, 2 Pieces, FxJoaQcBkvw.mid",473
F-dominant seventh chord,F-incomplete dominant-seventh chord,1/12,"Agnew, Roy, 2 Pieces, FxJoaQcBkvw.mid",474
F-incomplete dominant-seventh chord,F-incomplete dominant-seventh chord,1/6,"Agnew, Roy, 2 Pieces, FxJoaQcBkvw.mid",475
F-incomplete dominant-seventh chord,F-whole-tone tetramirror,5/6,"Agnew, Roy, 2 Pieces, FxJoaQcBkvw.mid",476
F-whole-tone tetramirror,F-dominant-ninth,2/3,"Agnew, Roy, 2 Pieces, FxJoaQcBkvw.mid",477
F-dominant-ninth,D-quartal tetramirror,0.25,"Agnew, Roy, 2 Pieces, FxJoaQcBkvw.mid",478
D-quartal tetramirror,D-major pentatonic,0.75,"Agnew, Roy, 2 Pieces, FxJoaQcBkvw.mid",479
D-major pentatonic,D-major pentatonic,0.75,"Agnew, Roy, 2 Pieces, FxJoaQcBkvw.mid",480
D-major pentatonic,D-major pentatonic,0.25,"Agnew, Roy, 2 Pieces, FxJoaQcBkvw.mid",481
D-major pentatonic,D-major pentatonic,2/3,"Agnew, Roy, 2 Pieces, FxJoaQcBkvw.mid",482
D-major pentatonic,D-major pentatonic,1/12,"Agnew, Roy, 2 Pieces, FxJoaQcBkvw.mid",483
D-major pentatonic,D-major pentatonic,0.75,"Agnew, Roy, 2 Pieces, FxJoaQcBkvw.mid",484
D-major pentatonic,D-quartal tetramirror,1/12,"Agnew, Roy, 2 Pieces, FxJoaQcBkvw.mid",485
D-quartal tetramirror,D-quartal tetramirror,1/12,"Agnew, Roy, 2 Pieces, FxJoaQcBkvw.mid",486
D-quartal tetramirror,Major Second above F,1/12,"Agnew, Roy, 2 Pieces, FxJoaQcBkvw.mid",487
Major Second above F,G#-German augmented sixth chord,1.0,"Agnew, Roy, 2 Pieces, FxJoaQcBkvw.mid",488
G#-German augmented sixth chord,G-minor-diminished ninth chord,11/12,"Agnew, Roy, 2 Pieces, FxJoaQcBkvw.mid",489
G-minor-diminished ninth chord,G-minor-diminished ninth chord,1/3,"Agnew, Roy, 2 Pieces, FxJoaQcBkvw.mid",490
G-minor-diminished ninth chord,G-minor-diminished ninth chord,0.5,"Agnew, Roy, 2 Pieces, FxJoaQcBkvw.mid",491
G-minor-diminished ninth chord,G-dorian hexachord,0.5,"Agnew, Roy, 2 Pieces, FxJoaQcBkvw.mid",492
G-dorian hexachord,G-dorian hexachord,1/12,"Agnew, Roy, 2 Pieces, FxJoaQcBkvw.mid",493
G-dorian hexachord,C-quartal trichord,1/12,"Agnew, Roy, 2 Pieces, FxJoaQcBkvw.mid",494
C-quartal trichord,Perfect Fifth above G,7/12,"Agnew, Roy, 2 Pieces, FxJoaQcBkvw.mid",495
Perfect Fifth above G,G-minor triad,7/12,"Agnew, Roy, 2 Pieces, FxJoaQcBkvw.mid",496
G-minor triad,B-,1/6,"Agnew, Roy, 2 Pieces, FxJoaQcBkvw.mid",497
B-,enharmonic equivalent to half-diminished seventh chord above D,1/6,"Agnew, Roy, 2 Pieces, FxJoaQcBkvw.mid",498
enharmonic equivalent to half-diminished seventh chord above D,enharmonic equivalent to half-diminished seventh chord above G#,1/12,"Agnew, Roy, 2 Pieces, FxJoaQcBkvw.mid",499
enharmonic equivalent to half-diminished seventh chord above G#,enharmonic equivalent to half-diminished seventh chord above G#,7/12,"Agnew, Roy, 2 Pieces, FxJoaQcBkvw.mid",500
enharmonic equivalent to half-diminished seventh chord above G#,D-Kumoi pentachord,2/3,"Agnew, Roy, 2 Pieces, FxJoaQcBkvw.mid",501
D-Kumoi pentachord,D-Kumoi pentachord,0.5,"Agnew, Roy, 2 Pieces, FxJoaQcBkvw.mid",502
D-Kumoi pentachord,G-perfect-fourth diminished tetrachord,1/6,"Agnew, Roy, 2 Pieces, FxJoaQcBkvw.mid",503
G-perfect-fourth diminished tetrachord,D-Kumoi pentachord,1/12,"Agnew, Roy, 2 Pieces, FxJoaQcBkvw.mid",504
D-Kumoi pentachord,C-minor hexachord,0.25,"Agnew, Roy, 2 Pieces, FxJoaQcBkvw.mid",505
C-minor hexachord,C-perfect-fourth minor tetrachord,1/12,"Agnew, Roy, 2 Pieces, FxJoaQcBkvw.mid",506
C-perfect-fourth minor tetrachord,F-incomplete dominant-seventh chord,1/12,"Agnew, Roy, 2 Pieces, FxJoaQcBkvw.mid",507
F-incomplete dominant-seventh chord,Major Second above Eb,1/12,"Agnew, Roy, 2 Pieces, FxJoaQcBkvw.mid",508
Major Second above Eb,Eb-major seventh chord,0.25,"Agnew, Roy, 2 Pieces, FxJoaQcBkvw.mid",509
Eb-major seventh chord,Eb-major seventh chord,0.5,"Agnew, Roy, 2 Pieces, FxJoaQcBkvw.mid",510
Eb-major seventh chord,Eb-major seventh chord,0.25,"Agnew, Roy, 2 Pieces, FxJoaQcBkvw.mid",511
Eb-major seventh chord,C-minor-ninth chord,1/12,"Agnew, Roy, 2 Pieces, FxJoaQcBkvw.mid",512
C-minor-ninth chord,A-minor hexachord,1/6,"Agnew, Roy, 2 Pieces, FxJoaQcBkvw.mid",513
A-minor hexachord,Major Sixth above C,0.25,"Agnew, Roy, 2 Pieces, FxJoaQcBkvw.mid",514
Major Sixth above C,A-half-diminished seventh chord,11/12,"Agnew, Roy, 2 Pieces, FxJoaQcBkvw.mid",515
A-half-diminished seventh chord,A-half-diminished seventh chord,1/12,"Agnew, Roy, 2 Pieces, FxJoaQcBkvw.mid",516
A-half-diminished seventh chord,A-incomplete half-diminished seventh chord,0.25,"Agnew, Roy, 2 Pieces, FxJoaQcBkvw.mid",517
A-incomplete half-diminished seventh chord,A-incomplete half-diminished seventh chord,1/12,"Agnew, Roy, 2 Pieces, FxJoaQcBkvw.mid",518
A-incomplete half-diminished seventh chord,A-incomplete half-diminished seventh chord,1/12,"Agnew, Roy, 2 Pieces, FxJoaQcBkvw.mid",519
A-incomplete half-diminished seventh chord,A,1/12,"Agnew, Roy, 2 Pieces, FxJoaQcBkvw.mid",520
A,Bb-major seventh chord,1/12,"Agnew, Roy, 2 Pieces, FxJoaQcBkvw.mid",521
Bb-major seventh chord,Bb-major triad,11/12,"Agnew, Roy, 2 Pieces, FxJoaQcBkvw.mid",522
Bb-major triad,Bb-major triad,0.25,"Agnew, Roy, 2 Pieces, FxJoaQcBkvw.mid",523
Bb-major triad,Bb-major triad,1/12,"Agnew, Roy, 2 Pieces, FxJoaQcBkvw.mid",524
Bb-major triad,Perfect Fifth above Bb,1/12,"Agnew, Roy, 2 Pieces, FxJoaQcBkvw.mid",525
Perfect Fifth above Bb,Bb-incomplete major-seventh chord,1/12,"Agnew, Roy, 2 Pieces, FxJoaQcBkvw.mid",526
Bb-incomplete major-seventh chord,Major Third above F,0.25,"Agnew, Roy, 2 Pieces, FxJoaQcBkvw.mid",527
Major Third above F,F-dominant seventh chord,0.75,"Agnew, Roy, 2 Pieces, FxJoaQcBkvw.mid",528
F-dominant seventh chord,D-minor-diminished ninth chord,5/12,"Agnew, Roy, 2 Pieces, FxJoaQcBkvw.mid",529
D-minor-diminished ninth chord,D-minor tetramirror,1/6,"Agnew, Roy, 2 Pieces, FxJoaQcBkvw.mid",530
D-minor tetramirror,Minor Seventh above D,1/6,"Agnew, Roy, 2 Pieces, FxJoaQcBkvw.mid",531
Minor Seventh above D,Major Sixth above Eb,0.5,"Agnew, Roy, 2 Pieces, FxJoaQcBkvw.mid",532
Major Sixth above Eb,Major Sixth above Eb,0.25,"Agnew, Roy, 2 Pieces, FxJoaQcBkvw.mid",533
Major Sixth above Eb,C,0.25,"Agnew, Roy, 2 Pieces, FxJoaQcBkvw.mid",534
C,C,0.5,"Agnew, Roy, 2 Pieces, FxJoaQcBkvw.mid",535
C,Major Second above Bb,1/6,"Agnew, Roy, 2 Pieces, FxJoaQcBkvw.mid",536
Major Second above Bb,B-,1/6,"Agnew, Roy, 2 Pieces, FxJoaQcBkvw.mid",537
B-,G-minor triad,1.0,"Agnew, Roy, 2 Pieces, FxJoaQcBkvw.mid",538
G-minor triad,G-minor triad,1/6,"Agnew, Roy, 2 Pieces, FxJoaQcBkvw.mid",539
G-minor triad,G-minor triad,1/12,"Agnew, Roy, 2 Pieces, FxJoaQcBkvw.mid",540
G-minor triad,Perfect Fourth above D,1/6,"Agnew, Roy, 2 Pieces, FxJoaQcBkvw.mid",541
Perfect Fourth above D,G#-tritone-fourth,0.75,"Agnew, Roy, 2 Pieces, FxJoaQcBkvw.mid",542
G#-tritone-fourth,D-Kumoi pentachord,1/12,"Agnew, Roy, 2 Pieces, FxJoaQcBkvw.mid",543
D-Kumoi pentachord,D-Kumoi pentachord,5/12,"Agnew, Roy, 2 Pieces, FxJoaQcBkvw.mid",544
D-Kumoi pentachord,D-Kumoi pentachord,0.5,"Agnew, Roy, 2 Pieces, FxJoaQcBkvw.mid",545
D-Kumoi pentachord,D-Kumoi pentachord,1/12,"Agnew, Roy, 2 Pieces, FxJoaQcBkvw.mid",546
D-Kumoi pentachord,D-Kumoi pentachord,2/3,"Agnew, Roy, 2 Pieces, FxJoaQcBkvw.mid",547
D-Kumoi pentachord,D-Kumoi pentachord,1/12,"Agnew, Roy, 2 Pieces, FxJoaQcBkvw.mid",548
D-Kumoi pentachord,D-Kumoi pentachord,0.25,"Agnew, Roy, 2 Pieces, FxJoaQcBkvw.mid",549
D-Kumoi pentachord,D-Kumoi pentachord,5/12,"Agnew, Roy, 2 Pieces, FxJoaQcBkvw.mid",550
D-Kumoi pentachord,D-Kumoi pentachord,0.5,"Agnew, Roy, 2 Pieces, FxJoaQcBkvw.mid",551
D-Kumoi pentachord,G-minor seventh chord,1/12,"Agnew, Roy, 2 Pieces, FxJoaQcBkvw.mid",552
G-minor seventh chord,G-minor seventh chord,1/6,"Agnew, Roy, 2 Pieces, FxJoaQcBkvw.mid",553
G-minor seventh chord,G-minor seventh chord,11/12,"Agnew, Roy, 2 Pieces, FxJoaQcBkvw.mid",554
G-minor seventh chord,G-minor seventh chord,1/12,"Agnew, Roy, 2 Pieces, FxJoaQcBkvw.mid",555
G-minor seventh chord,G-minor seventh chord,0.25,"Agnew, Roy, 2 Pieces, FxJoaQcBkvw.mid",556
G-minor seventh chord,G-minor seventh chord,1/6,"Agnew, Roy, 2 Pieces, FxJoaQcBkvw.mid",557
G-minor seventh chord,Bb-major triad,0.25,"Agnew, Roy, 2 Pieces, FxJoaQcBkvw.mid",558
Bb-major triad,enharmonic equivalent to minor triad above F,1.0,"Agnew, Roy, 2 Pieces, FxJoaQcBkvw.mid",559
enharmonic equivalent to minor triad above F,D-Kumoi pentachord,0.25,"Agnew, Roy, 2 Pieces, FxJoaQcBkvw.mid",560
D-Kumoi pentachord,D-Kumoi pentachord,1/3,"Agnew, Roy, 2 Pieces, FxJoaQcBkvw.mid",561
D-Kumoi pentachord,D-Kumoi pentachord,2/3,"Agnew, Roy, 2 Pieces, FxJoaQcBkvw.mid",562
D-Kumoi pentachord,Perfect Fourth above D,1/12,"Agnew, Roy, 2 Pieces, FxJoaQcBkvw.mid",563
Perfect Fourth above D,Eb-whole-tone trichord,1.0,"Agnew, Roy, 2 Pieces, FxJoaQcBkvw.mid",564
Eb-whole-tone trichord,Eb-whole-tone trichord,1/3,"Agnew, Roy, 2 Pieces, FxJoaQcBkvw.mid",565
Eb-whole-tone trichord,Major Second above Eb,5/12,"Agnew, Roy, 2 Pieces, FxJoaQcBkvw.mid",566
Major Second above Eb,C,7/12,"Agnew, Roy, 2 Pieces, FxJoaQcBkvw.mid",567
C,Major Second above Bb,1/12,"Agnew, Roy, 2 Pieces, FxJoaQcBkvw.mid",568
Major Second above Bb,B-,0.25,"Agnew, Roy, 2 Pieces, FxJoaQcBkvw.mid",569
B-,G#-Italian augmented sixth chord,1.0,"Agnew, Roy, 2 Pieces, FxJoaQcBkvw.mid",570
G#-Italian augmented sixth chord,G#-incomplete dominant-seventh chord,0.5,"Agnew, Roy, 2 Pieces, FxJoaQcBkvw.mid",571
G#-incomplete dominant-seventh chord,Perfect Fifth above Bb,1/12,"Agnew, Roy, 2 Pieces, FxJoaQcBkvw.mid",572
Perfect Fifth above Bb,C#-Scriabin's Mystic-chord,1/12,"Agnew, Roy, 2 Pieces, FxJoaQcBkvw.mid",573
C#-Scriabin's Mystic-chord,C#-whole-tone pentachord,1/6,"Agnew, Roy, 2 Pieces, FxJoaQcBkvw.mid",574
C#-whole-tone pentachord,Eb-whole-tone trichord,1/12,"Agnew, Roy, 2 Pieces, FxJoaQcBkvw.mid",575
Eb-whole-tone trichord,Minor Seventh above G,1/6,"Agnew, Roy, 2 Pieces, FxJoaQcBkvw.mid",576
Minor Seventh above G,G-incomplete minor-seventh chord,0.25,"Agnew, Roy, 2 Pieces, FxJoaQcBkvw.mid",577
G-incomplete minor-seventh chord,G-incomplete minor-seventh chord,0.75,"Agnew, Roy, 2 Pieces, FxJoaQcBkvw.mid",578
G-incomplete minor-seventh chord,Eb-major-second major tetrachord,0.5,"Agnew, Roy, 2 Pieces, FxJoaQcBkvw.mid",579
Eb-major-second major tetrachord,Perfect Fifth above Eb,1/6,"Agnew, Roy, 2 Pieces, FxJoaQcBkvw.mid",580
Perfect Fifth above Eb,E-,1/12,"Agnew, Roy, 2 Pieces, FxJoaQcBkvw.mid",581
E-,G#-German augmented sixth chord in root position,5/6,"Agnew, Roy, 2 Pieces, FxJoaQcBkvw.mid",582
G#-German augmented sixth chord in root position,G#-German augmented sixth chord in root position,1/6,"Agnew, Roy, 2 Pieces, FxJoaQcBkvw.mid",583
G#-German augmented sixth chord in root position,G#-German augmented sixth chord in root position,0.25,"Agnew, Roy, 2 Pieces, FxJoaQcBkvw.mid",584
G#-German augmented sixth chord in root position,G#-German augmented sixth chord in root position,1/3,"Agnew, Roy, 2 Pieces, FxJoaQcBkvw.mid",585
G#-German augmented sixth chord in root position,Diminished Fifth above G#,1/12,"Agnew, Roy, 2 Pieces, FxJoaQcBkvw.mid",586
Diminished Fifth above G#,enharmonic equivalent to dominant-ninth above Bb,2/3,"Agnew, Roy, 2 Pieces, FxJoaQcBkvw.mid",587
enharmonic equivalent to dominant-ninth above Bb,enharmonic equivalent to dominant-ninth above Bb,1/3,"Agnew, Roy, 2 Pieces, FxJoaQcBkvw.mid",588
enharmonic equivalent to dominant-ninth above Bb,enharmonic equivalent to dominant-ninth above Bb,2/3,"Agnew, Roy, 2 Pieces, FxJoaQcBkvw.mid",589
enharmonic equivalent to dominant-ninth above Bb,G-dorian hexachord,1/12,"Agnew, Roy, 2 Pieces, FxJoaQcBkvw.mid",590
G-dorian hexachord,D-quartal tetramirror,0.25,"Agnew, Roy, 2 Pieces, FxJoaQcBkvw.mid",591
D-quartal tetramirror,G-quartal tetramirror,1/6,"Agnew, Roy, 2 Pieces, FxJoaQcBkvw.mid",592
G-quartal tetramirror,G-major pentatonic,5/6,"Agnew, Roy, 2 Pieces, FxJoaQcBkvw.mid",593
G-major pentatonic,G-major pentatonic,7/6,"Agnew, Roy, 2 Pieces, FxJoaQcBkvw.mid",594
G-major pentatonic,G-major pentatonic,1/6,"Agnew, Roy, 2 Pieces, FxJoaQcBkvw.mid",595
G-major pentatonic,G-major pentatonic,1/12,"Agnew, Roy, 2 Pieces, FxJoaQcBkvw.mid",596
G-major pentatonic,G-major pentatonic,1/12,"Agnew, Roy, 2 Pieces, FxJoaQcBkvw.mid",597
G-major pentatonic,G-major pentatonic,1/6,"Agnew, Roy, 2 Pieces, FxJoaQcBkvw.mid",598
G-major pentatonic,G-minor seventh chord,7/12,"Agnew, Roy, 2 Pieces, FxJoaQcBkvw.mid",599
G-minor seventh chord,G-minor triad,13/12,"Agnew, Roy, 2 Pieces, FxJoaQcBkvw.mid",600
G-minor triad,G-minor triad,1/12,"Agnew, Roy, 2 Pieces, FxJoaQcBkvw.mid",601
G-minor triad,G-minor triad,1/12,"Agnew, Roy, 2 Pieces, FxJoaQcBkvw.mid",602
G-minor triad,Perfect Fifth above G,1/12,"Agnew, Roy, 2 Pieces, FxJoaQcBkvw.mid",603
Perfect Fifth above G,G,1.0,"Agnew, Roy, 2 Pieces, FxJoaQcBkvw.mid",604
G,F-quartal trichord,1/3,"Agnew, Roy, 2 Pieces, FxJoaQcBkvw.mid",605
F-quartal trichord,C-perfect-fourth minor tetrachord,2/3,"Agnew, Roy, 2 Pieces, FxJoaQcBkvw.mid",606
C-perfect-fourth minor tetrachord,C-perfect-fourth minor tetrachord,0.5,"Agnew, Roy, 2 Pieces, FxJoaQcBkvw.mid",607
C-perfect-fourth minor tetrachord,C-dorian pentachord,1/12,"Agnew, Roy, 2 Pieces, FxJoaQcBkvw.mid",608
C-dorian pentachord,C-dorian pentachord,2/3,"Agnew, Roy, 2 Pieces, FxJoaQcBkvw.mid",609
C-dorian pentachord,D-minor tetramirror,1/12,"Agnew, Roy, 2 Pieces, FxJoaQcBkvw.mid",610
D-minor tetramirror,C-dorian pentachord,2/3,"Agnew, Roy, 2 Pieces, FxJoaQcBkvw.mid",611
C-dorian pentachord,C-dorian pentachord,1/6,"Agnew, Roy, 2 Pieces, FxJoaQcBkvw.mid",612
C-dorian pentachord,C-dorian pentachord,1/12,"Agnew, Roy, 2 Pieces, FxJoaQcBkvw.mid",613
C-dorian pentachord,C-dorian pentachord,0.25,"Agnew, Roy, 2 Pieces, FxJoaQcBkvw.mid",614
C-dorian pentachord,C-dorian pentachord,1/6,"Agnew, Roy, 2 Pieces, FxJoaQcBkvw.mid",615
C-dorian pentachord,C-dorian pentachord,1/12,"Agnew, Roy, 2 Pieces, FxJoaQcBkvw.mid",616
C-dorian pentachord,Eb-incomplete major-seventh chord,1/12,"Agnew, Roy, 2 Pieces, FxJoaQcBkvw.mid",617
Eb-incomplete major-seventh chord,Minor Sixth above D,0.75,"Agnew, Roy, 2 Pieces, FxJoaQcBkvw.mid",618
Minor Sixth above D,Bb-quartal trichord,0.25,"Agnew, Roy, 2 Pieces, FxJoaQcBkvw.mid",619
Bb-quartal trichord,Bb-quartal trichord,0.25,"Agnew, Roy, 2 Pieces, FxJoaQcBkvw.mid",620
Bb-quartal trichord,Bb-quartal trichord,0.25,"Agnew, Roy, 2 Pieces, FxJoaQcBkvw.mid",621
Bb-quartal trichord,Bb-major-second major tetrachord,0.5,"Agnew, Roy, 2 Pieces, FxJoaQcBkvw.mid",622
Bb-major-second major tetrachord,Bb-major-second major tetrachord,1/3,"Agnew, Roy, 2 Pieces, FxJoaQcBkvw.mid",623
Bb-major-second major tetrachord,Bb-major pentachord,1/12,"Agnew, Roy, 2 Pieces, FxJoaQcBkvw.mid",624
Bb-major pentachord,Bb-perfect-fourth major tetrachord,1/12,"Agnew, Roy, 2 Pieces, FxJoaQcBkvw.mid",625
Bb-perfect-fourth major tetrachord,E-,1/6,"Agnew, Roy, 2 Pieces, FxJoaQcBkvw.mid",626
E-,A-half-diminished seventh chord,1.0,"Agnew, Roy, 2 Pieces, FxJoaQcBkvw.mid",627
A-half-diminished seventh chord,A-Kumoi pentachord,2/3,"Agnew, Roy, 2 Pieces, FxJoaQcBkvw.mid",628
A-Kumoi pentachord,A-quartal tetramirror,1/6,"Agnew, Roy, 2 Pieces, FxJoaQcBkvw.mid",629
A-quartal tetramirror,A-Kumoi pentachord,0.5,"Agnew, Roy, 2 Pieces, FxJoaQcBkvw.mid",630
A-Kumoi pentachord,A-Kumoi pentachord,1/6,"Agnew, Roy, 2 Pieces, FxJoaQcBkvw.mid",631
A-Kumoi pentachord,A-perfect-fourth diminished tetrachord,1/12,"Agnew, Roy, 2 Pieces, FxJoaQcBkvw.mid",632
A-perfect-fourth diminished tetrachord,A-Kumoi pentachord,2/3,"Agnew, Roy, 2 Pieces, FxJoaQcBkvw.mid",633
A-Kumoi pentachord,Eb-incomplete major-seventh chord,1/12,"Agnew, Roy, 2 Pieces, FxJoaQcBkvw.mid",634
Eb-incomplete major-seventh chord,Bb-major seventh chord,0.75,"Agnew, Roy, 2 Pieces, FxJoaQcBkvw.mid",635
Bb-major seventh chord,Bb-major triad,0.25,"Agnew, Roy, 2 Pieces, FxJoaQcBkvw.mid",636
Bb-major triad,G-minor seventh chord,0.5,"Agnew, Roy, 2 Pieces, FxJoaQcBkvw.mid",637
G-minor seventh chord,E-diminished-major ninth chord,7/12,"Agnew, Roy, 2 Pieces, FxJoaQcBkvw.mid",638
E-diminished-major ninth chord,E-phrygian trichord,1/6,"Agnew, Roy, 2 Pieces, FxJoaQcBkvw.mid",639
E-phrygian trichord,E-diminished-major ninth chord,0.75,"Agnew, Roy, 2 Pieces, FxJoaQcBkvw.mid",640
E-diminished-major ninth chord,E-diminished-major ninth chord,1/3,"Agnew, Roy, 2 Pieces, FxJoaQcBkvw.mid",641
E-diminished-major ninth chord,Bb-all-interval tetrachord,1/6,"Agnew, Roy, 2 Pieces, FxJoaQcBkvw.mid",642
Bb-all-interval tetrachord,E-diminished-major ninth chord,0.5,"Agnew, Roy, 2 Pieces, FxJoaQcBkvw.mid",643
E-diminished-major ninth chord,E-diminished-major ninth chord,0.25,"Agnew, Roy, 2 Pieces, FxJoaQcBkvw.mid",644
E-diminished-major ninth chord,E-minor hexachord,1/6,"Agnew, Roy, 2 Pieces, FxJoaQcBkvw.mid",645
E-minor hexachord,E-Kumoi pentachord,1/12,"Agnew, Roy, 2 Pieces, FxJoaQcBkvw.mid",646
E-Kumoi pentachord,A-tritone-fourth,1/12,"Agnew, Roy, 2 Pieces, FxJoaQcBkvw.mid",647
A-tritone-fourth,A,1/12,"Agnew, Roy, 2 Pieces, FxJoaQcBkvw.mid",648
A,F-major triad,1.0,"Agnew, Roy, 2 Pieces, FxJoaQcBkvw.mid",649
F-major triad,F-major triad,7/12,"Agnew, Roy, 2 Pieces, FxJoaQcBkvw.mid",650
F-major triad,F-major triad,1/12,"Agnew, Roy, 2 Pieces, FxJoaQcBkvw.mid",651
F-major triad,Minor Third above A,1/6,"Agnew, Roy, 2 Pieces, FxJoaQcBkvw.mid",652
Minor Third above A,C-major-second major tetrachord,1/6,"Agnew, Roy, 2 Pieces, FxJoaQcBkvw.mid",653
C-major-second major tetrachord,C-dominant-ninth,1/3,"Agnew, Roy, 2 Pieces, FxJoaQcBkvw.mid",654
C-dominant-ninth,C-dominant-ninth,0.5,"Agnew, Roy, 2 Pieces, FxJoaQcBkvw.mid",655
C-dominant-ninth,A-dorian hexachord,7/6,"Agnew, Roy, 2 Pieces, FxJoaQcBkvw.mid",656
A-dorian hexachord,A-major pentatonic,1/12,"Agnew, Roy, 2 Pieces, FxJoaQcBkvw.mid",657
A-major pentatonic,A-dorian hexachord,1.0,"Agnew, Roy, 2 Pieces, FxJoaQcBkvw.mid",658
A-dorian hexachord,C,1/6,"Agnew, Roy, 2 Pieces, FxJoaQcBkvw.mid",659
C,G,0.5,"Agnew, Roy, 2 Pieces, FxJoaQcBkvw.mid",660
G,Major Second above F,0.25,"Agnew, Roy, 2 Pieces, FxJoaQcBkvw.mid",661
Major Second above F,F,0.25,"Agnew, Roy, 2 Pieces, FxJoaQcBkvw.mid",662
F,F-dominant seventh chord,1.0,"Agnew, Roy, 2 Pieces, FxJoaQcBkvw.mid",663
F-dominant seventh chord,F-dominant seventh chord,0.25,"Agnew, Roy, 2 Pieces, FxJoaQcBkvw.mid",664
F-dominant seventh chord,F-dominant seventh chord,0.5,"Agnew, Roy, 2 Pieces, FxJoaQcBkvw.mid",665
F-dominant seventh chord,Bb-locrian hexachord,1/12,"Agnew, Roy, 2 Pieces, FxJoaQcBkvw.mid",666
Bb-locrian hexachord,Bb-locrian hexachord,1/6,"Agnew, Roy, 2 Pieces, FxJoaQcBkvw.mid",667
Bb-locrian hexachord,Bb-major-second major tetrachord,0.5,"Agnew, Roy, 2 Pieces, FxJoaQcBkvw.mid",668
Bb-major-second major tetrachord,Bb-major-second major tetrachord,1.0,"Agnew, Roy, 2 Pieces, FxJoaQcBkvw.mid",669
Bb-major-second major tetrachord,Bb-major-second major tetrachord,0.25,"Agnew, Roy, 2 Pieces, FxJoaQcBkvw.mid",670
Bb-major-second major tetrachord,Bb-major-second major tetrachord,0.25,"Agnew, Roy, 2 Pieces, FxJoaQcBkvw.mid",671
Bb-major-second major tetrachord,Bb-major-second major tetrachord,0.25,"Agnew, Roy, 2 Pieces, FxJoaQcBkvw.mid",672
Bb-major-second major tetrachord,Bb-quartal trichord,1/12,"Agnew, Roy, 2 Pieces, FxJoaQcBkvw.mid",673
Bb-quartal trichord,Bb-major seventh chord,1/6,"Agnew, Roy, 2 Pieces, FxJoaQcBkvw.mid",674
Bb-major seventh chord,Perfect Fifth above D,1/6,"Agnew, Roy, 2 Pieces, FxJoaQcBkvw.mid",675
Perfect Fifth above D,D-minor triad,13/12,"Agnew, Roy, 2 Pieces, FxJoaQcBkvw.mid",676
D-minor triad,D-minor triad,1/6,"Agnew, Roy, 2 Pieces, FxJoaQcBkvw.mid",677
D-minor triad,D-minor triad,11/12,"Agnew, Roy, 2 Pieces, FxJoaQcBkvw.mid",678
D-minor triad,F,1/6,"Agnew, Roy, 2 Pieces, FxJoaQcBkvw.mid",679
F,C-major triad,0.75,"Agnew, Roy, 2 Pieces, FxJoaQcBkvw.mid",680
C-major triad,C-major triad,2/3,"Agnew, Roy, 2 Pieces, FxJoaQcBkvw.mid",681
C-major triad,C-dominant seventh chord,19/12,"Agnew, Roy, 2 Pieces, FxJoaQcBkvw.mid",682
C-dominant seventh chord,Bb-quartal trichord,1/12,"Agnew, Roy, 2 Pieces, FxJoaQcBkvw.mid",683
Bb-quartal trichord,Perfect Fourth above C,5/3,"Agnew, Roy, 2 Pieces, FxJoaQcBkvw.mid",684
Perfect Fourth above C,Perfect Fourth above C,1.5,"Agnew, Roy, 2 Pieces, FxJoaQcBkvw.mid",685
Perfect Fourth above C,F-incomplete major-seventh chord,1/12,"Agnew, Roy, 2 Pieces, FxJoaQcBkvw.mid",686
F-incomplete major-seventh chord,F-incomplete major-seventh chord,29/12,"Agnew, Roy, 2 Pieces, FxJoaQcBkvw.mid",687
F-incomplete major-seventh chord,F-incomplete major-seventh chord,4.0,"Agnew, Roy, 2 Pieces, FxJoaQcBkvw.mid",688
F-incomplete major-seventh chord,F-incomplete major-seventh chord,2.25,"Agnew, Roy, 2 Pieces, FxJoaQcBkvw.mid",689
F-incomplete major-seventh chord,Major Third above C,7/12,"Agnew, Roy, 2 Pieces, FxJoaQcBkvw.mid",690
START,Minor Seventh above F#,0.25,"Agnew, Roy, 2 Songs, FxJoaQcBkvw.mid",0
Minor Seventh above F#,E,5/12,"Agnew, Roy, 2 Songs, FxJoaQcBkvw.mid",1
E,E,1/12,"Agnew, Roy, 2 Songs, FxJoaQcBkvw.mid",2
E,F,2/3,"Agnew, Roy, 2 Songs, FxJoaQcBkvw.mid",3
F,Minor Sixth above A,2/3,"Agnew, Roy, 2 Songs, FxJoaQcBkvw.mid",4
Minor Sixth above A,F-major triad,0.25,"Agnew, Roy, 2 Songs, FxJoaQcBkvw.mid",5
F-major triad,F-major triad,1/6,"Agnew, Roy, 2 Songs, FxJoaQcBkvw.mid",6
F-major triad,Minor Third above A,1/6,"Agnew, Roy, 2 Songs, FxJoaQcBkvw.mid",7
Minor Third above A,C-incomplete major-seventh chord,1/12,"Agnew, Roy, 2 Songs, FxJoaQcBkvw.mid",8
C-incomplete major-seventh chord,Perfect Fourth above B,1/6,"Agnew, Roy, 2 Songs, FxJoaQcBkvw.mid",9
Perfect Fourth above B,E,0.25,"Agnew, Roy, 2 Songs, FxJoaQcBkvw.mid",10
E,Major Sixth above G,7/12,"Agnew, Roy, 2 Songs, FxJoaQcBkvw.mid",11
Major Sixth above G,C-major triad,5/12,"Agnew, Roy, 2 Songs, FxJoaQcBkvw.mid",12
C-major triad,C-major triad,0.25,"Agnew, Roy, 2 Songs, FxJoaQcBkvw.mid",13
C-major triad,C-major triad,0.5,"Agnew, Roy, 2 Songs, FxJoaQcBkvw.mid",14
C-major triad,C-major-second major tetrachord,0.5,"Agnew, Roy, 2 Songs, FxJoaQcBkvw.mid",15
C-major-second major tetrachord,C-major-second major tetrachord,2/3,"Agnew, Roy, 2 Songs, FxJoaQcBkvw.mid",16
C-major-second major tetrachord,C-incomplete major-seventh chord,1/12,"Agnew, Roy, 2 Songs, FxJoaQcBkvw.mid",17
C-incomplete major-seventh chord,C-incomplete major-seventh chord,1/6,"Agnew, Roy, 2 Songs, FxJoaQcBkvw.mid",18
C-incomplete major-seventh chord,Perfect Fourth above G,1/3,"Agnew, Roy, 2 Songs, FxJoaQcBkvw.mid",19
Perfect Fourth above G,F-quartal trichord,0.75,"Agnew, Roy, 2 Songs, FxJoaQcBkvw.mid",20
F-quartal trichord,F-major-second major tetrachord,5/12,"Agnew, Roy, 2 Songs, FxJoaQcBkvw.mid",21
F-major-second major tetrachord,F-major triad,1/12,"Agnew, Roy, 2 Songs, FxJoaQcBkvw.mid",22
F-major triad,Minor Third above A,1/6,"Agnew, Roy, 2 Songs, FxJoaQcBkvw.mid",23
Minor Third above A,Minor Sixth above E,1/3,"Agnew, Roy, 2 Songs, FxJoaQcBkvw.mid",24
Minor Sixth above E,Minor Sixth above E,5/3,"Agnew, Roy, 2 Songs, FxJoaQcBkvw.mid",25
Minor Sixth above E,Minor Seventh above D,1.25,"Agnew, Roy, 2 Songs, FxJoaQcBkvw.mid",26
Minor Seventh above D,D,1/3,"Agnew, Roy, 2 Songs, FxJoaQcBkvw.mid",27
D,Major Sixth above D,1/12,"Agnew, Roy, 2 Songs, FxJoaQcBkvw.mid",28
Major Sixth above D,B,2/3,"Agnew, Roy, 2 Songs, FxJoaQcBkvw.mid",29
B,C,1.0,"Agnew, Roy, 2 Songs, FxJoaQcBkvw.mid",30
C,Major Third above C,0.25,"Agnew, Roy, 2 Songs, FxJoaQcBkvw.mid",31
Major Third above C,C-incomplete major-seventh chord,5/12,"Agnew, Roy, 2 Songs, FxJoaQcBkvw.mid",32
C-incomplete major-seventh chord,C-major seventh chord,1/3,"Agnew, Roy, 2 Songs, FxJoaQcBkvw.mid",33
C-major seventh chord,Minor Third above E,1/6,"Agnew, Roy, 2 Songs, FxJoaQcBkvw.mid",34
Minor Third above E,E,1/12,"Agnew, Roy, 2 Songs, FxJoaQcBkvw.mid",35
E,B,0.5,"Agnew, Roy, 2 Songs, FxJoaQcBkvw.mid",36
B,Major Sixth above D,0.75,"Agnew, Roy, 2 Songs, FxJoaQcBkvw.mid",37
Major Sixth above D,B-incomplete minor-seventh chord,0.5,"Agnew, Roy, 2 Songs, FxJoaQcBkvw.mid",38
B-incomplete minor-seventh chord,G-major-second major tetrachord,0.75,"Agnew, Roy, 2 Songs, FxJoaQcBkvw.mid",39
G-major-second major tetrachord,G-major-second major tetrachord,0.25,"Agnew, Roy, 2 Songs, FxJoaQcBkvw.mid",40
G-major-second major tetrachord,G-major-ninth chord,0.5,"Agnew, Roy, 2 Songs, FxJoaQcBkvw.mid",41
G-major-ninth chord,G-major-ninth chord,0.5,"Agnew, Roy, 2 Songs, FxJoaQcBkvw.mid",42
G-major-ninth chord,G,2/3,"Agnew, Roy, 2 Songs, FxJoaQcBkvw.mid",43
G,G,7/12,"Agnew, Roy, 2 Songs, FxJoaQcBkvw.mid",44
G,Perfect Fifth above G,0.5,"Agnew, Roy, 2 Songs, FxJoaQcBkvw.mid",45
Perfect Fifth above G,G-major triad,0.25,"Agnew, Roy, 2 Songs, FxJoaQcBkvw.mid",46
G-major triad,G-major triad,1/3,"Agnew, Roy, 2 Songs, FxJoaQcBkvw.mid",47
G-major triad,G-major triad,5/12,"Agnew, Roy, 2 Songs, FxJoaQcBkvw.mid",48
G-major triad,Perfect Fifth above G,0.25,"Agnew, Roy, 2 Songs, FxJoaQcBkvw.mid",49
Perfect Fifth above G,Perfect Fifth above G,1/3,"Agnew, Roy, 2 Songs, FxJoaQcBkvw.mid",50
Perfect Fifth above G,Perfect Fifth above G,1/12,"Agnew, Roy, 2 Songs, FxJoaQcBkvw.mid",51
Perfect Fifth above G,Perfect Fourth above D,1/12,"Agnew, Roy, 2 Songs, FxJoaQcBkvw.mid",52
Perfect Fourth above D,Perfect Fifth above G,1/6,"Agnew, Roy, 2 Songs, FxJoaQcBkvw.mid",53
Perfect Fifth above G,E-tritone-fourth,0.25,"Agnew, Roy, 2 Songs, FxJoaQcBkvw.mid",54
E-tritone-fourth,Major Seventh above F,1/3,"Agnew, Roy, 2 Songs, FxJoaQcBkvw.mid",55
Major Seventh above F,D-minor trichord,0.5,"Agnew, Roy, 2 Songs, FxJoaQcBkvw.mid",56
D-minor trichord,D-minor trichord,1/6,"Agnew, Roy, 2 Songs, FxJoaQcBkvw.mid",57
D-minor trichord,D-minor trichord,1/6,"Agnew, Roy, 2 Songs, FxJoaQcBkvw.mid",58
D-minor trichord,F,1/12,"Agnew, Roy, 2 Songs, FxJoaQcBkvw.mid",59
F,C-major triad,2/3,"Agnew, Roy, 2 Songs, FxJoaQcBkvw.mid",60
C-major triad,C-major triad,1/3,"Agnew, Roy, 2 Songs, FxJoaQcBkvw.mid",61
C-major triad,Minor Third above E,1/6,"Agnew, Roy, 2 Songs, FxJoaQcBkvw.mid",62
Minor Third above E,C-major triad,1/3,"Agnew, Roy, 2 Songs, FxJoaQcBkvw.mid",63
C-major triad,C,1/6,"Agnew, Roy, 2 Songs, FxJoaQcBkvw.mid",64
C,Perfect Fifth above F,0.25,"Agnew, Roy, 2 Songs, FxJoaQcBkvw.mid",65
Perfect Fifth above F,D-incomplete minor-seventh chord,0.5,"Agnew, Roy, 2 Songs, FxJoaQcBkvw.mid",66
D-incomplete minor-seventh chord,D-minor seventh chord,1/6,"Agnew, Roy, 2 Songs, FxJoaQcBkvw.mid",67
D-minor seventh chord,D-minor seventh chord,1/12,"Agnew, Roy, 2 Songs, FxJoaQcBkvw.mid",68
D-minor seventh chord,D-minor seventh chord,1/3,"Agnew, Roy, 2 Songs, FxJoaQcBkvw.mid",69
D-minor seventh chord,D-minor seventh chord,1/12,"Agnew, Roy, 2 Songs, FxJoaQcBkvw.mid",70
D-minor seventh chord,D-minor seventh chord,0.25,"Agnew, Roy, 2 Songs, FxJoaQcBkvw.mid",71
D-minor seventh chord,D-incomplete dominant-seventh chord,1/12,"Agnew, Roy, 2 Songs, FxJoaQcBkvw.mid",72
D-incomplete dominant-seventh chord,Major Sixth above C,1/12,"Agnew, Roy, 2 Songs, FxJoaQcBkvw.mid",73
Major Sixth above C,G-major triad,0.5,"Agnew, Roy, 2 Songs, FxJoaQcBkvw.mid",74
G-major triad,G-major triad,0.5,"Agnew, Roy, 2 Songs, FxJoaQcBkvw.mid",75
G-major triad,G-major triad,0.25,"Agnew, Roy, 2 Songs, FxJoaQcBkvw.mid",76
G-major triad,E-minor seventh chord,0.5,"Agnew, Roy, 2 Songs, FxJoaQcBkvw.mid",77
E-minor seventh chord,E-minor triad,1/6,"Agnew, Roy, 2 Songs, FxJoaQcBkvw.mid",78
E-minor triad,B,1/12,"Agnew, Roy, 2 Songs, FxJoaQcBkvw.mid",79
B,B-diminished triad,2/3,"Agnew, Roy, 2 Songs, FxJoaQcBkvw.mid",80
B-diminished triad,B-diminished triad,0.5,"Agnew, Roy, 2 Songs, FxJoaQcBkvw.mid",81
B-diminished triad,B-diminished triad,1/12,"Agnew, Roy, 2 Songs, FxJoaQcBkvw.mid",82
B-diminished triad,G-dominant seventh chord,5/12,"Agnew, Roy, 2 Songs, FxJoaQcBkvw.mid",83
G-dominant seventh chord,Perfect Fourth above D,1/12,"Agnew, Roy, 2 Songs, FxJoaQcBkvw.mid",84
Perfect Fourth above D,Minor Third above E,7/12,"Agnew, Roy, 2 Songs, FxJoaQcBkvw.mid",85
Minor Third above E,C-major triad,2/3,"Agnew, Roy, 2 Songs, FxJoaQcBkvw.mid",86
C-major triad,C-major triad,0.5,"Agnew, Roy, 2 Songs, FxJoaQcBkvw.mid",87
C-major triad,Perfect Fifth above C,1/12,"Agnew, Roy, 2 Songs, FxJoaQcBkvw.mid",88
Perfect Fifth above C,G,1/6,"Agnew, Roy, 2 Songs, FxJoaQcBkvw.mid",89
G,D-minor seventh chord,0.75,"Agnew, Roy, 2 Songs, FxJoaQcBkvw.mid",90
D-minor seventh chord,D-minor seventh chord,0.25,"Agnew, Roy, 2 Songs, FxJoaQcBkvw.mid",91
D-minor seventh chord,D-major pentatonic,7/12,"Agnew, Roy, 2 Songs, FxJoaQcBkvw.mid",92
D-major pentatonic,G-dominant-eleventh,2/3,"Agnew, Roy, 2 Songs, FxJoaQcBkvw.mid",93
G-dominant-eleventh,B-minor tetramirror,1/12,"Agnew, Roy, 2 Songs, FxJoaQcBkvw.mid",94
B-minor tetramirror,Major Second above A,1/6,"Agnew, Roy, 2 Songs, FxJoaQcBkvw.mid",95
Major Second above A,A,1/12,"Agnew, Roy, 2 Songs, FxJoaQcBkvw.mid",96
A,F-major-second major tetrachord,2/3,"Agnew, Roy, 2 Songs, FxJoaQcBkvw.mid",97
F-major-second major tetrachord,F-major-second major tetrachord,0.25,"Agnew, Roy, 2 Songs, FxJoaQcBkvw.mid",98
F-major-second major tetrachord,F-major-ninth chord,0.5,"Agnew, Roy, 2 Songs, FxJoaQcBkvw.mid",99
F-major-ninth chord,C-perfect-fourth major tetrachord,1/12,"Agnew, Roy, 2 Songs, FxJoaQcBkvw.mid",100
C-perfect-fourth major tetrachord,Minor Sixth above E,1/6,"Agnew, Roy, 2 Songs, FxJoaQcBkvw.mid",101
Minor Sixth above E,E-minor triad,1.0,"Agnew, Roy, 2 Songs, FxJoaQcBkvw.mid",102
E-minor triad,F-major triad,1.0,"Agnew, Roy, 2 Songs, FxJoaQcBkvw.mid",103
F-major triad,F-major triad,0.5,"Agnew, Roy, 2 Songs, FxJoaQcBkvw.mid",104
F-major triad,F-major triad,1/3,"Agnew, Roy, 2 Songs, FxJoaQcBkvw.mid",105
F-major triad,F-all-interval tetrachord,2/3,"Agnew, Roy, 2 Songs, FxJoaQcBkvw.mid",106
F-all-interval tetrachord,F-all-interval tetrachord,1/12,"Agnew, Roy, 2 Songs, FxJoaQcBkvw.mid",107
F-all-interval tetrachord,F-all-interval tetrachord,0.25,"Agnew, Roy, 2 Songs, FxJoaQcBkvw.mid",108
F-all-interval tetrachord,F-all-interval tetrachord,7/6,"Agnew, Roy, 2 Songs, FxJoaQcBkvw.mid",109
F-all-interval tetrachord,F-Hirajoshi pentatonic,1.5,"Agnew, Roy, 2 Songs, FxJoaQcBkvw.mid",110
F-Hirajoshi pentatonic,F-major triad,5/6,"Agnew, Roy, 2 Songs, FxJoaQcBkvw.mid",111
F-major triad,C-incomplete major-seventh chord,0.75,"Agnew, Roy, 2 Songs, FxJoaQcBkvw.mid",112
C-incomplete major-seventh chord,Minor Second above B,1/12,"Agnew, Roy, 2 Songs, FxJoaQcBkvw.mid",113
Minor Second above B,B,1/6,"Agnew, Roy, 2 Songs, FxJoaQcBkvw.mid",114
B,A,0.75,"Agnew, Roy, 2 Songs, FxJoaQcBkvw.mid",115
A,Minor Third above A,0.25,"Agnew, Roy, 2 Songs, FxJoaQcBkvw.mid",116
Minor Third above A,Minor Third above A,5/12,"Agnew, Roy, 2 Songs, FxJoaQcBkvw.mid",117
Minor Third above A,A-minor triad,7/12,"Agnew, Roy, 2 Songs, FxJoaQcBkvw.mid",118
A-minor triad,A-minor seventh chord,5/12,"Agnew, Roy, 2 Songs, FxJoaQcBkvw.mid",119
A-minor seventh chord,Major Second above G,1/12,"Agnew, Roy, 2 Songs, FxJoaQcBkvw.mid",120
Major Second above G,B,0.25,"Agnew, Roy, 2 Songs, FxJoaQcBkvw.mid",121
B,B,1/3,"Agnew, Roy, 2 Songs, FxJoaQcBkvw.mid",122
B,Major Sixth above D,5/12,"Agnew, Roy, 2 Songs, FxJoaQcBkvw.mid",123
Major Sixth above D,B-incomplete minor-seventh chord,0.75,"Agnew, Roy, 2 Songs, FxJoaQcBkvw.mid",124
B-incomplete minor-seventh chord,G-major-second major tetrachord,0.5,"Agnew, Roy, 2 Songs, FxJoaQcBkvw.mid",125
G-major-second major tetrachord,G-major-second major tetrachord,1/3,"Agnew, Roy, 2 Songs, FxJoaQcBkvw.mid",126
G-major-second major tetrachord,G-major-ninth chord,5/12,"Agnew, Roy, 2 Songs, FxJoaQcBkvw.mid",127
G-major-ninth chord,G-major-ninth chord,1/3,"Agnew, Roy, 2 Songs, FxJoaQcBkvw.mid",128
G-major-ninth chord,G-whole-tone trichord,1/12,"Agnew, Roy, 2 Songs, FxJoaQcBkvw.mid",129
G-whole-tone trichord,Major Second above A,1/12,"Agnew, Roy, 2 Songs, FxJoaQcBkvw.mid",130
Major Second above A,B,1/12,"Agnew, Roy, 2 Songs, FxJoaQcBkvw.mid",131
B,Minor Sixth above B,1/6,"Agnew, Roy, 2 Songs, FxJoaQcBkvw.mid",132
Minor Sixth above B,G,0.5,"Agnew, Roy, 2 Songs, FxJoaQcBkvw.mid",133
G,G,1/3,"Agnew, Roy, 2 Songs, FxJoaQcBkvw.mid",134
G,Perfect Fifth above G,2/3,"Agnew, Roy, 2 Songs, FxJoaQcBkvw.mid",135
Perfect Fifth above G,G-major triad,2/3,"Agnew, Roy, 2 Songs, FxJoaQcBkvw.mid",136
G-major triad,E-minor seventh chord,7/12,"Agnew, Roy, 2 Songs, FxJoaQcBkvw.mid",137
E-minor seventh chord,E-minor seventh chord,1/12,"Agnew, Roy, 2 Songs, FxJoaQcBkvw.mid",138
E-minor seventh chord,B,1/6,"Agnew, Roy, 2 Songs, FxJoaQcBkvw.mid",139
B,Major Sixth above G,2/3,"Agnew, Roy, 2 Songs, FxJoaQcBkvw.mid",140
Major Sixth above G,Minor Third above D,2/3,"Agnew, Roy, 2 Songs, FxJoaQcBkvw.mid",141
Minor Third above D,Minor Third above D,0.25,"Agnew, Roy, 2 Songs, FxJoaQcBkvw.mid",142
Minor Third above D,D-minor triad,0.25,"Agnew, Roy, 2 Songs, FxJoaQcBkvw.mid",143
D-minor triad,D-minor triad,0.25,"Agnew, Roy, 2 Songs, FxJoaQcBkvw.mid",144
D-minor triad,D-minor seventh chord,0.25,"Agnew, Roy, 2 Songs, FxJoaQcBkvw.mid",145
D-minor seventh chord,D-minor seventh chord,1/12,"Agnew, Roy, 2 Songs, FxJoaQcBkvw.mid",146
D-minor seventh chord,Minor Third above A,1/6,"Agnew, Roy, 2 Songs, FxJoaQcBkvw.mid",147
Minor Third above A,E,0.5,"Agnew, Roy, 2 Songs, FxJoaQcBkvw.mid",148
E,Major Sixth above G,2/3,"Agnew, Roy, 2 Songs, FxJoaQcBkvw.mid",149
Major Sixth above G,E-phrygian trichord,7/12,"Agnew, Roy, 2 Songs, FxJoaQcBkvw.mid",150
E-phrygian trichord,E-all-interval tetrachord,0.5,"Agnew, Roy, 2 Songs, FxJoaQcBkvw.mid",151
E-all-interval tetrachord,E-minor-diminished ninth chord,0.25,"Agnew, Roy, 2 Songs, FxJoaQcBkvw.mid",152
E-minor-diminished ninth chord,E-minor-diminished ninth chord,0.5,"Agnew, Roy, 2 Songs, FxJoaQcBkvw.mid",153
E-minor-diminished ninth chord,E-minor-diminished ninth chord,0.5,"Agnew, Roy, 2 Songs, FxJoaQcBkvw.mid",154
E-minor-diminished ninth chord,E-minor-diminished ninth chord,1/12,"Agnew, Roy, 2 Songs, FxJoaQcBkvw.mid",155
E-minor-diminished ninth chord,E-all-interval tetrachord,1/12,"Agnew, Roy, 2 Songs, FxJoaQcBkvw.mid",156
E-all-interval tetrachord,E-minor triad,1/12,"Agnew, Roy, 2 Songs, FxJoaQcBkvw.mid",157
E-minor triad,C,5/12,"Agnew, Roy, 2 Songs, FxJoaQcBkvw.mid",158
C,C,7/12,"Agnew, Roy, 2 Songs, FxJoaQcBkvw.mid",159
C,Perfect Fifth above C,0.5,"Agnew, Roy, 2 Songs, FxJoaQcBkvw.mid",160
Perfect Fifth above C,C-major triad,0.75,"Agnew, Roy, 2 Songs, FxJoaQcBkvw.mid",161
C-major triad,C-major triad,0.5,"Agnew, Roy, 2 Songs, FxJoaQcBkvw.mid",162
C-major triad,C-major triad,0.5,"Agnew, Roy, 2 Songs, FxJoaQcBkvw.mid",163
C-major triad,Perfect Fifth above C,1/6,"Agnew, Roy, 2 Songs, FxJoaQcBkvw.mid",164
Perfect Fifth above C,Perfect Fourth above G,1/12,"Agnew, Roy, 2 Songs, FxJoaQcBkvw.mid",165
Perfect Fourth above G,A-minor triad,0.5,"Agnew, Roy, 2 Songs, FxJoaQcBkvw.mid",166
A-minor triad,A-minor seventh chord,1/6,"Agnew, Roy, 2 Songs, FxJoaQcBkvw.mid",167
A-minor seventh chord,A-minor seventh chord,1/3,"Agnew, Roy, 2 Songs, FxJoaQcBkvw.mid",168
A-minor seventh chord,A-minor seventh chord,1/3,"Agnew, Roy, 2 Songs, FxJoaQcBkvw.mid",169
A-minor seventh chord,C-major triad,1/6,"Agnew, Roy, 2 Songs, FxJoaQcBkvw.mid",170
C-major triad,G-major triad,0.5,"Agnew, Roy, 2 Songs, FxJoaQcBkvw.mid",171
G-major triad,Minor Third above B,1/12,"Agnew, Roy, 2 Songs, FxJoaQcBkvw.mid",172
Minor Third above B,G-major triad,0.5,"Agnew, Roy, 2 Songs, FxJoaQcBkvw.mid",173
G-major triad,G-major triad,0.25,"Agnew, Roy, 2 Songs, FxJoaQcBkvw.mid",174
G-major triad,G-major triad,1/6,"Agnew, Roy, 2 Songs, FxJoaQcBkvw.mid",175
G-major triad,Perfect Fourth above D,1/12,"Agnew, Roy, 2 Songs, FxJoaQcBkvw.mid",176
Perfect Fourth above D,G,1/12,"Agnew, Roy, 2 Songs, FxJoaQcBkvw.mid",177
G,A-incomplete minor-seventh chord,1/12,"Agnew, Roy, 2 Songs, FxJoaQcBkvw.mid",178
A-incomplete minor-seventh chord,A-incomplete minor-seventh chord,7/12,"Agnew, Roy, 2 Songs, FxJoaQcBkvw.mid",179
A-incomplete minor-seventh chord,A-minor seventh chord,0.5,"Agnew, Roy, 2 Songs, FxJoaQcBkvw.mid",180
A-minor seventh chord,A-minor seventh chord,0.5,"Agnew, Roy, 2 Songs, FxJoaQcBkvw.mid",181
A-minor seventh chord,D-major triad,0.5,"Agnew, Roy, 2 Songs, FxJoaQcBkvw.mid",182
D-major triad,D-major triad,0.25,"Agnew, Roy, 2 Songs, FxJoaQcBkvw.mid",183
D-major triad,Perfect Fifth above D,1/3,"Agnew, Roy, 2 Songs, FxJoaQcBkvw.mid",184
Perfect Fifth above D,B-incomplete minor-seventh chord,5/12,"Agnew, Roy, 2 Songs, FxJoaQcBkvw.mid",185
B-incomplete minor-seventh chord,B-incomplete minor-seventh chord,1/12,"Agnew, Roy, 2 Songs, FxJoaQcBkvw.mid",186
B-incomplete minor-seventh chord,Perfect Fourth above A,1/6,"Agnew, Roy, 2 Songs, FxJoaQcBkvw.mid",187
Perfect Fourth above A,F#-diminished triad,2/3,"Agnew, Roy, 2 Songs, FxJoaQcBkvw.mid",188
F#-diminished triad,F#-diminished triad,7/12,"Agnew, Roy, 2 Songs, FxJoaQcBkvw.mid",189
F#-diminished triad,D-dominant seventh chord,0.25,"Agnew, Roy, 2 Songs, FxJoaQcBkvw.mid",190
D-dominant seventh chord,Perfect Fourth above A,1/6,"Agnew, Roy, 2 Songs, FxJoaQcBkvw.mid",191
Perfect Fourth above A,D,1/12,"Agnew, Roy, 2 Songs, FxJoaQcBkvw.mid",192
D,Minor Third above B,0.75,"Agnew, Roy, 2 Songs, FxJoaQcBkvw.mid",193
Minor Third above B,G-major triad,0.25,"Agnew, Roy, 2 Songs, FxJoaQcBkvw.mid",194
G-major triad,G-major triad,0.25,"Agnew, Roy, 2 Songs, FxJoaQcBkvw.mid",195
G-major triad,G-major triad,5/12,"Agnew, Roy, 2 Songs, FxJoaQcBkvw.mid",196
G-major triad,Perfect Fifth above G,1/12,"Agnew, Roy, 2 Songs, FxJoaQcBkvw.mid",197
Perfect Fifth above G,F#-half-diminished seventh chord,0.25,"Agnew, Roy, 2 Songs, FxJoaQcBkvw.mid",198
F#-half-diminished seventh chord,A-minor triad,1/3,"Agnew, Roy, 2 Songs, FxJoaQcBkvw.mid",199
A-minor triad,A-perfect-fourth minor tetrachord,1/12,"Agnew, Roy, 2 Songs, FxJoaQcBkvw.mid",200
A-perfect-fourth minor tetrachord,A-perfect-fourth minor tetrachord,1/12,"Agnew, Roy, 2 Songs, FxJoaQcBkvw.mid",201
A-perfect-fourth minor tetrachord,A-dorian pentachord,0.25,"Agnew, Roy, 2 Songs, FxJoaQcBkvw.mid",202
A-dorian pentachord,A-perfect-fourth minor tetrachord,0.25,"Agnew, Roy, 2 Songs, FxJoaQcBkvw.mid",203
A-perfect-fourth minor tetrachord,D-dominant-ninth,1/3,"Agnew, Roy, 2 Songs, FxJoaQcBkvw.mid",204
D-dominant-ninth,F#-incomplete minor-seventh chord,1/6,"Agnew, Roy, 2 Songs, FxJoaQcBkvw.mid",205
F#-incomplete minor-seventh chord,F#-incomplete minor-seventh chord,1/6,"Agnew, Roy, 2 Songs, FxJoaQcBkvw.mid",206
F#-incomplete minor-seventh chord,E,1/12,"Agnew, Roy, 2 Songs, FxJoaQcBkvw.mid",207
E,C-major-second major tetrachord,11/12,"Agnew, Roy, 2 Songs, FxJoaQcBkvw.mid",208
C-major-second major tetrachord,C-major-ninth chord,5/12,"Agnew, Roy, 2 Songs, FxJoaQcBkvw.mid",209
C-major-ninth chord,E-minor triad,1/12,"Agnew, Roy, 2 Songs, FxJoaQcBkvw.mid",210
E-minor triad,Minor Sixth above B,0.25,"Agnew, Roy, 2 Songs, FxJoaQcBkvw.mid",211
Minor Sixth above B,G-major seventh chord,0.5,"Agnew, Roy, 2 Songs, FxJoaQcBkvw.mid",212
G-major seventh chord,G-major seventh chord,7/12,"Agnew, Roy, 2 Songs, FxJoaQcBkvw.mid",213
G-major seventh chord,B-minor triad,1/12,"Agnew, Roy, 2 Songs, FxJoaQcBkvw.mid",214
B-minor triad,B-minor triad,1/12,"Agnew, Roy, 2 Songs, FxJoaQcBkvw.mid",215
B-minor triad,C-major seventh chord,1/6,"Agnew, Roy, 2 Songs, FxJoaQcBkvw.mid",216
C-major seventh chord,C-major seventh chord,13/12,"Agnew, Roy, 2 Songs, FxJoaQcBkvw.mid",217
C-major seventh chord,C-major triad,0.75,"Agnew, Roy, 2 Songs, FxJoaQcBkvw.mid",218
C-major triad,C-all-interval tetrachord,0.5,"Agnew, Roy, 2 Songs, FxJoaQcBkvw.mid",219
C-all-interval tetrachord,C-major triad,1/6,"Agnew, Roy, 2 Songs, FxJoaQcBkvw.mid",220
C-major triad,E,1/12,"Agnew, Roy, 2 Songs, FxJoaQcBkvw.mid",221
E,Major Sixth above G,0.5,"Agnew, Roy, 2 Songs, FxJoaQcBkvw.mid",222
Major Sixth above G,Major Sixth above G,0.75,"Agnew, Roy, 2 Songs, FxJoaQcBkvw.mid",223
Major Sixth above G,E-minor triad,3.25,"Agnew, Roy, 2 Songs, FxJoaQcBkvw.mid",224
E-minor triad,E,1.0,"Agnew, Roy, 2 Songs, FxJoaQcBkvw.mid",225
E,E-minor triad,0.25,"Agnew, Roy, 2 Songs, FxJoaQcBkvw.mid",226
E-minor triad,Minor Third above E,0.5,"Agnew, Roy, 2 Songs, FxJoaQcBkvw.mid",227
Minor Third above E,E-minor triad,0.5,"Agnew, Roy, 2 Songs, FxJoaQcBkvw.mid",228
E-minor triad,E-minor seventh chord,0.5,"Agnew, Roy, 2 Songs, FxJoaQcBkvw.mid",229
E-minor seventh chord,Perfect Fifth above B,0.25,"Agnew, Roy, 2 Songs, FxJoaQcBkvw.mid",230
Perfect Fifth above B,F#,5/12,"Agnew, Roy, 2 Songs, FxJoaQcBkvw.mid",231
F#,Major Sixth above A,1/3,"Agnew, Roy, 2 Songs, FxJoaQcBkvw.mid",232
Major Sixth above A,Major Sixth above A,0.25,"Agnew, Roy, 2 Songs, FxJoaQcBkvw.mid",233
Major Sixth above A,F#-phrygian trichord,0.75,"Agnew, Roy, 2 Songs, FxJoaQcBkvw.mid",234
F#-phrygian trichord,F#-all-interval tetrachord,1/3,"Agnew, Roy, 2 Songs, FxJoaQcBkvw.mid",235
F#-all-interval tetrachord,F#-minor-diminished ninth chord,1/6,"Agnew, Roy, 2 Songs, FxJoaQcBkvw.mid",236
F#-minor-diminished ninth chord,F#-minor-diminished ninth chord,0.25,"Agnew, Roy, 2 Songs, FxJoaQcBkvw.mid",237
F#-minor-diminished ninth chord,F#-minor-diminished ninth chord,0.25,"Agnew, Roy, 2 Songs, FxJoaQcBkvw.mid",238
F#-minor-diminished ninth chord,F#-minor-diminished ninth chord,1/6,"Agnew, Roy, 2 Songs, FxJoaQcBkvw.mid",239
F#-minor-diminished ninth chord,F#-minor-diminished ninth chord,1/12,"Agnew, Roy, 2 Songs, FxJoaQcBkvw.mid",240
F#-minor-diminished ninth chord,F#-minor-diminished ninth chord,1/3,"Agnew, Roy, 2 Songs, FxJoaQcBkvw.mid",241
F#-minor-diminished ninth chord,F#-all-interval tetrachord,1/12,"Agnew, Roy, 2 Songs, FxJoaQcBkvw.mid",242
F#-all-interval tetrachord,Major Sixth above G,1/12,"Agnew, Roy, 2 Songs, FxJoaQcBkvw.mid",243
Major Sixth above G,E,0.5,"Agnew, Roy, 2 Songs, FxJoaQcBkvw.mid",244
E,Major Second above D,0.5,"Agnew, Roy, 2 Songs, FxJoaQcBkvw.mid",245
Major Second above D,C-whole-tone trichord,0.25,"Agnew, Roy, 2 Songs, FxJoaQcBkvw.mid",246
C-whole-tone trichord,C-whole-tone trichord,0.5,"Agnew, Roy, 2 Songs, FxJoaQcBkvw.mid",247
C-whole-tone trichord,A-perfect-fourth minor tetrachord,0.5,"Agnew, Roy, 2 Songs, FxJoaQcBkvw.mid",248
A-perfect-fourth minor tetrachord,D-dominant-ninth,2/3,"Agnew, Roy, 2 Songs, FxJoaQcBkvw.mid",249
D-dominant-ninth,D-dominant-ninth,1/12,"Agnew, Roy, 2 Songs, FxJoaQcBkvw.mid",250
D-dominant-ninth,D-dominant-ninth,2/3,"Agnew, Roy, 2 Songs, FxJoaQcBkvw.mid",251
D-dominant-ninth,D-major triad,1/12,"Agnew, Roy, 2 Songs, FxJoaQcBkvw.mid",252
D-major triad,E,1/6,"Agnew, Roy, 2 Songs, FxJoaQcBkvw.mid",253
E,D-minor trichord,1/12,"Agnew, Roy, 2 Songs, FxJoaQcBkvw.mid",254
D-minor trichord,Minor Third above D,11/12,"Agnew, Roy, 2 Songs, FxJoaQcBkvw.mid",255
Minor Third above D,D-minor triad,1/3,"Agnew, Roy, 2 Songs, FxJoaQcBkvw.mid",256
D-minor triad,D-minor triad,1/3,"Agnew, Roy, 2 Songs, FxJoaQcBkvw.mid",257
D-minor triad,D-minor seventh chord,1/3,"Agnew, Roy, 2 Songs, FxJoaQcBkvw.mid",258
D-minor seventh chord,Minor Third above A,0.25,"Agnew, Roy, 2 Songs, FxJoaQcBkvw.mid",259
Minor Third above A,C,1/12,"Agnew, Roy, 2 Songs, FxJoaQcBkvw.mid",260
C,Perfect Fourth above B,0.25,"Agnew, Roy, 2 Songs, FxJoaQcBkvw.mid",261
Perfect Fourth above B,E,0.25,"Agnew, Roy, 2 Songs, FxJoaQcBkvw.mid",262
E,Major Sixth above G,0.5,"Agnew, Roy, 2 Songs, FxJoaQcBkvw.mid",263
Major Sixth above G,E-phrygian trichord,2/3,"Agnew, Roy, 2 Songs, FxJoaQcBkvw.mid",264
E-phrygian trichord,E-all-interval tetrachord,2/3,"Agnew, Roy, 2 Songs, FxJoaQcBkvw.mid",265
E-all-interval tetrachord,E-minor-diminished ninth chord,1/3,"Agnew, Roy, 2 Songs, FxJoaQcBkvw.mid",266
E-minor-diminished ninth chord,E-minor-diminished ninth chord,1/3,"Agnew, Roy, 2 Songs, FxJoaQcBkvw.mid",267
E-minor-diminished ninth chord,E-minor-diminished ninth chord,0.5,"Agnew, Roy, 2 Songs, FxJoaQcBkvw.mid",268
E-minor-diminished ninth chord,G-major triad,1/6,"Agnew, Roy, 2 Songs, FxJoaQcBkvw.mid",269
G-major triad,G,1/12,"Agnew, Roy, 2 Songs, FxJoaQcBkvw.mid",270
G,C,0.5,"Agnew, Roy, 2 Songs, FxJoaQcBkvw.mid",271
C,C,0.5,"Agnew, Roy, 2 Songs, FxJoaQcBkvw.mid",272
C,Perfect Fifth above C,0.75,"Agnew, Roy, 2 Songs, FxJoaQcBkvw.mid",273
Perfect Fifth above C,C-major triad,0.5,"Agnew, Roy, 2 Songs, FxJoaQcBkvw.mid",274
C-major triad,C-major-second major tetrachord,2/3,"Agnew, Roy, 2 Songs, FxJoaQcBkvw.mid",275
C-major-second major tetrachord,C-major-second major tetrachord,1/12,"Agnew, Roy, 2 Songs, FxJoaQcBkvw.mid",276
C-major-second major tetrachord,C-major-second major tetrachord,0.25,"Agnew, Roy, 2 Songs, FxJoaQcBkvw.mid",277
C-major-second major tetrachord,C-major-second major tetrachord,1/3,"Agnew, Roy, 2 Songs, FxJoaQcBkvw.mid",278
C-major-second major tetrachord,Perfect Fifth above C,1/12,"Agnew, Roy, 2 Songs, FxJoaQcBkvw.mid",279
Perfect Fifth above C,C,1/12,"Agnew, Roy, 2 Songs, FxJoaQcBkvw.mid",280
C,A-quartal trichord,5/6,"Agnew, Roy, 2 Songs, FxJoaQcBkvw.mid",281
A-quartal trichord,E-perfect-fourth minor tetrachord,2/3,"Agnew, Roy, 2 Songs, FxJoaQcBkvw.mid",282
E-perfect-fourth minor tetrachord,E-minor triad,1/12,"Agnew, Roy, 2 Songs, FxJoaQcBkvw.mid",283
E-minor triad,E-perfect-fourth minor tetrachord,5/12,"Agnew, Roy, 2 Songs, FxJoaQcBkvw.mid",284
E-perfect-fourth minor tetrachord,Major Second above G,1/12,"Agnew, Roy, 2 Songs, FxJoaQcBkvw.mid",285
Major Second above G,Minor Seventh above B,0.25,"Agnew, Roy, 2 Songs, FxJoaQcBkvw.mid",286
Minor Seventh above B,A-minor triad,1.0,"Agnew, Roy, 2 Songs, FxJoaQcBkvw.mid",287
A-minor triad,A-minor triad,0.5,"Agnew, Roy, 2 Songs, FxJoaQcBkvw.mid",288
A-minor triad,A-minor triad,0.5,"Agnew, Roy, 2 Songs, FxJoaQcBkvw.mid",289
A-minor triad,C,0.25,"Agnew, Roy, 2 Songs, FxJoaQcBkvw.mid",290
C,C-major triad,0.75,"Agnew, Roy, 2 Songs, FxJoaQcBkvw.mid",291
C-major triad,C-major seventh chord,2/3,"Agnew, Roy, 2 Songs, FxJoaQcBkvw.mid",292
C-major seventh chord,C-major seventh chord,1/12,"Agnew, Roy, 2 Songs, FxJoaQcBkvw.mid",293
C-major seventh chord,C-major seventh chord,0.75,"Agnew, Roy, 2 Songs, FxJoaQcBkvw.mid",294
C-major seventh chord,Major Third above C,0.25,"Agnew, Roy, 2 Songs, FxJoaQcBkvw.mid",295
Major Third above C,F-major seventh chord,0.25,"Agnew, Roy, 2 Songs, FxJoaQcBkvw.mid",296
F-major seventh chord,F-major seventh chord,0.75,"Agnew, Roy, 2 Songs, FxJoaQcBkvw.mid",297
F-major seventh chord,F-Hirajoshi pentatonic,2/3,"Agnew, Roy, 2 Songs, FxJoaQcBkvw.mid",298
F-Hirajoshi pentatonic,F-minor-second quartal tetrachord,1/12,"Agnew, Roy, 2 Songs, FxJoaQcBkvw.mid",299
F-minor-second quartal tetrachord,F-Hirajoshi pentatonic,0.5,"Agnew, Roy, 2 Songs, FxJoaQcBkvw.mid",300
F-Hirajoshi pentatonic,F-all-interval tetrachord,1/12,"Agnew, Roy, 2 Songs, FxJoaQcBkvw.mid",301
F-all-interval tetrachord,F-major triad,1/6,"Agnew, Roy, 2 Songs, FxJoaQcBkvw.mid",302
F-major triad,F-major triad,0.75,"Agnew, Roy, 2 Songs, FxJoaQcBkvw.mid",303
F-major triad,F-all-interval tetrachord,1.0,"Agnew, Roy, 2 Songs, FxJoaQcBkvw.mid",304
F-all-interval tetrachord,Major Seventh above C,1/6,"Agnew, Roy, 2 Songs, FxJoaQcBkvw.mid",305
Major Seventh above C,Major Seventh above C,1/12,"Agnew, Roy, 2 Songs, FxJoaQcBkvw.mid",306
Major Seventh above C,B-diminished triad,1.0,"Agnew, Roy, 2 Songs, FxJoaQcBkvw.mid",307
B-diminished triad,Minor Third above B,1/12,"Agnew, Roy, 2 Songs, FxJoaQcBkvw.mid",308
Minor Third above B,E-incomplete dominant-seventh chord,1/6,"Agnew, Roy, 2 Songs, FxJoaQcBkvw.mid",309
E-incomplete dominant-seventh chord,E-incomplete dominant-seventh chord,1/12,"Agnew, Roy, 2 Songs, FxJoaQcBkvw.mid",310
E-incomplete dominant-seventh chord,E-incomplete dominant-seventh chord,1/12,"Agnew, Roy, 2 Songs, FxJoaQcBkvw.mid",311
E-incomplete dominant-seventh chord,E-minor seventh chord,13/12,"Agnew, Roy, 2 Songs, FxJoaQcBkvw.mid",312
E-minor seventh chord,E-incomplete minor-seventh chord,1.25,"Agnew, Roy, 2 Songs, FxJoaQcBkvw.mid",313
E-incomplete minor-seventh chord,E-incomplete minor-seventh chord,10/3,"Agnew, Roy, 2 Songs, FxJoaQcBkvw.mid",314
E-incomplete minor-seventh chord,E-minor seventh chord,2/3,"Agnew, Roy, 2 Songs, FxJoaQcBkvw.mid",315
E-minor seventh chord,E-minor seventh chord,1/3,"Agnew, Roy, 2 Songs, FxJoaQcBkvw.mid",316
E-minor seventh chord,E-minor seventh chord,1/6,"Agnew, Roy, 2 Songs, FxJoaQcBkvw.mid",317
E-minor seventh chord,E-minor seventh chord,7/12,"Agnew, Roy, 2 Songs, FxJoaQcBkvw.mid",318
E-minor seventh chord,E-incomplete minor-seventh chord,1/6,"Agnew, Roy, 2 Songs, FxJoaQcBkvw.mid",319
E-incomplete minor-seventh chord,C-major-second major tetrachord,1/12,"Agnew, Roy, 2 Songs, FxJoaQcBkvw.mid",320
C-major-second major tetrachord,Major Third above C,11/12,"Agnew, Roy, 2 Songs, FxJoaQcBkvw.mid",321
Major Third above C,C-major triad,0.5,"Agnew, Roy, 2 Songs, FxJoaQcBkvw.mid",322
C-major triad,A-minor seventh chord,0.5,"Agnew, Roy, 2 Songs, FxJoaQcBkvw.mid",323
A-minor seventh chord,A-minor-ninth chord,0.75,"Agnew, Roy, 2 Songs, FxJoaQcBkvw.mid",324
A-minor-ninth chord,A-minor-ninth chord,11/12,"Agnew, Roy, 2 Songs, FxJoaQcBkvw.mid",325
A-minor-ninth chord,E-perfect-fourth minor tetrachord,1/12,"Agnew, Roy, 2 Songs, FxJoaQcBkvw.mid",326
E-perfect-fourth minor tetrachord,C-major triad,0.25,"Agnew, Roy, 2 Songs, FxJoaQcBkvw.mid",327
C-major triad,C-major triad,2.75,"Agnew, Roy, 2 Songs, FxJoaQcBkvw.mid",328
C-major triad,E,5.25,"Agnew, Roy, 2 Songs, FxJoaQcBkvw.mid",329
E,C-major triad,4.0,"Agnew, Roy, 2 Songs, FxJoaQcBkvw.mid",330
C-major triad,C-major triad,4.0,"Agnew, Roy, 2 Songs, FxJoaQcBkvw.mid",331
C-major triad,C-major triad,1.0,"Agnew, Roy, 2 Songs, FxJoaQcBkvw.mid",332
C-major triad,C,1/3,"Agnew, Roy, 2 Songs, FxJoaQcBkvw.mid",333
C,C,5/12,"Agnew, Roy, 2 Songs, FxJoaQcBkvw.mid",334
C,F,0.25,"Agnew, Roy, 2 Songs, FxJoaQcBkvw.mid",335
F,Diminished Seventh above G#,1.0,"Agnew, Roy, 2 Songs, FxJoaQcBkvw.mid",336
Diminished Seventh above G#,F-major-second minor tetrachord,0.75,"Agnew, Roy, 2 Songs, FxJoaQcBkvw.mid",337
F-major-second minor tetrachord,F-major-second minor tetrachord,5/6,"Agnew, Roy, 2 Songs, FxJoaQcBkvw.mid",338
F-major-second minor tetrachord,enharmonic equivalent to minor-ninth chord above C,5/12,"Agnew, Roy, 2 Songs, FxJoaQcBkvw.mid",339
enharmonic equivalent to minor-ninth chord above C,enharmonic equivalent to minor seventh chord above F,1/12,"Agnew, Roy, 2 Songs, FxJoaQcBkvw.mid",340
enharmonic equivalent to minor seventh chord above F,F-incomplete dominant-seventh chord,1/6,"Agnew, Roy, 2 Songs, FxJoaQcBkvw.mid",341
F-incomplete dominant-seventh chord,Perfect Fifth above G,0.75,"Agnew, Roy, 2 Songs, FxJoaQcBkvw.mid",342
Perfect Fifth above G,Perfect Fifth above G,0.25,"Agnew, Roy, 2 Songs, FxJoaQcBkvw.mid",343
Perfect Fifth above G,G-minor triad,2/3,"Agnew, Roy, 2 Songs, FxJoaQcBkvw.mid",344
G-minor triad,Major Third above Bb,1/12,"Agnew, Roy, 2 Songs, FxJoaQcBkvw.mid",345
Major Third above Bb,enharmonic equivalent to half-diminished seventh chord above G#,1.0,"Agnew, Roy, 2 Songs, FxJoaQcBkvw.mid",346
enharmonic equivalent to half-diminished seventh chord above G#,D-Kumoi pentachord,0.75,"Agnew, Roy, 2 Songs, FxJoaQcBkvw.mid",347
D-Kumoi pentachord,D-Kumoi pentachord,0.5,"Agnew, Roy, 2 Songs, FxJoaQcBkvw.mid",348
D-Kumoi pentachord,D-Kumoi pentachord,0.25,"Agnew, Roy, 2 Songs, FxJoaQcBkvw.mid",349
D-Kumoi pentachord,G-dorian hexachord,5/12,"Agnew, Roy, 2 Songs, FxJoaQcBkvw.mid",350
G-dorian hexachord,C-major scale,1/12,"Agnew, Roy, 2 Songs, FxJoaQcBkvw.mid",351
C-major scale,enharmonic equivalent to major-ninth chord above Bb,1/12,"Agnew, Roy, 2 Songs, FxJoaQcBkvw.mid",352
enharmonic equivalent to major-ninth chord above Bb,C-minor seventh chord,1/12,"Agnew, Roy, 2 Songs, FxJoaQcBkvw.mid",353
C-minor seventh chord,Eb-major triad,1/12,"Agnew, Roy, 2 Songs, FxJoaQcBkvw.mid",354
Eb-major triad,Eb-major seventh chord,0.5,"Agnew, Roy, 2 Songs, FxJoaQcBkvw.mid",355
Eb-major seventh chord,Eb-major seventh chord,0.25,"Agnew, Roy, 2 Songs, FxJoaQcBkvw.mid",356
Eb-major seventh chord,Eb-major seventh chord,0.25,"Agnew, Roy, 2 Songs, FxJoaQcBkvw.mid",357
Eb-major seventh chord,A-diminished triad,2/3,"Agnew, Roy, 2 Songs, FxJoaQcBkvw.mid",358
A-diminished triad,A-half-diminished seventh chord,2/3,"Agnew, Roy, 2 Songs, FxJoaQcBkvw.mid",359
A-half-diminished seventh chord,A-half-diminished seventh chord,1/12,"Agnew, Roy, 2 Songs, FxJoaQcBkvw.mid",360
A-half-diminished seventh chord,A-half-diminished seventh chord,1/3,"Agnew, Roy, 2 Songs, FxJoaQcBkvw.mid",361
A-half-diminished seventh chord,Major Third above Eb,0.25,"Agnew, Roy, 2 Songs, FxJoaQcBkvw.mid",362
Major Third above Eb,D,0.25,"Agnew, Roy, 2 Songs, FxJoaQcBkvw.mid",363
D,Bb-major triad,0.75,"Agnew, Roy, 2 Songs, FxJoaQcBkvw.mid",364
Bb-major triad,Bb-major triad,0.25,"Agnew, Roy, 2 Songs, FxJoaQcBkvw.mid",365
Bb-major triad,Bb-major triad,0.5,"Agnew, Roy, 2 Songs, FxJoaQcBkvw.mid",366
Bb-major triad,D-quartal tetramirror,1.0,"Agnew, Roy, 2 Songs, FxJoaQcBkvw.mid",367
D-quartal tetramirror,D-major pentatonic,0.5,"Agnew, Roy, 2 Songs, FxJoaQcBkvw.mid",368
D-major pentatonic,D-incomplete dominant-seventh chord,0.25,"Agnew, Roy, 2 Songs, FxJoaQcBkvw.mid",369
D-incomplete dominant-seventh chord,A-perfect-fourth minor tetrachord,1/12,"Agnew, Roy, 2 Songs, FxJoaQcBkvw.mid",370
A-perfect-fourth minor tetrachord,A-perfect-fourth minor tetrachord,5/12,"Agnew, Roy, 2 Songs, FxJoaQcBkvw.mid",371
A-perfect-fourth minor tetrachord,A-perfect-fourth minor tetrachord,2/3,"Agnew, Roy, 2 Songs, FxJoaQcBkvw.mid",372
A-perfect-fourth minor tetrachord,A-major pentatonic,0.75,"Agnew, Roy, 2 Songs, FxJoaQcBkvw.mid",373
A-major pentatonic,E-quartal tetramirror,1/12,"Agnew, Roy, 2 Songs, FxJoaQcBkvw.mid",374
E-quartal tetramirror,G-incomplete dominant-seventh chord,1/6,"Agnew, Roy, 2 Songs, FxJoaQcBkvw.mid",375
G-incomplete dominant-seventh chord,Major Second above F,1/12,"Agnew, Roy, 2 Songs, FxJoaQcBkvw.mid",376
Major Second above F,C-perfect-fourth minor tetrachord,1.25,"Agnew, Roy, 2 Songs, FxJoaQcBkvw.mid",377
C-perfect-fourth minor tetrachord,C-dorian pentachord,0.75,"Agnew, Roy, 2 Songs, FxJoaQcBkvw.mid",378
C-dorian pentachord,C-perfect-fourth minor tetrachord,0.25,"Agnew, Roy, 2 Songs, FxJoaQcBkvw.mid",379
C-perfect-fourth minor tetrachord,Eb-major triad,0.25,"Agnew, Roy, 2 Songs, FxJoaQcBkvw.mid",380
Eb-major triad,Eb-major triad,0.5,"Agnew, Roy, 2 Songs, FxJoaQcBkvw.mid",381
Eb-major triad,C-minor seventh chord,1/6,"Agnew, Roy, 2 Songs, FxJoaQcBkvw.mid",382
C-minor seventh chord,C-minor seventh chord,7/12,"Agnew, Roy, 2 Songs, FxJoaQcBkvw.mid",383
C-minor seventh chord,A-minor hexachord,1/6,"Agnew, Roy, 2 Songs, FxJoaQcBkvw.mid",384
A-minor hexachord,A-minor hexachord,7/12,"Agnew, Roy, 2 Songs, FxJoaQcBkvw.mid",385
A-minor hexachord,D-major scale,5/12,"Agnew, Roy, 2 Songs, FxJoaQcBkvw.mid",386
D-major scale,D-major scale,0.25,"Agnew, Roy, 2 Songs, FxJoaQcBkvw.mid",387
D-major scale,A-minor hexachord,1/12,"Agnew, Roy, 2 Songs, FxJoaQcBkvw.mid",388
A-minor hexachord,B-,1/6,"Agnew, Roy, 2 Songs, FxJoaQcBkvw.mid",389
B-,A-half-diminished seventh chord,0.75,"Agnew, Roy, 2 Songs, FxJoaQcBkvw.mid",390
A-half-diminished seventh chord,A-Kumoi pentachord,0.5,"Agnew, Roy, 2 Songs, FxJoaQcBkvw.mid",391
A-Kumoi pentachord,A-Kumoi pentachord,1/12,"Agnew, Roy, 2 Songs, FxJoaQcBkvw.mid",392
A-Kumoi pentachord,A-Kumoi pentachord,2/3,"Agnew, Roy, 2 Songs, FxJoaQcBkvw.mid",393
A-Kumoi pentachord,A-Kumoi pentachord,1/12,"Agnew, Roy, 2 Songs, FxJoaQcBkvw.mid",394
A-Kumoi pentachord,A-Kumoi pentachord,5/12,"Agnew, Roy, 2 Songs, FxJoaQcBkvw.mid",395
A-Kumoi pentachord,G,0.25,"Agnew, Roy, 2 Songs, FxJoaQcBkvw.mid",396
G,G-minor-ninth chord,2/3,"Agnew, Roy, 2 Songs, FxJoaQcBkvw.mid",397
G-minor-ninth chord,G-minor-ninth chord,1/12,"Agnew, Roy, 2 Songs, FxJoaQcBkvw.mid",398
G-minor-ninth chord,G-minor triad,0.25,"Agnew, Roy, 2 Songs, FxJoaQcBkvw.mid",399
G-minor triad,E-half-diminished seventh chord,5/12,"Agnew, Roy, 2 Songs, FxJoaQcBkvw.mid",400
E-half-diminished seventh chord,E-incomplete minor-seventh chord,1/12,"Agnew, Roy, 2 Songs, FxJoaQcBkvw.mid",401
E-incomplete minor-seventh chord,E-half-diminished seventh chord,0.5,"Agnew, Roy, 2 Songs, FxJoaQcBkvw.mid",402
E-half-diminished seventh chord,E-half-diminished seventh chord,1/6,"Agnew, Roy, 2 Songs, FxJoaQcBkvw.mid",403
E-half-diminished seventh chord,E-half-diminished seventh chord,1/12,"Agnew, Roy, 2 Songs, FxJoaQcBkvw.mid",404
E-half-diminished seventh chord,E-half-diminished seventh chord,1/12,"Agnew, Roy, 2 Songs, FxJoaQcBkvw.mid",405
E-half-diminished seventh chord,E-half-diminished seventh chord,5/12,"Agnew, Roy, 2 Songs, FxJoaQcBkvw.mid",406
E-half-diminished seventh chord,E-incomplete half-diminished seventh chord,1/12,"Agnew, Roy, 2 Songs, FxJoaQcBkvw.mid",407
E-incomplete half-diminished seventh chord,Minor Sixth above D,1/6,"Agnew, Roy, 2 Songs, FxJoaQcBkvw.mid",408
Minor Sixth above D,F-major triad,0.75,"Agnew, Roy, 2 Songs, FxJoaQcBkvw.mid",409
F-major triad,F-major triad,7/12,"Agnew, Roy, 2 Songs, FxJoaQcBkvw.mid",410
F-major triad,Perfect Fourth above C,1/12,"Agnew, Roy, 2 Songs, FxJoaQcBkvw.mid",411
Perfect Fourth above C,C,1/12,"Agnew, Roy, 2 Songs, FxJoaQcBkvw.mid",412
C,C,1/6,"Agnew, Roy, 2 Songs, FxJoaQcBkvw.mid",413
C,C-dominant seventh chord,1/12,"Agnew, Roy, 2 Songs, FxJoaQcBkvw.mid",414
C-dominant seventh chord,C-dominant seventh chord,0.75,"Agnew, Roy, 2 Songs, FxJoaQcBkvw.mid",415
C-dominant seventh chord,A-minor-diminished ninth chord,1/12,"Agnew, Roy, 2 Songs, FxJoaQcBkvw.mid",416
A-minor-diminished ninth chord,E-perfect-fourth diminished tetrachord,1/12,"Agnew, Roy, 2 Songs, FxJoaQcBkvw.mid",417
E-perfect-fourth diminished tetrachord,A-minor-diminished ninth chord,1/3,"Agnew, Roy, 2 Songs, FxJoaQcBkvw.mid",418
A-minor-diminished ninth chord,A-minor-diminished ninth chord,1/6,"Agnew, Roy, 2 Songs, FxJoaQcBkvw.mid",419
A-minor-diminished ninth chord,Perfect Fifth above C,1/3,"Agnew, Roy, 2 Songs, FxJoaQcBkvw.mid",420
Perfect Fifth above C,C-incomplete dominant-seventh chord,11/12,"Agnew, Roy, 2 Songs, FxJoaQcBkvw.mid",421
C-incomplete dominant-seventh chord,Minor Seventh above C,1/12,"Agnew, Roy, 2 Songs, FxJoaQcBkvw.mid",422
Minor Seventh above C,G-double-fourth tetramirror,1/6,"Agnew, Roy, 2 Songs, FxJoaQcBkvw.mid",423
G-double-fourth tetramirror,G-incomplete major-seventh chord,1/12,"Agnew, Roy, 2 Songs, FxJoaQcBkvw.mid",424
G-incomplete major-seventh chord,G,5/12,"Agnew, Roy, 2 Songs, FxJoaQcBkvw.mid",425
G,D-minor triad,11/12,"Agnew, Roy, 2 Songs, FxJoaQcBkvw.mid",426
D-minor triad,D-minor triad,1/12,"Agnew, Roy, 2 Songs, FxJoaQcBkvw.mid",427
D-minor triad,D-minor triad,0.5,"Agnew, Roy, 2 Songs, FxJoaQcBkvw.mid",428
D-minor triad,Perfect Fourth above A,1/6,"Agnew, Roy, 2 Songs, FxJoaQcBkvw.mid",429
Perfect Fourth above A,D-tritone-fourth,0.5,"Agnew, Roy, 2 Songs, FxJoaQcBkvw.mid",430
D-tritone-fourth,Eb-minor-second quartal tetrachord,1/6,"Agnew, Roy, 2 Songs, FxJoaQcBkvw.mid",431
Eb-minor-second quartal tetrachord,A-Kumoi pentachord,11/12,"Agnew, Roy, 2 Songs, FxJoaQcBkvw.mid",432
A-Kumoi pentachord,A-half-diminished seventh chord,1/12,"Agnew, Roy, 2 Songs, FxJoaQcBkvw.mid",433
A-half-diminished seventh chord,Eb-minor-second quartal tetrachord,1/12,"Agnew, Roy, 2 Songs, FxJoaQcBkvw.mid",434
Eb-minor-second quartal tetrachord,A-Kumoi pentachord,0.75,"Agnew, Roy, 2 Songs, FxJoaQcBkvw.mid",435
A-Kumoi pentachord,A-Kumoi pentachord,2/3,"Agnew, Roy, 2 Songs, FxJoaQcBkvw.mid",436
A-Kumoi pentachord,A-Kumoi pentachord,1/12,"Agnew, Roy, 2 Songs, FxJoaQcBkvw.mid",437
A-Kumoi pentachord,A-Kumoi pentachord,0.25,"Agnew, Roy, 2 Songs, FxJoaQcBkvw.mid",438
A-Kumoi pentachord,D-dorian hexachord,1/6,"Agnew, Roy, 2 Songs, FxJoaQcBkvw.mid",439
D-dorian hexachord,C-dorian pentachord,1/12,"Agnew, Roy, 2 Songs, FxJoaQcBkvw.mid",440
C-dorian pentachord,D-minor seventh chord,1/12,"Agnew, Roy, 2 Songs, FxJoaQcBkvw.mid",441
D-minor seventh chord,D-minor seventh chord,1/6,"Agnew, Roy, 2 Songs, FxJoaQcBkvw.mid",442
D-minor seventh chord,D-minor seventh chord,0.75,"Agnew, Roy, 2 Songs, FxJoaQcBkvw.mid",443
D-minor seventh chord,D-minor seventh chord,11/12,"Agnew, Roy, 2 Songs, FxJoaQcBkvw.mid",444
D-minor seventh chord,D-minor seventh chord,1/12,"Agnew, Roy, 2 Songs, FxJoaQcBkvw.mid",445
D-minor seventh chord,Minor Third above C,0.25,"Agnew, Roy, 2 Songs, FxJoaQcBkvw.mid",446
Minor Third above C,C-minor triad,1/12,"Agnew, Roy, 2 Songs, FxJoaQcBkvw.mid",447
C-minor triad,C-minor triad,11/12,"Agnew, Roy, 2 Songs, FxJoaQcBkvw.mid",448
C-minor triad,C-major-second minor tetrachord,0.5,"Agnew, Roy, 2 Songs, FxJoaQcBkvw.mid",449
C-major-second minor tetrachord,A-Kumoi pentachord,0.5,"Agnew, Roy, 2 Songs, FxJoaQcBkvw.mid",450
A-Kumoi pentachord,A-Kumoi pentachord,1/6,"Agnew, Roy, 2 Songs, FxJoaQcBkvw.mid",451
A-Kumoi pentachord,Eb-incomplete major-seventh chord,1/12,"Agnew, Roy, 2 Songs, FxJoaQcBkvw.mid",452
Eb-incomplete major-seventh chord,Eb-incomplete major-seventh chord,1/12,"Agnew, Roy, 2 Songs, FxJoaQcBkvw.mid",453
Eb-incomplete major-seventh chord,C-incomplete minor-seventh chord,5/3,"Agnew, Roy, 2 Songs, FxJoaQcBkvw.mid",454
C-incomplete minor-seventh chord,C-minor seventh chord,1/12,"Agnew, Roy, 2 Songs, FxJoaQcBkvw.mid",455
C-minor seventh chord,Minor Sixth above G,5/12,"Agnew, Roy, 2 Songs, FxJoaQcBkvw.mid",456
Minor Sixth above G,G,0.25,"Agnew, Roy, 2 Songs, FxJoaQcBkvw.mid",457
G,F,0.25,"Agnew, Roy, 2 Songs, FxJoaQcBkvw.mid",458
F,F-dominant seventh chord,1.0,"Agnew, Roy, 2 Songs, FxJoaQcBkvw.mid",459
F-dominant seventh chord,Perfect Fifth above F,0.25,"Agnew, Roy, 2 Songs, FxJoaQcBkvw.mid",460
Perfect Fifth above F,C,1/12,"Agnew, Roy, 2 Songs, FxJoaQcBkvw.mid",461
C,C-quartal trichord,1/3,"Agnew, Roy, 2 Songs, FxJoaQcBkvw.mid",462
C-quartal trichord,C-quartal trichord,1/3,"Agnew, Roy, 2 Songs, FxJoaQcBkvw.mid",463
C-quartal trichord,G-major pentatonic,1.0,"Agnew, Roy, 2 Songs, FxJoaQcBkvw.mid",464
G-major pentatonic,G-major pentatonic,0.25,"Agnew, Roy, 2 Songs, FxJoaQcBkvw.mid",465
G-major pentatonic,G-major pentatonic,0.25,"Agnew, Roy, 2 Songs, FxJoaQcBkvw.mid",466
G-major pentatonic,C-Guidonian hexachord,1/12,"Agnew, Roy, 2 Songs, FxJoaQcBkvw.mid",467
C-Guidonian hexachord,C-quartal tetramirror,1/12,"Agnew, Roy, 2 Songs, FxJoaQcBkvw.mid",468
C-quartal tetramirror,E-,1/12,"Agnew, Roy, 2 Songs, FxJoaQcBkvw.mid",469
E-,F-dominant seventh chord,11/12,"Agnew, Roy, 2 Songs, FxJoaQcBkvw.mid",470
F-dominant seventh chord,F-dominant seventh chord,1/12,"Agnew, Roy, 2 Songs, FxJoaQcBkvw.mid",471
F-dominant seventh chord,F-dominant seventh chord,0.25,"Agnew, Roy, 2 Songs, FxJoaQcBkvw.mid",472
F-dominant seventh chord,F-dominant seventh chord,0.25,"Agnew, Roy, 2 Songs, FxJoaQcBkvw.mid",473
F-dominant seventh chord,F-incomplete dominant-seventh chord,1/12,"Agnew, Roy, 2 Songs, FxJoaQcBkvw.mid",474
F-incomplete dominant-seventh chord,F-incomplete dominant-seventh chord,1/6,"Agnew, Roy, 2 Songs, FxJoaQcBkvw.mid",475
F-incomplete dominant-seventh chord,F-whole-tone tetramirror,5/6,"Agnew, Roy, 2 Songs, FxJoaQcBkvw.mid",476
F-whole-tone tetramirror,F-dominant-ninth,2/3,"Agnew, Roy, 2 Songs, FxJoaQcBkvw.mid",477
F-dominant-ninth,D-quartal tetramirror,0.25,"Agnew, Roy, 2 Songs, FxJoaQcBkvw.mid",478
D-quartal tetramirror,D-major pentatonic,0.75,"Agnew, Roy, 2 Songs, FxJoaQcBkvw.mid",479
D-major pentatonic,D-major pentatonic,0.75,"Agnew, Roy, 2 Songs, FxJoaQcBkvw.mid",480
D-major pentatonic,D-major pentatonic,0.25,"Agnew, Roy, 2 Songs, FxJoaQcBkvw.mid",481
D-major pentatonic,D-major pentatonic,2/3,"Agnew, Roy, 2 Songs, FxJoaQcBkvw.mid",482
D-major pentatonic,D-major pentatonic,1/12,"Agnew, Roy, 2 Songs, FxJoaQcBkvw.mid",483
D-major pentatonic,D-major pentatonic,0.75,"Agnew, Roy, 2 Songs, FxJoaQcBkvw.mid",484
D-major pentatonic,D-quartal tetramirror,1/12,"Agnew, Roy, 2 Songs, FxJoaQcBkvw.mid",485
D-quartal tetramirror,D-quartal tetramirror,1/12,"Agnew, Roy, 2 Songs, FxJoaQcBkvw.mid",486
D-quartal tetramirror,Major Second above F,1/12,"Agnew, Roy, 2 Songs, FxJoaQcBkvw.mid",487
Major Second above F,G#-German augmented sixth chord,1.0,"Agnew, Roy, 2 Songs, FxJoaQcBkvw.mid",488
G#-German augmented sixth chord,G-minor-diminished ninth chord,11/12,"Agnew, Roy, 2 Songs, FxJoaQcBkvw.mid",489
G-minor-diminished ninth chord,G-minor-diminished ninth chord,1/3,"Agnew, Roy, 2 Songs, FxJoaQcBkvw.mid",490
G-minor-diminished ninth chord,G-minor-diminished ninth chord,0.5,"Agnew, Roy, 2 Songs, FxJoaQcBkvw.mid",491
G-minor-diminished ninth chord,G-dorian hexachord,0.5,"Agnew, Roy, 2 Songs, FxJoaQcBkvw.mid",492
G-dorian hexachord,G-dorian hexachord,1/12,"Agnew, Roy, 2 Songs, FxJoaQcBkvw.mid",493
G-dorian hexachord,C-quartal trichord,1/12,"Agnew, Roy, 2 Songs, FxJoaQcBkvw.mid",494
C-quartal trichord,Perfect Fifth above G,7/12,"Agnew, Roy, 2 Songs, FxJoaQcBkvw.mid",495
Perfect Fifth above G,G-minor triad,7/12,"Agnew, Roy, 2 Songs, FxJoaQcBkvw.mid",496
G-minor triad,B-,1/6,"Agnew, Roy, 2 Songs, FxJoaQcBkvw.mid",497
B-,enharmonic equivalent to half-diminished seventh chord above D,1/6,"Agnew, Roy, 2 Songs, FxJoaQcBkvw.mid",498
enharmonic equivalent to half-diminished seventh chord above D,enharmonic equivalent to half-diminished seventh chord above G#,1/12,"Agnew, Roy, 2 Songs, FxJoaQcBkvw.mid",499
enharmonic equivalent to half-diminished seventh chord above G#,enharmonic equivalent to half-diminished seventh chord above G#,7/12,"Agnew, Roy, 2 Songs, FxJoaQcBkvw.mid",500
enharmonic equivalent to half-diminished seventh chord above G#,D-Kumoi pentachord,2/3,"Agnew, Roy, 2 Songs, FxJoaQcBkvw.mid",501
D-Kumoi pentachord,D-Kumoi pentachord,0.5,"Agnew, Roy, 2 Songs, FxJoaQcBkvw.mid",502
D-Kumoi pentachord,G-perfect-fourth diminished tetrachord,1/6,"Agnew, Roy, 2 Songs, FxJoaQcBkvw.mid",503
G-perfect-fourth diminished tetrachord,D-Kumoi pentachord,1/12,"Agnew, Roy, 2 Songs, FxJoaQcBkvw.mid",504
D-Kumoi pentachord,C-minor hexachord,0.25,"Agnew, Roy, 2 Songs, FxJoaQcBkvw.mid",505
C-minor hexachord,C-perfect-fourth minor tetrachord,1/12,"Agnew, Roy, 2 Songs, FxJoaQcBkvw.mid",506
C-perfect-fourth minor tetrachord,F-incomplete dominant-seventh chord,1/12,"Agnew, Roy, 2 Songs, FxJoaQcBkvw.mid",507
F-incomplete dominant-seventh chord,Major Second above Eb,1/12,"Agnew, Roy, 2 Songs, FxJoaQcBkvw.mid",508
Major Second above Eb,Eb-major seventh chord,0.25,"Agnew, Roy, 2 Songs, FxJoaQcBkvw.mid",509
Eb-major seventh chord,Eb-major seventh chord,0.5,"Agnew, Roy, 2 Songs, FxJoaQcBkvw.mid",510
Eb-major seventh chord,Eb-major seventh chord,0.25,"Agnew, Roy, 2 Songs, FxJoaQcBkvw.mid",511
Eb-major seventh chord,C-minor-ninth chord,1/12,"Agnew, Roy, 2 Songs, FxJoaQcBkvw.mid",512
C-minor-ninth chord,A-minor hexachord,1/6,"Agnew, Roy, 2 Songs, FxJoaQcBkvw.mid",513
A-minor hexachord,Major Sixth above C,0.25,"Agnew, Roy, 2 Songs, FxJoaQcBkvw.mid",514
Major Sixth above C,A-half-diminished seventh chord,11/12,"Agnew, Roy, 2 Songs, FxJoaQcBkvw.mid",515
A-half-diminished seventh chord,A-half-diminished seventh chord,1/12,"Agnew, Roy, 2 Songs, FxJoaQcBkvw.mid",516
A-half-diminished seventh chord,A-incomplete half-diminished seventh chord,0.25,"Agnew, Roy, 2 Songs, FxJoaQcBkvw.mid",517
A-incomplete half-diminished seventh chord,A-incomplete half-diminished seventh chord,1/12,"Agnew, Roy, 2 Songs, FxJoaQcBkvw.mid",518
A-incomplete half-diminished seventh chord,A-incomplete half-diminished seventh chord,1/12,"Agnew, Roy, 2 Songs, FxJoaQcBkvw.mid",519
A-incomplete half-diminished seventh chord,A,1/12,"Agnew, Roy, 2 Songs, FxJoaQcBkvw.mid",520
A,Bb-major seventh chord,1/12,"Agnew, Roy, 2 Songs, FxJoaQcBkvw.mid",521
Bb-major seventh chord,Bb-major triad,11/12,"Agnew, Roy, 2 Songs, FxJoaQcBkvw.mid",522
Bb-major triad,Bb-major triad,0.25,"Agnew, Roy, 2 Songs, FxJoaQcBkvw.mid",523
Bb-major triad,Bb-major triad,1/12,"Agnew, Roy, 2 Songs, FxJoaQcBkvw.mid",524
Bb-major triad,Perfect Fifth above Bb,1/12,"Agnew, Roy, 2 Songs, FxJoaQcBkvw.mid",525
Perfect Fifth above Bb,Bb-incomplete major-seventh chord,1/12,"Agnew, Roy, 2 Songs, FxJoaQcBkvw.mid",526
Bb-incomplete major-seventh chord,Major Third above F,0.25,"Agnew, Roy, 2 Songs, FxJoaQcBkvw.mid",527
Major Third above F,F-dominant seventh chord,0.75,"Agnew, Roy, 2 Songs, FxJoaQcBkvw.mid",528
F-dominant seventh chord,D-minor-diminished ninth chord,5/12,"Agnew, Roy, 2 Songs, FxJoaQcBkvw.mid",529
D-minor-diminished ninth chord,D-minor tetramirror,1/6,"Agnew, Roy, 2 Songs, FxJoaQcBkvw.mid",530
D-minor tetramirror,Minor Seventh above D,1/6,"Agnew, Roy, 2 Songs, FxJoaQcBkvw.mid",531
Minor Seventh above D,Major Sixth above Eb,0.5,"Agnew, Roy, 2 Songs, FxJoaQcBkvw.mid",532
Major Sixth above Eb,Major Sixth above Eb,0.25,"Agnew, Roy, 2 Songs, FxJoaQcBkvw.mid",533
Major Sixth above Eb,C,0.25,"Agnew, Roy, 2 Songs, FxJoaQcBkvw.mid",534
C,C,0.5,"Agnew, Roy, 2 Songs, FxJoaQcBkvw.mid",535
C,Major Second above Bb,1/6,"Agnew, Roy, 2 Songs, FxJoaQcBkvw.mid",536
Major Second above Bb,B-,1/6,"Agnew, Roy, 2 Songs, FxJoaQcBkvw.mid",537
B-,G-minor triad,1.0,"Agnew, Roy, 2 Songs, FxJoaQcBkvw.mid",538
G-minor triad,G-minor triad,1/6,"Agnew, Roy, 2 Songs, FxJoaQcBkvw.mid",539
G-minor triad,G-minor triad,1/12,"Agnew, Roy, 2 Songs, FxJoaQcBkvw.mid",540
G-minor triad,Perfect Fourth above D,1/6,"Agnew, Roy, 2 Songs, FxJoaQcBkvw.mid",541
Perfect Fourth above D,G#-tritone-fourth,0.75,"Agnew, Roy, 2 Songs, FxJoaQcBkvw.mid",542
G#-tritone-fourth,D-Kumoi pentachord,1/12,"Agnew, Roy, 2 Songs, FxJoaQcBkvw.mid",543
D-Kumoi pentachord,D-Kumoi pentachord,5/12,"Agnew, Roy, 2 Songs, FxJoaQcBkvw.mid",544
D-Kumoi pentachord,D-Kumoi pentachord,0.5,"Agnew, Roy, 2 Songs, FxJoaQcBkvw.mid",545
D-Kumoi pentachord,D-Kumoi pentachord,1/12,"Agnew, Roy, 2 Songs, FxJoaQcBkvw.mid",546
D-Kumoi pentachord,D-Kumoi pentachord,2/3,"Agnew, Roy, 2 Songs, FxJoaQcBkvw.mid",547
D-Kumoi pentachord,D-Kumoi pentachord,1/12,"Agnew, Roy, 2 Songs, FxJoaQcBkvw.mid",548
D-Kumoi pentachord,D-Kumoi pentachord,0.25,"Agnew, Roy, 2 Songs, FxJoaQcBkvw.mid",549
D-Kumoi pentachord,D-Kumoi pentachord,5/12,"Agnew, Roy, 2 Songs, FxJoaQcBkvw.mid",550
D-Kumoi pentachord,D-Kumoi pentachord,0.5,"Agnew, Roy, 2 Songs, FxJoaQcBkvw.mid",551
D-Kumoi pentachord,G-minor seventh chord,1/12,"Agnew, Roy, 2 Songs, FxJoaQcBkvw.mid",552
G-minor seventh chord,G-minor seventh chord,1/6,"Agnew, Roy, 2 Songs, FxJoaQcBkvw.mid",553
G-minor seventh chord,G-minor seventh chord,11/12,"Agnew, Roy, 2 Songs, FxJoaQcBkvw.mid",554
G-minor seventh chord,G-minor seventh chord,1/12,"Agnew, Roy, 2 Songs, FxJoaQcBkvw.mid",555
G-minor seventh chord,G-minor seventh chord,0.25,"Agnew, Roy, 2 Songs, FxJoaQcBkvw.mid",556
G-minor seventh chord,G-minor seventh chord,1/6,"Agnew, Roy, 2 Songs, FxJoaQcBkvw.mid",557
G-minor seventh chord,Bb-major triad,0.25,"Agnew, Roy, 2 Songs, FxJoaQcBkvw.mid",558
Bb-major triad,enharmonic equivalent to minor triad above F,1.0,"Agnew, Roy, 2 Songs, FxJoaQcBkvw.mid",559
enharmonic equivalent to minor triad above F,D-Kumoi pentachord,0.25,"Agnew, Roy, 2 Songs, FxJoaQcBkvw.mid",560
D-Kumoi pentachord,D-Kumoi pentachord,1/3,"Agnew, Roy, 2 Songs, FxJoaQcBkvw.mid",561
D-Kumoi pentachord,D-Kumoi pentachord,2/3,"Agnew, Roy, 2 Songs, FxJoaQcBkvw.mid",562
D-Kumoi pentachord,Perfect Fourth above D,1/12,"Agnew, Roy, 2 Songs, FxJoaQcBkvw.mid",563
Perfect Fourth above D,Eb-whole-tone trichord,1.0,"Agnew, Roy, 2 Songs, FxJoaQcBkvw.mid",564
Eb-whole-tone trichord,Eb-whole-tone trichord,1/3,"Agnew, Roy, 2 Songs, FxJoaQcBkvw.mid",565
Eb-whole-tone trichord,Major Second above Eb,5/12,"Agnew, Roy, 2 Songs, FxJoaQcBkvw.mid",566
Major Second above Eb,C,7/12,"Agnew, Roy, 2 Songs, FxJoaQcBkvw.mid",567
C,Major Second above Bb,1/12,"Agnew, Roy, 2 Songs, FxJoaQcBkvw.mid",568
Major Second above Bb,B-,0.25,"Agnew, Roy, 2 Songs, FxJoaQcBkvw.mid",569
B-,G#-Italian augmented sixth chord,1.0,"Agnew, Roy, 2 Songs, FxJoaQcBkvw.mid",570
G#-Italian augmented sixth chord,G#-incomplete dominant-seventh chord,0.5,"Agnew, Roy, 2 Songs, FxJoaQcBkvw.mid",571
G#-incomplete dominant-seventh chord,Perfect Fifth above Bb,1/12,"Agnew, Roy, 2 Songs, FxJoaQcBkvw.mid",572
Perfect Fifth above Bb,C#-Scriabin's Mystic-chord,1/12,"Agnew, Roy, 2 Songs, FxJoaQcBkvw.mid",573
C#-Scriabin's Mystic-chord,C#-whole-tone pentachord,1/6,"Agnew, Roy, 2 Songs, FxJoaQcBkvw.mid",574
C#-whole-tone pentachord,Eb-whole-tone trichord,1/12,"Agnew, Roy, 2 Songs, FxJoaQcBkvw.mid",575
Eb-whole-tone trichord,Minor Seventh above G,1/6,"Agnew, Roy, 2 Songs, FxJoaQcBkvw.mid",576
Minor Seventh above G,G-incomplete minor-seventh chord,0.25,"Agnew, Roy, 2 Songs, FxJoaQcBkvw.mid",577
G-incomplete minor-seventh chord,G-incomplete minor-seventh chord,0.75,"Agnew, Roy, 2 Songs, FxJoaQcBkvw.mid",578
G-incomplete minor-seventh chord,Eb-major-second major tetrachord,0.5,"Agnew, Roy, 2 Songs, FxJoaQcBkvw.mid",579
Eb-major-second major tetrachord,Perfect Fifth above Eb,1/6,"Agnew, Roy, 2 Songs, FxJoaQcBkvw.mid",580
Perfect Fifth above Eb,E-,1/12,"Agnew, Roy, 2 Songs, FxJoaQcBkvw.mid",581
E-,G#-German augmented sixth chord in root position,5/6,"Agnew, Roy, 2 Songs, FxJoaQcBkvw.mid",582
G#-German augmented sixth chord in root position,G#-German augmented sixth chord in root position,1/6,"Agnew, Roy, 2 Songs, FxJoaQcBkvw.mid",583
G#-German augmented sixth chord in root position,G#-German augmented sixth chord in root position,0.25,"Agnew, Roy, 2 Songs, FxJoaQcBkvw.mid",584
G#-German augmented sixth chord in root position,G#-German augmented sixth chord in root position,1/3,"Agnew, Roy, 2 Songs, FxJoaQcBkvw.mid",585
G#-German augmented sixth chord in root position,Diminished Fifth above G#,1/12,"Agnew, Roy, 2 Songs, FxJoaQcBkvw.mid",586
Diminished Fifth above G#,enharmonic equivalent to dominant-ninth above Bb,2/3,"Agnew, Roy, 2 Songs, FxJoaQcBkvw.mid",587
enharmonic equivalent to dominant-ninth above Bb,enharmonic equivalent to dominant-ninth above Bb,1/3,"Agnew, Roy, 2 Songs, FxJoaQcBkvw.mid",588
enharmonic equivalent to dominant-ninth above Bb,enharmonic equivalent to dominant-ninth above Bb,2/3,"Agnew, Roy, 2 Songs, FxJoaQcBkvw.mid",589
enharmonic equivalent to dominant-ninth above Bb,G-dorian hexachord,1/12,"Agnew, Roy, 2 Songs, FxJoaQcBkvw.mid",590
G-dorian hexachord,D-quartal tetramirror,0.25,"Agnew, Roy, 2 Songs, FxJoaQcBkvw.mid",591
D-quartal tetramirror,G-quartal tetramirror,1/6,"Agnew, Roy, 2 Songs, FxJoaQcBkvw.mid",592
G-quartal tetramirror,G-major pentatonic,5/6,"Agnew, Roy, 2 Songs, FxJoaQcBkvw.mid",593
G-major pentatonic,G-major pentatonic,7/6,"Agnew, Roy, 2 Songs, FxJoaQcBkvw.mid",594
G-major pentatonic,G-major pentatonic,1/6,"Agnew, Roy, 2 Songs, FxJoaQcBkvw.mid",595
G-major pentatonic,G-major pentatonic,1/12,"Agnew, Roy, 2 Songs, FxJoaQcBkvw.mid",596
G-major pentatonic,G-major pentatonic,1/12,"Agnew, Roy, 2 Songs, FxJoaQcBkvw.mid",597
G-major pentatonic,G-major pentatonic,1/6,"Agnew, Roy, 2 Songs, FxJoaQcBkvw.mid",598
G-major pentatonic,G-minor seventh chord,7/12,"Agnew, Roy, 2 Songs, FxJoaQcBkvw.mid",599
G-minor seventh chord,G-minor triad,13/12,"Agnew, Roy, 2 Songs, FxJoaQcBkvw.mid",600
G-minor triad,G-minor triad,1/12,"Agnew, Roy, 2 Songs, FxJoaQcBkvw.mid",601
G-minor triad,G-minor triad,1/12,"Agnew, Roy, 2 Songs, FxJoaQcBkvw.mid",602
G-minor triad,Perfect Fifth above G,1/12,"Agnew, Roy, 2 Songs, FxJoaQcBkvw.mid",603
Perfect Fifth above G,G,1.0,"Agnew, Roy, 2 Songs, FxJoaQcBkvw.mid",604
G,F-quartal trichord,1/3,"Agnew, Roy, 2 Songs, FxJoaQcBkvw.mid",605
F-quartal trichord,C-perfect-fourth minor tetrachord,2/3,"Agnew, Roy, 2 Songs, FxJoaQcBkvw.mid",606
C-perfect-fourth minor tetrachord,C-perfect-fourth minor tetrachord,0.5,"Agnew, Roy, 2 Songs, FxJoaQcBkvw.mid",607
C-perfect-fourth minor tetrachord,C-dorian pentachord,1/12,"Agnew, Roy, 2 Songs, FxJoaQcBkvw.mid",608
C-dorian pentachord,C-dorian pentachord,2/3,"Agnew, Roy, 2 Songs, FxJoaQcBkvw.mid",609
C-dorian pentachord,D-minor tetramirror,1/12,"Agnew, Roy, 2 Songs, FxJoaQcBkvw.mid",610
D-minor tetramirror,C-dorian pentachord,2/3,"Agnew, Roy, 2 Songs, FxJoaQcBkvw.mid",611
C-dorian pentachord,C-dorian pentachord,1/6,"Agnew, Roy, 2 Songs, FxJoaQcBkvw.mid",612
C-dorian pentachord,C-dorian pentachord,1/12,"Agnew, Roy, 2 Songs, FxJoaQcBkvw.mid",613
C-dorian pentachord,C-dorian pentachord,0.25,"Agnew, Roy, 2 Songs, FxJoaQcBkvw.mid",614
C-dorian pentachord,C-dorian pentachord,1/6,"Agnew, Roy, 2 Songs, FxJoaQcBkvw.mid",615
C-dorian pentachord,C-dorian pentachord,1/12,"Agnew, Roy, 2 Songs, FxJoaQcBkvw.mid",616
C-dorian pentachord,Eb-incomplete major-seventh chord,1/12,"Agnew, Roy, 2 Songs, FxJoaQcBkvw.mid",617
Eb-incomplete major-seventh chord,Minor Sixth above D,0.75,"Agnew, Roy, 2 Songs, FxJoaQcBkvw.mid",618
Minor Sixth above D,Bb-quartal trichord,0.25,"Agnew, Roy, 2 Songs, FxJoaQcBkvw.mid",619
Bb-quartal trichord,Bb-quartal trichord,0.25,"Agnew, Roy, 2 Songs, FxJoaQcBkvw.mid",620
Bb-quartal trichord,Bb-quartal trichord,0.25,"Agnew, Roy, 2 Songs, FxJoaQcBkvw.mid",621
Bb-quartal trichord,Bb-major-second major tetrachord,0.5,"Agnew, Roy, 2 Songs, FxJoaQcBkvw.mid",622
Bb-major-second major tetrachord,Bb-major-second major tetrachord,1/3,"Agnew, Roy, 2 Songs, FxJoaQcBkvw.mid",623
Bb-major-second major tetrachord,Bb-major pentachord,1/12,"Agnew, Roy, 2 Songs, FxJoaQcBkvw.mid",624
Bb-major pentachord,Bb-perfect-fourth major tetrachord,1/12,"Agnew, Roy, 2 Songs, FxJoaQcBkvw.mid",625
Bb-perfect-fourth major tetrachord,E-,1/6,"Agnew, Roy, 2 Songs, FxJoaQcBkvw.mid",626
E-,A-half-diminished seventh chord,1.0,"Agnew, Roy, 2 Songs, FxJoaQcBkvw.mid",627
A-half-diminished seventh chord,A-Kumoi pentachord,2/3,"Agnew, Roy, 2 Songs, FxJoaQcBkvw.mid",628
A-Kumoi pentachord,A-quartal tetramirror,1/6,"Agnew, Roy, 2 Songs, FxJoaQcBkvw.mid",629
A-quartal tetramirror,A-Kumoi pentachord,0.5,"Agnew, Roy, 2 Songs, FxJoaQcBkvw.mid",630
A-Kumoi pentachord,A-Kumoi pentachord,1/6,"Agnew, Roy, 2 Songs, FxJoaQcBkvw.mid",631
A-Kumoi pentachord,A-perfect-fourth diminished tetrachord,1/12,"Agnew, Roy, 2 Songs, FxJoaQcBkvw.mid",632
A-perfect-fourth diminished tetrachord,A-Kumoi pentachord,2/3,"Agnew, Roy, 2 Songs, FxJoaQcBkvw.mid",633
A-Kumoi pentachord,Eb-incomplete major-seventh chord,1/12,"Agnew, Roy, 2 Songs, FxJoaQcBkvw.mid",634
Eb-incomplete major-seventh chord,Bb-major seventh chord,0.75,"Agnew, Roy, 2 Songs, FxJoaQcBkvw.mid",635
Bb-major seventh chord,Bb-major triad,0.25,"Agnew, Roy, 2 Songs, FxJoaQcBkvw.mid",636
Bb-major triad,G-minor seventh chord,0.5,"Agnew, Roy, 2 Songs, FxJoaQcBkvw.mid",637
G-minor seventh chord,E-diminished-major ninth chord,7/12,"Agnew, Roy, 2 Songs, FxJoaQcBkvw.mid",638
E-diminished-major ninth chord,E-phrygian trichord,1/6,"Agnew, Roy, 2 Songs, FxJoaQcBkvw.mid",639
E-phrygian trichord,E-diminished-major ninth chord,0.75,"Agnew, Roy, 2 Songs, FxJoaQcBkvw.mid",640
E-diminished-major ninth chord,E-diminished-major ninth chord,1/3,"Agnew, Roy, 2 Songs, FxJoaQcBkvw.mid",641
E-diminished-major ninth chord,Bb-all-interval tetrachord,1/6,"Agnew, Roy, 2 Songs, FxJoaQcBkvw.mid",642
Bb-all-interval tetrachord,E-diminished-major ninth chord,0.5,"Agnew, Roy, 2 Songs, FxJoaQcBkvw.mid",643
E-diminished-major ninth chord,E-diminished-major ninth chord,0.25,"Agnew, Roy, 2 Songs, FxJoaQcBkvw.mid",644
E-diminished-major ninth chord,E-minor hexachord,1/6,"Agnew, Roy, 2 Songs, FxJoaQcBkvw.mid",645
E-minor hexachord,E-Kumoi pentachord,1/12,"Agnew, Roy, 2 Songs, FxJoaQcBkvw.mid",646
E-Kumoi pentachord,A-tritone-fourth,1/12,"Agnew, Roy, 2 Songs, FxJoaQcBkvw.mid",647
A-tritone-fourth,A,1/12,"Agnew, Roy, 2 Songs, FxJoaQcBkvw.mid",648
A,F-major triad,1.0,"Agnew, Roy, 2 Songs, FxJoaQcBkvw.mid",649
F-major triad,F-major triad,7/12,"Agnew, Roy, 2 Songs, FxJoaQcBkvw.mid",650
F-major triad,F-major triad,1/12,"Agnew, Roy, 2 Songs, FxJoaQcBkvw.mid",651
F-major triad,Minor Third above A,1/6,"Agnew, Roy, 2 Songs, FxJoaQcBkvw.mid",652
Minor Third above A,C-major-second major tetrachord,1/6,"Agnew, Roy, 2 Songs, FxJoaQcBkvw.mid",653
C-major-second major tetrachord,C-dominant-ninth,1/3,"Agnew, Roy, 2 Songs, FxJoaQcBkvw.mid",654
C-dominant-ninth,C-dominant-ninth,0.5,"Agnew, Roy, 2 Songs, FxJoaQcBkvw.mid",655
C-dominant-ninth,A-dorian hexachord,7/6,"Agnew, Roy, 2 Songs, FxJoaQcBkvw.mid",656
A-dorian hexachord,A-major pentatonic,1/12,"Agnew, Roy, 2 Songs, FxJoaQcBkvw.mid",657
A-major pentatonic,A-dorian hexachord,1.0,"Agnew, Roy, 2 Songs, FxJoaQcBkvw.mid",658
A-dorian hexachord,C,1/6,"Agnew, Roy, 2 Songs, FxJoaQcBkvw.mid",659
C,G,0.5,"Agnew, Roy, 2 Songs, FxJoaQcBkvw.mid",660
G,Major Second above F,0.25,"Agnew, Roy, 2 Songs, FxJoaQcBkvw.mid",661
Major Second above F,F,0.25,"Agnew, Roy, 2 Songs, FxJoaQcBkvw.mid",662
F,F-dominant seventh chord,1.0,"Agnew, Roy, 2 Songs, FxJoaQcBkvw.mid",663
F-dominant seventh chord,F-dominant seventh chord,0.25,"Agnew, Roy, 2 Songs, FxJoaQcBkvw.mid",664
F-dominant seventh chord,F-dominant seventh chord,0.5,"Agnew, Roy, 2 Songs, FxJoaQcBkvw.mid",665
F-dominant seventh chord,Bb-locrian hexachord,1/12,"Agnew, Roy, 2 Songs, FxJoaQcBkvw.mid",666
Bb-locrian hexachord,Bb-locrian hexachord,1/6,"Agnew, Roy, 2 Songs, FxJoaQcBkvw.mid",667
Bb-locrian hexachord,Bb-major-second major tetrachord,0.5,"Agnew, Roy, 2 Songs, FxJoaQcBkvw.mid",668
Bb-major-second major tetrachord,Bb-major-second major tetrachord,1.0,"Agnew, Roy, 2 Songs, FxJoaQcBkvw.mid",669
Bb-major-second major tetrachord,Bb-major-second major tetrachord,0.25,"Agnew, Roy, 2 Songs, FxJoaQcBkvw.mid",670
Bb-major-second major tetrachord,Bb-major-second major tetrachord,0.25,"Agnew, Roy, 2 Songs, FxJoaQcBkvw.mid",671
Bb-major-second major tetrachord,Bb-major-second major tetrachord,0.25,"Agnew, Roy, 2 Songs, FxJoaQcBkvw.mid",672
Bb-major-second major tetrachord,Bb-quartal trichord,1/12,"Agnew, Roy, 2 Songs, FxJoaQcBkvw.mid",673
Bb-quartal trichord,Bb-major seventh chord,1/6,"Agnew, Roy, 2 Songs, FxJoaQcBkvw.mid",674
Bb-major seventh chord,Perfect Fifth above D,1/6,"Agnew, Roy, 2 Songs, FxJoaQcBkvw.mid",675
Perfect Fifth above D,D-minor triad,13/12,"Agnew, Roy, 2 Songs, FxJoaQcBkvw.mid",676
D-minor triad,D-minor triad,1/6,"Agnew, Roy, 2 Songs, FxJoaQcBkvw.mid",677
D-minor triad,D-minor triad,11/12,"Agnew, Roy, 2 Songs, FxJoaQcBkvw.mid",678
D-minor triad,F,1/6,"Agnew, Roy, 2 Songs, FxJoaQcBkvw.mid",679
F,C-major triad,0.75,"Agnew, Roy, 2 Songs, FxJoaQcBkvw.mid",680
C-major triad,C-major triad,2/3,"Agnew, Roy, 2 Songs, FxJoaQcBkvw.mid",681
C-major triad,C-dominant seventh chord,19/12,"Agnew, Roy, 2 Songs, FxJoaQcBkvw.mid",682
C-dominant seventh chord,Bb-quartal trichord,1/12,"Agnew, Roy, 2 Songs, FxJoaQcBkvw.mid",683
Bb-quartal trichord,Perfect Fourth above C,5/3,"Agnew, Roy, 2 Songs, FxJoaQcBkvw.mid",684
Perfect Fourth above C,Perfect Fourth above C,1.5,"Agnew, Roy, 2 Songs, FxJoaQcBkvw.mid",685
Perfect Fourth above C,F-incomplete major-seventh chord,1/12,"Agnew, Roy, 2 Songs, FxJoaQcBkvw.mid",686
F-incomplete major-seventh chord,F-incomplete major-seventh chord,29/12,"Agnew, Roy, 2 Songs, FxJoaQcBkvw.mid",687
F-incomplete major-seventh chord,F-incomplete major-seventh chord,4.0,"Agnew, Roy, 2 Songs, FxJoaQcBkvw.mid",688
F-incomplete major-seventh chord,F-incomplete major-seventh chord,2.25,"Agnew, Roy, 2 Songs, FxJoaQcBkvw.mid",689
F-incomplete major-seventh chord,Major Third above C,7/12,"Agnew, Roy, 2 Songs, FxJoaQcBkvw.mid",690
START,D-quartal trichord,0.75,"Agnew, Roy, An Autumn Morning, KBcERxrDTPs.mid",0
D-quartal trichord,A-perfect-fourth minor tetrachord,0.75,"Agnew, Roy, An Autumn Morning, KBcERxrDTPs.mid",1
A-perfect-fourth minor tetrachord,A-dorian pentachord,7/12,"Agnew, Roy, An Autumn Morning, KBcERxrDTPs.mid",2
A-dorian pentachord,B-quartal tetramirror,1/6,"Agnew, Roy, An Autumn Morning, KBcERxrDTPs.mid",3
B-quartal tetramirror,A-minor triad,0.5,"Agnew, Roy, An Autumn Morning, KBcERxrDTPs.mid",4
A-minor triad,A-minor triad,1.0,"Agnew, Roy, An Autumn Morning, KBcERxrDTPs.mid",5
A-minor triad,A-dorian pentachord,0.75,"Agnew, Roy, An Autumn Morning, KBcERxrDTPs.mid",6
A-dorian pentachord,A-minor seventh chord,1/6,"Agnew, Roy, An Autumn Morning, KBcERxrDTPs.mid",7
A-minor seventh chord,A-minor seventh chord,7/12,"Agnew, Roy, An Autumn Morning, KBcERxrDTPs.mid",8
A-minor seventh chord,A-minor seventh chord,0.75,"Agnew, Roy, An Autumn Morning, KBcERxrDTPs.mid",9
A-minor seventh chord,A-minor seventh chord,0.75,"Agnew, Roy, An Autumn Morning, KBcERxrDTPs.mid",10
A-minor seventh chord,A-minor-ninth chord,0.25,"Agnew, Roy, An Autumn Morning, KBcERxrDTPs.mid",11
A-minor-ninth chord,C-major seventh chord,0.5,"Agnew, Roy, An Autumn Morning, KBcERxrDTPs.mid",12
C-major seventh chord,A-minor seventh chord,0.75,"Agnew, Roy, An Autumn Morning, KBcERxrDTPs.mid",13
A-minor seventh chord,A-minor seventh chord,0.75,"Agnew, Roy, An Autumn Morning, KBcERxrDTPs.mid",14
A-minor seventh chord,F-major-ninth chord,0.25,"Agnew, Roy, An Autumn Morning, KBcERxrDTPs.mid",15
F-major-ninth chord,F-major seventh chord,1.25,"Agnew, Roy, An Autumn Morning, KBcERxrDTPs.mid",16
F-major seventh chord,F-major seventh chord,0.25,"Agnew, Roy, An Autumn Morning, KBcERxrDTPs.mid",17
F-major seventh chord,F-major seventh chord,0.5,"Agnew, Roy, An Autumn Morning, KBcERxrDTPs.mid",18
F-major seventh chord,F-major scale,1/12,"Agnew, Roy, An Autumn Morning, KBcERxrDTPs.mid",19
F-major scale,C-major-ninth chord,1/6,"Agnew, Roy, An Autumn Morning, KBcERxrDTPs.mid",20
C-major-ninth chord,E-minor seventh chord,0.5,"Agnew, Roy, An Autumn Morning, KBcERxrDTPs.mid",21
E-minor seventh chord,E-minor-diminished ninth chord,0.5,"Agnew, Roy, An Autumn Morning, KBcERxrDTPs.mid",22
E-minor-diminished ninth chord,E-minor-diminished ninth chord,11/12,"Agnew, Roy, An Autumn Morning, KBcERxrDTPs.mid",23
E-minor-diminished ninth chord,C-major scale,1/12,"Agnew, Roy, An Autumn Morning, KBcERxrDTPs.mid",24
C-major scale,C-major scale,1/12,"Agnew, Roy, An Autumn Morning, KBcERxrDTPs.mid",25
C-major scale,F-major seventh chord,1/12,"Agnew, Roy, An Autumn Morning, KBcERxrDTPs.mid",26
F-major seventh chord,A-minor triad,13/12,"Agnew, Roy, An Autumn Morning, KBcERxrDTPs.mid",27
A-minor triad,A-minor triad,0.75,"Agnew, Roy, An Autumn Morning, KBcERxrDTPs.mid",28
A-minor triad,A-minor-ninth chord,0.25,"Agnew, Roy, An Autumn Morning, KBcERxrDTPs.mid",29
A-minor-ninth chord,E-minor seventh chord,2/3,"Agnew, Roy, An Autumn Morning, KBcERxrDTPs.mid",30
E-minor seventh chord,E-minor seventh chord,2/3,"Agnew, Roy, An Autumn Morning, KBcERxrDTPs.mid",31
E-minor seventh chord,E-minor seventh chord,11/12,"Agnew, Roy, An Autumn Morning, KBcERxrDTPs.mid",32
E-minor seventh chord,B-locrian pentachord,1/12,"Agnew, Roy, An Autumn Morning, KBcERxrDTPs.mid",33
B-locrian pentachord,C-double-fourth tetramirror,1/12,"Agnew, Roy, An Autumn Morning, KBcERxrDTPs.mid",34
C-double-fourth tetramirror,F-incomplete major-seventh chord,7/12,"Agnew, Roy, An Autumn Morning, KBcERxrDTPs.mid",35
F-incomplete major-seventh chord,F-major seventh chord,2/3,"Agnew, Roy, An Autumn Morning, KBcERxrDTPs.mid",36
F-major seventh chord,F-major seventh chord,1/12,"Agnew, Roy, An Autumn Morning, KBcERxrDTPs.mid",37
F-major seventh chord,F-major seventh chord,7/12,"Agnew, Roy, An Autumn Morning, KBcERxrDTPs.mid",38
F-major seventh chord,F-major scale,1/6,"Agnew, Roy, An Autumn Morning, KBcERxrDTPs.mid",39
F-major scale,F-major scale,1/12,"Agnew, Roy, An Autumn Morning, KBcERxrDTPs.mid",40
F-major scale,G-major pentachord,1/12,"Agnew, Roy, An Autumn Morning, KBcERxrDTPs.mid",41
G-major pentachord,G-major-second major tetrachord,4/3,"Agnew, Roy, An Autumn Morning, KBcERxrDTPs.mid",42
G-major-second major tetrachord,G-major-second major tetrachord,0.75,"Agnew, Roy, An Autumn Morning, KBcERxrDTPs.mid",43
G-major-second major tetrachord,A-Guidonian hexachord,1/12,"Agnew, Roy, An Autumn Morning, KBcERxrDTPs.mid",44
A-Guidonian hexachord,A-perfect-fourth minor tetrachord,1/6,"Agnew, Roy, An Autumn Morning, KBcERxrDTPs.mid",45
A-perfect-fourth minor tetrachord,A-minor triad,0.25,"Agnew, Roy, An Autumn Morning, KBcERxrDTPs.mid",46
A-minor triad,A-minor triad,0.75,"Agnew, Roy, An Autumn Morning, KBcERxrDTPs.mid",47
A-minor triad,A-minor triad,0.25,"Agnew, Roy, An Autumn Morning, KBcERxrDTPs.mid",48
A-minor triad,A-minor triad,7/6,"Agnew, Roy, An Autumn Morning, KBcERxrDTPs.mid",49
A-minor triad,C,1/12,"Agnew, Roy, An Autumn Morning, KBcERxrDTPs.mid",50
C,C-major seventh chord,1/6,"Agnew, Roy, An Autumn Morning, KBcERxrDTPs.mid",51
C-major seventh chord,E-minor triad,2/3,"Agnew, Roy, An Autumn Morning, KBcERxrDTPs.mid",52
E-minor triad,C-major seventh chord,2/3,"Agnew, Roy, An Autumn Morning, KBcERxrDTPs.mid",53
C-major seventh chord,C-major-ninth chord,0.75,"Agnew, Roy, An Autumn Morning, KBcERxrDTPs.mid",54
C-major-ninth chord,F-major scale,1/12,"Agnew, Roy, An Autumn Morning, KBcERxrDTPs.mid",55
F-major scale,D-minor seventh chord,1/6,"Agnew, Roy, An Autumn Morning, KBcERxrDTPs.mid",56
D-minor seventh chord,F-major triad,0.5,"Agnew, Roy, An Autumn Morning, KBcERxrDTPs.mid",57
F-major triad,F-major seventh chord,0.75,"Agnew, Roy, An Autumn Morning, KBcERxrDTPs.mid",58
F-major seventh chord,B-minor hexachord,0.75,"Agnew, Roy, An Autumn Morning, KBcERxrDTPs.mid",59
B-minor hexachord,B-diminished-major ninth chord,1/12,"Agnew, Roy, An Autumn Morning, KBcERxrDTPs.mid",60
B-diminished-major ninth chord,B-diminished-major ninth chord,1/6,"Agnew, Roy, An Autumn Morning, KBcERxrDTPs.mid",61
B-diminished-major ninth chord,F-major triad,0.75,"Agnew, Roy, An Autumn Morning, KBcERxrDTPs.mid",62
F-major triad,F-major triad,2/3,"Agnew, Roy, An Autumn Morning, KBcERxrDTPs.mid",63
F-major triad,B-diminished-major ninth chord,1.0,"Agnew, Roy, An Autumn Morning, KBcERxrDTPs.mid",64
B-diminished-major ninth chord,F-major-ninth chord,1/12,"Agnew, Roy, An Autumn Morning, KBcERxrDTPs.mid",65
F-major-ninth chord,C-major triad,7/12,"Agnew, Roy, An Autumn Morning, KBcERxrDTPs.mid",66
C-major triad,C-major seventh chord,1/3,"Agnew, Roy, An Autumn Morning, KBcERxrDTPs.mid",67
C-major seventh chord,C-major seventh chord,1/3,"Agnew, Roy, An Autumn Morning, KBcERxrDTPs.mid",68
C-major seventh chord,C-major seventh chord,1/12,"Agnew, Roy, An Autumn Morning, KBcERxrDTPs.mid",69
C-major seventh chord,C-major triad,11/12,"Agnew, Roy, An Autumn Morning, KBcERxrDTPs.mid",70
C-major triad,A-minor seventh chord,4/3,"Agnew, Roy, An Autumn Morning, KBcERxrDTPs.mid",71
A-minor seventh chord,A-minor seventh chord,1/6,"Agnew, Roy, An Autumn Morning, KBcERxrDTPs.mid",72
A-minor seventh chord,C-major triad,2.0,"Agnew, Roy, An Autumn Morning, KBcERxrDTPs.mid",73
C-major triad,C-major seventh chord,1/6,"Agnew, Roy, An Autumn Morning, KBcERxrDTPs.mid",74
C-major seventh chord,E-minor triad,1/3,"Agnew, Roy, An Autumn Morning, KBcERxrDTPs.mid",75
E-minor triad,E-minor triad,0.5,"Agnew, Roy, An Autumn Morning, KBcERxrDTPs.mid",76
E-minor triad,C-major seventh chord,0.75,"Agnew, Roy, An Autumn Morning, KBcERxrDTPs.mid",77
C-major seventh chord,C-major-ninth chord,0.5,"Agnew, Roy, An Autumn Morning, KBcERxrDTPs.mid",78
C-major-ninth chord,C-phrygian hexamirror,0.25,"Agnew, Roy, An Autumn Morning, KBcERxrDTPs.mid",79
C-phrygian hexamirror,D-whole-tone tetramirror,1.0,"Agnew, Roy, An Autumn Morning, KBcERxrDTPs.mid",80
D-whole-tone tetramirror,D-dominant-ninth,1.0,"Agnew, Roy, An Autumn Morning, KBcERxrDTPs.mid",81
D-dominant-ninth,D-dominant-ninth,1/12,"Agnew, Roy, An Autumn Morning, KBcERxrDTPs.mid",82
D-dominant-ninth,Major Sixth above C,1/6,"Agnew, Roy, An Autumn Morning, KBcERxrDTPs.mid",83
Major Sixth above C,G-major triad,0.75,"Agnew, Roy, An Autumn Morning, KBcERxrDTPs.mid",84
G-major triad,Major Third above G,2/3,"Agnew, Roy, An Autumn Morning, KBcERxrDTPs.mid",85
Major Third above G,G-major triad,2/3,"Agnew, Roy, An Autumn Morning, KBcERxrDTPs.mid",86
G-major triad,G-dominant-eleventh,0.25,"Agnew, Roy, An Autumn Morning, KBcERxrDTPs.mid",87
G-dominant-eleventh,G-dominant-eleventh,1/12,"Agnew, Roy, An Autumn Morning, KBcERxrDTPs.mid",88
G-dominant-eleventh,F-major triad,1/3,"Agnew, Roy, An Autumn Morning, KBcERxrDTPs.mid",89
F-major triad,D-minor seventh chord,1/12,"Agnew, Roy, An Autumn Morning, KBcERxrDTPs.mid",90
D-minor seventh chord,D-minor triad,2/3,"Agnew, Roy, An Autumn Morning, KBcERxrDTPs.mid",91
D-minor triad,D-major-second minor tetrachord,0.25,"Agnew, Roy, An Autumn Morning, KBcERxrDTPs.mid",92
D-major-second minor tetrachord,D-major-second minor tetrachord,0.5,"Agnew, Roy, An Autumn Morning, KBcERxrDTPs.mid",93
D-major-second minor tetrachord,E-dorian hexachord,0.25,"Agnew, Roy, An Autumn Morning, KBcERxrDTPs.mid",94
E-dorian hexachord,E-dorian hexachord,1/12,"Agnew, Roy, An Autumn Morning, KBcERxrDTPs.mid",95
E-dorian hexachord,E-minor seventh chord,5/12,"Agnew, Roy, An Autumn Morning, KBcERxrDTPs.mid",96
E-minor seventh chord,E-major pentatonic,0.25,"Agnew, Roy, An Autumn Morning, KBcERxrDTPs.mid",97
E-major pentatonic,B-quartal tetramirror,0.25,"Agnew, Roy, An Autumn Morning, KBcERxrDTPs.mid",98
B-quartal tetramirror,B-quartal tetramirror,11/12,"Agnew, Roy, An Autumn Morning, KBcERxrDTPs.mid",99
B-quartal tetramirror,B-minor hexachord,1/12,"Agnew, Roy, An Autumn Morning, KBcERxrDTPs.mid",100
B-minor hexachord,D-minor seventh chord,1/6,"Agnew, Roy, An Autumn Morning, KBcERxrDTPs.mid",101
D-minor seventh chord,D-minor seventh chord,5/12,"Agnew, Roy, An Autumn Morning, KBcERxrDTPs.mid",102
D-minor seventh chord,D-minor seventh chord,1/12,"Agnew, Roy, An Autumn Morning, KBcERxrDTPs.mid",103
D-minor seventh chord,D-minor triad,7/12,"Agnew, Roy, An Autumn Morning, KBcERxrDTPs.mid",104
D-minor triad,D-minor seventh chord,0.75,"Agnew, Roy, An Autumn Morning, KBcERxrDTPs.mid",105
D-minor seventh chord,E-dorian hexachord,1/12,"Agnew, Roy, An Autumn Morning, KBcERxrDTPs.mid",106
E-dorian hexachord,E-dorian hexachord,1/12,"Agnew, Roy, An Autumn Morning, KBcERxrDTPs.mid",107
E-dorian hexachord,E-minor triad,5/6,"Agnew, Roy, An Autumn Morning, KBcERxrDTPs.mid",108
E-minor triad,E-minor seventh chord,1.25,"Agnew, Roy, An Autumn Morning, KBcERxrDTPs.mid",109
E-minor seventh chord,E-major scale,1/12,"Agnew, Roy, An Autumn Morning, KBcERxrDTPs.mid",110
E-major scale,F-Hirajoshi pentatonic,1/6,"Agnew, Roy, An Autumn Morning, KBcERxrDTPs.mid",111
F-Hirajoshi pentatonic,F-major seventh chord,0.75,"Agnew, Roy, An Autumn Morning, KBcERxrDTPs.mid",112
F-major seventh chord,F-major seventh chord,0.75,"Agnew, Roy, An Autumn Morning, KBcERxrDTPs.mid",113
F-major seventh chord,F-major seventh chord,1.0,"Agnew, Roy, An Autumn Morning, KBcERxrDTPs.mid",114
F-major seventh chord,F-major scale,0.25,"Agnew, Roy, An Autumn Morning, KBcERxrDTPs.mid",115
F-major scale,C-dominant-ninth,1/12,"Agnew, Roy, An Autumn Morning, KBcERxrDTPs.mid",116
C-dominant-ninth,E-half-diminished seventh chord,5/12,"Agnew, Roy, An Autumn Morning, KBcERxrDTPs.mid",117
E-half-diminished seventh chord,E-half-diminished seventh chord,0.75,"Agnew, Roy, An Autumn Morning, KBcERxrDTPs.mid",118
E-half-diminished seventh chord,E-diminished-major ninth chord,0.5,"Agnew, Roy, An Autumn Morning, KBcERxrDTPs.mid",119
E-diminished-major ninth chord,F-major seventh chord,0.25,"Agnew, Roy, An Autumn Morning, KBcERxrDTPs.mid",120
F-major seventh chord,F-major seventh chord,1/6,"Agnew, Roy, An Autumn Morning, KBcERxrDTPs.mid",121
F-major seventh chord,F-major seventh chord,1/12,"Agnew, Roy, An Autumn Morning, KBcERxrDTPs.mid",122
F-major seventh chord,A-minor triad,0.75,"Agnew, Roy, An Autumn Morning, KBcERxrDTPs.mid",123
A-minor triad,A-minor triad,1.25,"Agnew, Roy, An Autumn Morning, KBcERxrDTPs.mid",124
A-minor triad,C-minor-augmented tetrachord,0.75,"Agnew, Roy, An Autumn Morning, KBcERxrDTPs.mid",125
C-minor-augmented tetrachord,C-double-phrygian hexachord,7/12,"Agnew, Roy, An Autumn Morning, KBcERxrDTPs.mid",126
C-double-phrygian hexachord,E-flat-ninth pentachord,1/12,"Agnew, Roy, An Autumn Morning, KBcERxrDTPs.mid",127
E-flat-ninth pentachord,C-double-phrygian hexachord,1/3,"Agnew, Roy, An Autumn Morning, KBcERxrDTPs.mid",128
C-double-phrygian hexachord,C-double-phrygian hexachord,0.25,"Agnew, Roy, An Autumn Morning, KBcERxrDTPs.mid",129
C-double-phrygian hexachord,C-minor-augmented tetrachord,1/12,"Agnew, Roy, An Autumn Morning, KBcERxrDTPs.mid",130
C-minor-augmented tetrachord,C-harmonic major scale (inverted),1/6,"Agnew, Roy, An Autumn Morning, KBcERxrDTPs.mid",131
C-harmonic major scale (inverted),C-major-ninth chord,1/6,"Agnew, Roy, An Autumn Morning, KBcERxrDTPs.mid",132
C-major-ninth chord,E-minor seventh chord,5/6,"Agnew, Roy, An Autumn Morning, KBcERxrDTPs.mid",133
E-minor seventh chord,A-Guidonian hexachord,1/6,"Agnew, Roy, An Autumn Morning, KBcERxrDTPs.mid",134
A-Guidonian hexachord,A-major pentatonic,1/3,"Agnew, Roy, An Autumn Morning, KBcERxrDTPs.mid",135
A-major pentatonic,A-minor seventh chord,2/3,"Agnew, Roy, An Autumn Morning, KBcERxrDTPs.mid",136
A-minor seventh chord,A-minor seventh chord,1/12,"Agnew, Roy, An Autumn Morning, KBcERxrDTPs.mid",137
A-minor seventh chord,F#-combinatorial I (I11),1/12,"Agnew, Roy, An Autumn Morning, KBcERxrDTPs.mid",138
F#-combinatorial I (I11),F#-diminished seventh chord,2/3,"Agnew, Roy, An Autumn Morning, KBcERxrDTPs.mid",139
F#-diminished seventh chord,F#-flat-ninth pentachord,5/12,"Agnew, Roy, An Autumn Morning, KBcERxrDTPs.mid",140
F#-flat-ninth pentachord,C-major-diminished tetrachord,1/12,"Agnew, Roy, An Autumn Morning, KBcERxrDTPs.mid",141
C-major-diminished tetrachord,C-major-diminished tetrachord,1/6,"Agnew, Roy, An Autumn Morning, KBcERxrDTPs.mid",142
C-major-diminished tetrachord,enharmonic equivalent to major triad above F#,1/12,"Agnew, Roy, An Autumn Morning, KBcERxrDTPs.mid",143
enharmonic equivalent to major triad above F#,C-major-diminished tetrachord,7/12,"Agnew, Roy, An Autumn Morning, KBcERxrDTPs.mid",144
C-major-diminished tetrachord,enharmonic equivalent to diminished triad above F#,1/6,"Agnew, Roy, An Autumn Morning, KBcERxrDTPs.mid",145
enharmonic equivalent to diminished triad above F#,B-major-minor diminished pentachord,0.25,"Agnew, Roy, An Autumn Morning, KBcERxrDTPs.mid",146
B-major-minor diminished pentachord,B-diminished triad,17/12,"Agnew, Roy, An Autumn Morning, KBcERxrDTPs.mid",147
B-diminished triad,B-half-diminished seventh chord,2/3,"Agnew, Roy, An Autumn Morning, KBcERxrDTPs.mid",148
B-half-diminished seventh chord,E-melodic minor ascending scale,1/6,"Agnew, Roy, An Autumn Morning, KBcERxrDTPs.mid",149
E-melodic minor ascending scale,A-dominant-ninth,1/6,"Agnew, Roy, An Autumn Morning, KBcERxrDTPs.mid",150
A-dominant-ninth,C#-half-diminished seventh chord,1/3,"Agnew, Roy, An Autumn Morning, KBcERxrDTPs.mid",151
C#-half-diminished seventh chord,C#-half-diminished seventh chord,2/3,"Agnew, Roy, An Autumn Morning, KBcERxrDTPs.mid",152
C#-half-diminished seventh chord,C#-half-diminished seventh chord,7/6,"Agnew, Roy, An Autumn Morning, KBcERxrDTPs.mid",153
C#-half-diminished seventh chord,C#-diminished triad,1/6,"Agnew, Roy, An Autumn Morning, KBcERxrDTPs.mid",154
C#-diminished triad,C-combinatorial I (I11),1/6,"Agnew, Roy, An Autumn Morning, KBcERxrDTPs.mid",155
C-combinatorial I (I11),C-combinatorial I (I11),1/6,"Agnew, Roy, An Autumn Morning, KBcERxrDTPs.mid",156
C-combinatorial I (I11),C-minor-augmented tetrachord,11/12,"Agnew, Roy, An Autumn Morning, KBcERxrDTPs.mid",157
C-minor-augmented tetrachord,C-Persian pentamirror,1/12,"Agnew, Roy, An Autumn Morning, KBcERxrDTPs.mid",158
C-Persian pentamirror,C-major-diminished tetrachord,2/3,"Agnew, Roy, An Autumn Morning, KBcERxrDTPs.mid",159
C-major-diminished tetrachord,C-major-diminished tetrachord,2/3,"Agnew, Roy, An Autumn Morning, KBcERxrDTPs.mid",160
C-major-diminished tetrachord,B-combinatorial I (I1),1/12,"Agnew, Roy, An Autumn Morning, KBcERxrDTPs.mid",161
B-combinatorial I (I1),B-diminished scale,0.25,"Agnew, Roy, An Autumn Morning, KBcERxrDTPs.mid",162
B-diminished scale,D-minor seventh chord,1.5,"Agnew, Roy, An Autumn Morning, KBcERxrDTPs.mid",163
D-minor seventh chord,D-minor seventh chord,1.0,"Agnew, Roy, An Autumn Morning, KBcERxrDTPs.mid",164
D-minor seventh chord,G-major scale,1/6,"Agnew, Roy, An Autumn Morning, KBcERxrDTPs.mid",165
G-major scale,E-phrygian pentachord,1/12,"Agnew, Roy, An Autumn Morning, KBcERxrDTPs.mid",166
E-phrygian pentachord,E-minor triad,0.25,"Agnew, Roy, An Autumn Morning, KBcERxrDTPs.mid",167
E-minor triad,E-minor triad,0.75,"Agnew, Roy, An Autumn Morning, KBcERxrDTPs.mid",168
E-minor triad,E-minor-diminished tetrachord,0.25,"Agnew, Roy, An Autumn Morning, KBcERxrDTPs.mid",169
E-minor-diminished tetrachord,E-diminished triad,1.25,"Agnew, Roy, An Autumn Morning, KBcERxrDTPs.mid",170
E-diminished triad,F-locrian hexachord,1/6,"Agnew, Roy, An Autumn Morning, KBcERxrDTPs.mid",171
F-locrian hexachord,F-major-ninth chord,1/12,"Agnew, Roy, An Autumn Morning, KBcERxrDTPs.mid",172
F-major-ninth chord,F-major seventh chord,1.5,"Agnew, Roy, An Autumn Morning, KBcERxrDTPs.mid",173
F-major seventh chord,E,1.0,"Agnew, Roy, An Autumn Morning, KBcERxrDTPs.mid",174
E,F-major-second major tetrachord,1.0,"Agnew, Roy, An Autumn Morning, KBcERxrDTPs.mid",175
F-major-second major tetrachord,E-major triad,0.75,"Agnew, Roy, An Autumn Morning, KBcERxrDTPs.mid",176
E-major triad,E-dominant seventh chord,0.25,"Agnew, Roy, An Autumn Morning, KBcERxrDTPs.mid",177
E-dominant seventh chord,E-dominant seventh chord,2/3,"Agnew, Roy, An Autumn Morning, KBcERxrDTPs.mid",178
E-dominant seventh chord,E-dominant seventh chord,1/12,"Agnew, Roy, An Autumn Morning, KBcERxrDTPs.mid",179
E-dominant seventh chord,E-major triad,0.75,"Agnew, Roy, An Autumn Morning, KBcERxrDTPs.mid",180
E-major triad,C-Roma (Gypsy) hepatonic,1/6,"Agnew, Roy, An Autumn Morning, KBcERxrDTPs.mid",181
C-Roma (Gypsy) hepatonic,C-Roma (Gypsy) hepatonic,1/12,"Agnew, Roy, An Autumn Morning, KBcERxrDTPs.mid",182
C-Roma (Gypsy) hepatonic,C-minor seventh chord,0.25,"Agnew, Roy, An Autumn Morning, KBcERxrDTPs.mid",183
C-minor seventh chord,C-minor seventh chord,7/6,"Agnew, Roy, An Autumn Morning, KBcERxrDTPs.mid",184
C-minor seventh chord,D-major triad,8/3,"Agnew, Roy, An Autumn Morning, KBcERxrDTPs.mid",185
D-major triad,D-major triad,0.25,"Agnew, Roy, An Autumn Morning, KBcERxrDTPs.mid",186
D-major triad,forte class 7-23A above D,1/12,"Agnew, Roy, An Autumn Morning, KBcERxrDTPs.mid",187
forte class 7-23A above D,E-all-interval tetrachord,1.0,"Agnew, Roy, An Autumn Morning, KBcERxrDTPs.mid",188
E-all-interval tetrachord,E-minor-diminished ninth chord,11/12,"Agnew, Roy, An Autumn Morning, KBcERxrDTPs.mid",189
E-minor-diminished ninth chord,E-minor-diminished ninth chord,13/12,"Agnew, Roy, An Autumn Morning, KBcERxrDTPs.mid",190
E-minor-diminished ninth chord,F-phrygian hexamirror,1/6,"Agnew, Roy, An Autumn Morning, KBcERxrDTPs.mid",191
F-phrygian hexamirror,A-minor seventh chord,0.5,"Agnew, Roy, An Autumn Morning, KBcERxrDTPs.mid",192
A-minor seventh chord,A-minor seventh chord,1.25,"Agnew, Roy, An Autumn Morning, KBcERxrDTPs.mid",193
A-minor seventh chord,A-minor seventh chord,5/6,"Agnew, Roy, An Autumn Morning, KBcERxrDTPs.mid",194
A-minor seventh chord,C-major triad,1/6,"Agnew, Roy, An Autumn Morning, KBcERxrDTPs.mid",195
C-major triad,A-minor seventh chord,1.0,"Agnew, Roy, An Autumn Morning, KBcERxrDTPs.mid",196
A-minor seventh chord,A-minor seventh chord,1/12,"Agnew, Roy, An Autumn Morning, KBcERxrDTPs.mid",197
A-minor seventh chord,A-minor seventh chord,2/3,"Agnew, Roy, An Autumn Morning, KBcERxrDTPs.mid",198
A-minor seventh chord,C-major triad,13/12,"Agnew, Roy, An Autumn Morning, KBcERxrDTPs.mid",199
C-major triad,G,8/3,"Agnew, Roy, An Autumn Morning, KBcERxrDTPs.mid",200
G,A-minor seventh chord,0.25,"Agnew, Roy, An Autumn Morning, KBcERxrDTPs.mid",201
A-minor seventh chord,A-minor triad,0.75,"Agnew, Roy, An Autumn Morning, KBcERxrDTPs.mid",202
A-minor triad,G-major pentachord,0.25,"Agnew, Roy, An Autumn Morning, KBcERxrDTPs.mid",203
G-major pentachord,G-major triad,0.75,"Agnew, Roy, An Autumn Morning, KBcERxrDTPs.mid",204
G-major triad,E-minor seventh chord,2/3,"Agnew, Roy, An Autumn Morning, KBcERxrDTPs.mid",205
E-minor seventh chord,E-incomplete dominant-seventh chord,1/12,"Agnew, Roy, An Autumn Morning, KBcERxrDTPs.mid",206
E-incomplete dominant-seventh chord,E-minor seventh chord,11/12,"Agnew, Roy, An Autumn Morning, KBcERxrDTPs.mid",207
E-minor seventh chord,F-major-ninth chord,1/12,"Agnew, Roy, An Autumn Morning, KBcERxrDTPs.mid",208
F-major-ninth chord,F-major seventh chord,0.25,"Agnew, Roy, An Autumn Morning, KBcERxrDTPs.mid",209
F-major seventh chord,F-major triad,2/3,"Agnew, Roy, An Autumn Morning, KBcERxrDTPs.mid",210
F-major triad,Major Sixth above C,7/12,"Agnew, Roy, An Autumn Morning, KBcERxrDTPs.mid",211
Major Sixth above C,A-minor triad,0.75,"Agnew, Roy, An Autumn Morning, KBcERxrDTPs.mid",212
A-minor triad,D-minor-ninth chord,1/6,"Agnew, Roy, An Autumn Morning, KBcERxrDTPs.mid",213
D-minor-ninth chord,D-major-second minor tetrachord,1/3,"Agnew, Roy, An Autumn Morning, KBcERxrDTPs.mid",214
D-major-second minor tetrachord,D-minor triad,1/6,"Agnew, Roy, An Autumn Morning, KBcERxrDTPs.mid",215
D-minor triad,D-minor triad,1/3,"Agnew, Roy, An Autumn Morning, KBcERxrDTPs.mid",216
D-minor triad,D-minor seventh chord,2/3,"Agnew, Roy, An Autumn Morning, KBcERxrDTPs.mid",217
D-minor seventh chord,B-diminished-major ninth chord,1/3,"Agnew, Roy, An Autumn Morning, KBcERxrDTPs.mid",218
B-diminished-major ninth chord,B-diminished-major ninth chord,0.5,"Agnew, Roy, An Autumn Morning, KBcERxrDTPs.mid",219
B-diminished-major ninth chord,D-major scale,1/6,"Agnew, Roy, An Autumn Morning, KBcERxrDTPs.mid",220
D-major scale,C-major triad,13/12,"Agnew, Roy, An Autumn Morning, KBcERxrDTPs.mid",221
C-major triad,C-major triad,1.5,"Agnew, Roy, An Autumn Morning, KBcERxrDTPs.mid",222
C-major triad,C-major triad,1/12,"Agnew, Roy, An Autumn Morning, KBcERxrDTPs.mid",223
C-major triad,C-locrian hexachord,1/6,"Agnew, Roy, An Autumn Morning, KBcERxrDTPs.mid",224
C-locrian hexachord,G-dominant seventh chord,0.5,"Agnew, Roy, An Autumn Morning, KBcERxrDTPs.mid",225
G-dominant seventh chord,G-dominant seventh chord,0.25,"Agnew, Roy, An Autumn Morning, KBcERxrDTPs.mid",226
G-dominant seventh chord,G-dominant-eleventh,1/12,"Agnew, Roy, An Autumn Morning, KBcERxrDTPs.mid",227
G-dominant-eleventh,F-major-second major tetrachord,2/3,"Agnew, Roy, An Autumn Morning, KBcERxrDTPs.mid",228
F-major-second major tetrachord,G-dominant-eleventh,7/12,"Agnew, Roy, An Autumn Morning, KBcERxrDTPs.mid",229
G-dominant-eleventh,G-dominant seventh chord,1/12,"Agnew, Roy, An Autumn Morning, KBcERxrDTPs.mid",230
G-dominant seventh chord,G-perfect-fourth major tetrachord,1/3,"Agnew, Roy, An Autumn Morning, KBcERxrDTPs.mid",231
G-perfect-fourth major tetrachord,Perfect Fourth above G,1/3,"Agnew, Roy, An Autumn Morning, KBcERxrDTPs.mid",232
Perfect Fourth above G,C-major triad,2/3,"Agnew, Roy, An Autumn Morning, KBcERxrDTPs.mid",233
C-major triad,C-major triad,0.75,"Agnew, Roy, An Autumn Morning, KBcERxrDTPs.mid",234
C-major triad,C-dominant-eleventh,0.25,"Agnew, Roy, An Autumn Morning, KBcERxrDTPs.mid",235
C-dominant-eleventh,C-dominant-eleventh,1/12,"Agnew, Roy, An Autumn Morning, KBcERxrDTPs.mid",236
C-dominant-eleventh,G-major pentatonic,1/12,"Agnew, Roy, An Autumn Morning, KBcERxrDTPs.mid",237
G-major pentatonic,G-minor seventh chord,1/3,"Agnew, Roy, An Autumn Morning, KBcERxrDTPs.mid",238
G-minor seventh chord,E-half-diminished seventh chord,0.5,"Agnew, Roy, An Autumn Morning, KBcERxrDTPs.mid",239
E-half-diminished seventh chord,E-half-diminished seventh chord,0.75,"Agnew, Roy, An Autumn Morning, KBcERxrDTPs.mid",240
E-half-diminished seventh chord,A-melodic minor ascending scale,1/12,"Agnew, Roy, An Autumn Morning, KBcERxrDTPs.mid",241
A-melodic minor ascending scale,A-melodic minor ascending scale,1/6,"Agnew, Roy, An Autumn Morning, KBcERxrDTPs.mid",242
A-melodic minor ascending scale,F#-half-diminished seventh chord,0.75,"Agnew, Roy, An Autumn Morning, KBcERxrDTPs.mid",243
F#-half-diminished seventh chord,F#-diminished triad,0.25,"Agnew, Roy, An Autumn Morning, KBcERxrDTPs.mid",244
F#-diminished triad,F#-diminished triad,0.75,"Agnew, Roy, An Autumn Morning, KBcERxrDTPs.mid",245
F#-diminished triad,F-major-diminished tetrachord,0.25,"Agnew, Roy, An Autumn Morning, KBcERxrDTPs.mid",246
F-major-diminished tetrachord,F-major-diminished tetrachord,1/3,"Agnew, Roy, An Autumn Morning, KBcERxrDTPs.mid",247
F-major-diminished tetrachord,D-Neapolitan pentachord,1/12,"Agnew, Roy, An Autumn Morning, KBcERxrDTPs.mid",248
D-Neapolitan pentachord,D-minor seventh chord,11/12,"Agnew, Roy, An Autumn Morning, KBcERxrDTPs.mid",249
D-minor seventh chord,D-minor-ninth chord,1/6,"Agnew, Roy, An Autumn Morning, KBcERxrDTPs.mid",250
D-minor-ninth chord,A-perfect-fourth minor tetrachord,0.5,"Agnew, Roy, An Autumn Morning, KBcERxrDTPs.mid",251
A-perfect-fourth minor tetrachord,D-minor-ninth chord,2/3,"Agnew, Roy, An Autumn Morning, KBcERxrDTPs.mid",252
D-minor-ninth chord,D-minor seventh chord,1/12,"Agnew, Roy, An Autumn Morning, KBcERxrDTPs.mid",253
D-minor seventh chord,G-major scale,1/12,"Agnew, Roy, An Autumn Morning, KBcERxrDTPs.mid",254
G-major scale,F-phrygian hexamirror,2/3,"Agnew, Roy, An Autumn Morning, KBcERxrDTPs.mid",255
F-phrygian hexamirror,F-phrygian hexamirror,0.5,"Agnew, Roy, An Autumn Morning, KBcERxrDTPs.mid",256
F-phrygian hexamirror,G-major scale,1.0,"Agnew, Roy, An Autumn Morning, KBcERxrDTPs.mid",257
G-major scale,F-phrygian hexamirror,0.25,"Agnew, Roy, An Autumn Morning, KBcERxrDTPs.mid",258
F-phrygian hexamirror,A-minor triad,1.0,"Agnew, Roy, An Autumn Morning, KBcERxrDTPs.mid",259
A-minor triad,A-minor triad,13/12,"Agnew, Roy, An Autumn Morning, KBcERxrDTPs.mid",260
A-minor triad,A-minor-diminished ninth chord,1/6,"Agnew, Roy, An Autumn Morning, KBcERxrDTPs.mid",261
A-minor-diminished ninth chord,C-dominant seventh chord,0.5,"Agnew, Roy, An Autumn Morning, KBcERxrDTPs.mid",262
C-dominant seventh chord,C-dominant seventh chord,1.75,"Agnew, Roy, An Autumn Morning, KBcERxrDTPs.mid",263
C-dominant seventh chord,F-locrian hexachord,1/12,"Agnew, Roy, An Autumn Morning, KBcERxrDTPs.mid",264
F-locrian hexachord,F-major triad,11/12,"Agnew, Roy, An Autumn Morning, KBcERxrDTPs.mid",265
F-major triad,D-minor seventh chord,0.75,"Agnew, Roy, An Autumn Morning, KBcERxrDTPs.mid",266
D-minor seventh chord,D-minor-ninth chord,0.5,"Agnew, Roy, An Autumn Morning, KBcERxrDTPs.mid",267
D-minor-ninth chord,C,0.25,"Agnew, Roy, An Autumn Morning, KBcERxrDTPs.mid",268
C,D-minor-ninth chord,0.25,"Agnew, Roy, An Autumn Morning, KBcERxrDTPs.mid",269
D-minor-ninth chord,E-major-minor tetramirror,0.25,"Agnew, Roy, An Autumn Morning, KBcERxrDTPs.mid",270
E-major-minor tetramirror,E-major-minor tetramirror,0.5,"Agnew, Roy, An Autumn Morning, KBcERxrDTPs.mid",271
E-major-minor tetramirror,E-major triad,0.5,"Agnew, Roy, An Autumn Morning, KBcERxrDTPs.mid",272
E-major triad,E-major-minor tetramirror,0.75,"Agnew, Roy, An Autumn Morning, KBcERxrDTPs.mid",273
E-major-minor tetramirror,E-major-minor-diminished pentachord,1/12,"Agnew, Roy, An Autumn Morning, KBcERxrDTPs.mid",274
E-major-minor-diminished pentachord,D-blues,1/6,"Agnew, Roy, An Autumn Morning, KBcERxrDTPs.mid",275
D-blues,D-harmonic minor scale,1/12,"Agnew, Roy, An Autumn Morning, KBcERxrDTPs.mid",276
D-harmonic minor scale,D-minor seventh chord,17/12,"Agnew, Roy, An Autumn Morning, KBcERxrDTPs.mid",277
D-minor seventh chord,D-minor seventh chord,0.5,"Agnew, Roy, An Autumn Morning, KBcERxrDTPs.mid",278
D-minor seventh chord,G-dominant-eleventh,1/6,"Agnew, Roy, An Autumn Morning, KBcERxrDTPs.mid",279
G-dominant-eleventh,G-dominant seventh chord,13/12,"Agnew, Roy, An Autumn Morning, KBcERxrDTPs.mid",280
G-dominant seventh chord,E-minor seventh chord,0.25,"Agnew, Roy, An Autumn Morning, KBcERxrDTPs.mid",281
E-minor seventh chord,E-minor seventh chord,1/3,"Agnew, Roy, An Autumn Morning, KBcERxrDTPs.mid",282
E-minor seventh chord,E-minor seventh chord,11/12,"Agnew, Roy, An Autumn Morning, KBcERxrDTPs.mid",283
E-minor seventh chord,E-minor-diminished ninth chord,0.75,"Agnew, Roy, An Autumn Morning, KBcERxrDTPs.mid",284
E-minor-diminished ninth chord,E-minor-diminished ninth chord,1/3,"Agnew, Roy, An Autumn Morning, KBcERxrDTPs.mid",285
E-minor-diminished ninth chord,E-minor-diminished ninth chord,1/12,"Agnew, Roy, An Autumn Morning, KBcERxrDTPs.mid",286
E-minor-diminished ninth chord,G-dominant seventh chord,7/12,"Agnew, Roy, An Autumn Morning, KBcERxrDTPs.mid",287
G-dominant seventh chord,G-major triad,0.25,"Agnew, Roy, An Autumn Morning, KBcERxrDTPs.mid",288
G-major triad,E-minor-diminished ninth chord,0.75,"Agnew, Roy, An Autumn Morning, KBcERxrDTPs.mid",289
E-minor-diminished ninth chord,G-major scale,1/12,"Agnew, Roy, An Autumn Morning, KBcERxrDTPs.mid",290
G-major scale,G-major scale,1/6,"Agnew, Roy, An Autumn Morning, KBcERxrDTPs.mid",291
G-major scale,A-minor triad,1.75,"Agnew, Roy, An Autumn Morning, KBcERxrDTPs.mid",292
A-minor triad,A-minor triad,0.25,"Agnew, Roy, An Autumn Morning, KBcERxrDTPs.mid",293
A-minor triad,C-major triad,0.75,"Agnew, Roy, An Autumn Morning, KBcERxrDTPs.mid",294
C-major triad,C-major triad,1.0,"Agnew, Roy, An Autumn Morning, KBcERxrDTPs.mid",295
C-major triad,A-minor seventh chord,1.0,"Agnew, Roy, An Autumn Morning, KBcERxrDTPs.mid",296
A-minor seventh chord,A-minor seventh chord,0.25,"Agnew, Roy, An Autumn Morning, KBcERxrDTPs.mid",297
A-minor seventh chord,C-major triad,0.75,"Agnew, Roy, An Autumn Morning, KBcERxrDTPs.mid",298
C-major triad,C,4.75,"Agnew, Roy, An Autumn Morning, KBcERxrDTPs.mid",299
C,C,0.5,"Agnew, Roy, An Autumn Morning, KBcERxrDTPs.mid",300
C,Major Sixth above G,3.5,"Agnew, Roy, An Autumn Morning, KBcERxrDTPs.mid",301
Major Sixth above G,Major Sixth above G,0.5,"Agnew, Roy, An Autumn Morning, KBcERxrDTPs.mid",302
Major Sixth above G,Major Sixth above G,1.0,"Agnew, Roy, An Autumn Morning, KBcERxrDTPs.mid",303
Major Sixth above G,F-dominant-ninth,1/6,"Agnew, Roy, An Autumn Morning, KBcERxrDTPs.mid",304
F-dominant-ninth,F-dominant seventh chord,5/6,"Agnew, Roy, An Autumn Morning, KBcERxrDTPs.mid",305
F-dominant seventh chord,F-dominant-ninth,0.75,"Agnew, Roy, An Autumn Morning, KBcERxrDTPs.mid",306
F-dominant-ninth,F-dominant-ninth,0.75,"Agnew, Roy, An Autumn Morning, KBcERxrDTPs.mid",307
F-dominant-ninth,F-major scale,1/6,"Agnew, Roy, An Autumn Morning, KBcERxrDTPs.mid",308
F-major scale,Bb-locrian hexachord,1/12,"Agnew, Roy, An Autumn Morning, KBcERxrDTPs.mid",309
Bb-locrian hexachord,Bb-major triad,0.25,"Agnew, Roy, An Autumn Morning, KBcERxrDTPs.mid",310
Bb-major triad,Bb-major triad,0.25,"Agnew, Roy, An Autumn Morning, KBcERxrDTPs.mid",311
Bb-major triad,Bb-major-second major tetrachord,7/12,"Agnew, Roy, An Autumn Morning, KBcERxrDTPs.mid",312
Bb-major-second major tetrachord,Bb-quartal trichord,1/6,"Agnew, Roy, An Autumn Morning, KBcERxrDTPs.mid",313
Bb-quartal trichord,Bb-major-second major tetrachord,0.75,"Agnew, Roy, An Autumn Morning, KBcERxrDTPs.mid",314
Bb-major-second major tetrachord,C-Guidonian hexachord,5/12,"Agnew, Roy, An Autumn Morning, KBcERxrDTPs.mid",315
C-Guidonian hexachord,C-minor-ninth chord,1/12,"Agnew, Roy, An Autumn Morning, KBcERxrDTPs.mid",316
C-minor-ninth chord,Eb-major seventh chord,0.5,"Agnew, Roy, An Autumn Morning, KBcERxrDTPs.mid",317
Eb-major seventh chord,C-minor-ninth chord,0.25,"Agnew, Roy, An Autumn Morning, KBcERxrDTPs.mid",318
C-minor-ninth chord,C-minor seventh chord,0.5,"Agnew, Roy, An Autumn Morning, KBcERxrDTPs.mid",319
C-minor seventh chord,Eb-major seventh chord,0.5,"Agnew, Roy, An Autumn Morning, KBcERxrDTPs.mid",320
Eb-major seventh chord,B-,2.75,"Agnew, Roy, An Autumn Morning, KBcERxrDTPs.mid",321
B-,Eb-major-ninth chord,0.25,"Agnew, Roy, An Autumn Morning, KBcERxrDTPs.mid",322
Eb-major-ninth chord,Eb-quartal trichord,0.5,"Agnew, Roy, An Autumn Morning, KBcERxrDTPs.mid",323
Eb-quartal trichord,Eb-quartal trichord,0.25,"Agnew, Roy, An Autumn Morning, KBcERxrDTPs.mid",324
Eb-quartal trichord,Perfect Fifth above Eb,0.5,"Agnew, Roy, An Autumn Morning, KBcERxrDTPs.mid",325
Perfect Fifth above Eb,Eb-incomplete major-seventh chord,5/6,"Agnew, Roy, An Autumn Morning, KBcERxrDTPs.mid",326
Eb-incomplete major-seventh chord,A-locrian pentachord,1/6,"Agnew, Roy, An Autumn Morning, KBcERxrDTPs.mid",327
A-locrian pentachord,A-locrian pentachord,0.25,"Agnew, Roy, An Autumn Morning, KBcERxrDTPs.mid",328
A-locrian pentachord,D-incomplete dominant-seventh chord,1.0,"Agnew, Roy, An Autumn Morning, KBcERxrDTPs.mid",329
D-incomplete dominant-seventh chord,D-minor seventh chord,0.25,"Agnew, Roy, An Autumn Morning, KBcERxrDTPs.mid",330
D-minor seventh chord,D-minor seventh chord,0.5,"Agnew, Roy, An Autumn Morning, KBcERxrDTPs.mid",331
D-minor seventh chord,G-Guidonian hexachord,1/6,"Agnew, Roy, An Autumn Morning, KBcERxrDTPs.mid",332
G-Guidonian hexachord,G-minor seventh chord,1/12,"Agnew, Roy, An Autumn Morning, KBcERxrDTPs.mid",333
G-minor seventh chord,G-minor triad,0.5,"Agnew, Roy, An Autumn Morning, KBcERxrDTPs.mid",334
G-minor triad,G-minor triad,0.75,"Agnew, Roy, An Autumn Morning, KBcERxrDTPs.mid",335
G-minor triad,G-minor seventh chord,0.75,"Agnew, Roy, An Autumn Morning, KBcERxrDTPs.mid",336
G-minor seventh chord,G-Guidonian hexachord,0.25,"Agnew, Roy, An Autumn Morning, KBcERxrDTPs.mid",337
G-Guidonian hexachord,D-major pentatonic,0.25,"Agnew, Roy, An Autumn Morning, KBcERxrDTPs.mid",338
D-major pentatonic,F-major-second major tetrachord,1/12,"Agnew, Roy, An Autumn Morning, KBcERxrDTPs.mid",339
F-major-second major tetrachord,F-major-second major tetrachord,2/3,"Agnew, Roy, An Autumn Morning, KBcERxrDTPs.mid",340
F-major-second major tetrachord,F-major-second major tetrachord,1/3,"Agnew, Roy, An Autumn Morning, KBcERxrDTPs.mid",341
F-major-second major tetrachord,F-major-second major tetrachord,2/3,"Agnew, Roy, An Autumn Morning, KBcERxrDTPs.mid",342
F-major-second major tetrachord,Perfect Fifth above F,0.25,"Agnew, Roy, An Autumn Morning, KBcERxrDTPs.mid",343
Perfect Fifth above F,F-quartal trichord,1/12,"Agnew, Roy, An Autumn Morning, KBcERxrDTPs.mid",344
F-quartal trichord,F-quartal trichord,2/3,"Agnew, Roy, An Autumn Morning, KBcERxrDTPs.mid",345
F-quartal trichord,F-major-second major tetrachord,0.5,"Agnew, Roy, An Autumn Morning, KBcERxrDTPs.mid",346
F-major-second major tetrachord,F-major-second major tetrachord,2/3,"Agnew, Roy, An Autumn Morning, KBcERxrDTPs.mid",347
F-major-second major tetrachord,F-major-second major tetrachord,1/6,"Agnew, Roy, An Autumn Morning, KBcERxrDTPs.mid",348
F-major-second major tetrachord,F-dominant-eleventh,1/6,"Agnew, Roy, An Autumn Morning, KBcERxrDTPs.mid",349
F-dominant-eleventh,A-diminished-major ninth chord,1/6,"Agnew, Roy, An Autumn Morning, KBcERxrDTPs.mid",350
A-diminished-major ninth chord,C-minor seventh chord,1/12,"Agnew, Roy, An Autumn Morning, KBcERxrDTPs.mid",351
C-minor seventh chord,C-minor seventh chord,0.25,"Agnew, Roy, An Autumn Morning, KBcERxrDTPs.mid",352
C-minor seventh chord,C-minor seventh chord,2/3,"Agnew, Roy, An Autumn Morning, KBcERxrDTPs.mid",353
C-minor seventh chord,C-minor seventh chord,5/6,"Agnew, Roy, An Autumn Morning, KBcERxrDTPs.mid",354
C-minor seventh chord,D-major scale,1/6,"Agnew, Roy, An Autumn Morning, KBcERxrDTPs.mid",355
D-major scale,D-major scale,1/6,"Agnew, Roy, An Autumn Morning, KBcERxrDTPs.mid",356
D-major scale,Bb-major-ninth chord,0.25,"Agnew, Roy, An Autumn Morning, KBcERxrDTPs.mid",357
Bb-major-ninth chord,D-minor seventh chord,0.25,"Agnew, Roy, An Autumn Morning, KBcERxrDTPs.mid",358
D-minor seventh chord,Bb-major-ninth chord,2/3,"Agnew, Roy, An Autumn Morning, KBcERxrDTPs.mid",359
Bb-major-ninth chord,Bb-major-ninth chord,0.75,"Agnew, Roy, An Autumn Morning, KBcERxrDTPs.mid",360
Bb-major-ninth chord,C-major scale,1/12,"Agnew, Roy, An Autumn Morning, KBcERxrDTPs.mid",361
C-major scale,C-major scale,1/6,"Agnew, Roy, An Autumn Morning, KBcERxrDTPs.mid",362
C-major scale,C-minor seventh chord,2/3,"Agnew, Roy, An Autumn Morning, KBcERxrDTPs.mid",363
C-minor seventh chord,A-diminished-major ninth chord,2/3,"Agnew, Roy, An Autumn Morning, KBcERxrDTPs.mid",364
A-diminished-major ninth chord,A-diminished-major ninth chord,2/3,"Agnew, Roy, An Autumn Morning, KBcERxrDTPs.mid",365
A-diminished-major ninth chord,Bb-major scale,0.25,"Agnew, Roy, An Autumn Morning, KBcERxrDTPs.mid",366
Bb-major scale,G-minor-ninth chord,1/12,"Agnew, Roy, An Autumn Morning, KBcERxrDTPs.mid",367
G-minor-ninth chord,Bb-major seventh chord,7/6,"Agnew, Roy, An Autumn Morning, KBcERxrDTPs.mid",368
Bb-major seventh chord,Bb-major seventh chord,0.5,"Agnew, Roy, An Autumn Morning, KBcERxrDTPs.mid",369
Bb-major seventh chord,Bb-major seventh chord,2/3,"Agnew, Roy, An Autumn Morning, KBcERxrDTPs.mid",370
Bb-major seventh chord,A-major scale,1/12,"Agnew, Roy, An Autumn Morning, KBcERxrDTPs.mid",371
A-major scale,A-major pentatonic,1/12,"Agnew, Roy, An Autumn Morning, KBcERxrDTPs.mid",372
A-major pentatonic,A-minor seventh chord,17/12,"Agnew, Roy, An Autumn Morning, KBcERxrDTPs.mid",373
A-minor seventh chord,A-minor seventh chord,1.0,"Agnew, Roy, An Autumn Morning, KBcERxrDTPs.mid",374
A-minor seventh chord,F-major-ninth chord,0.75,"Agnew, Roy, An Autumn Morning, KBcERxrDTPs.mid",375
F-major-ninth chord,F-major-ninth chord,0.25,"Agnew, Roy, An Autumn Morning, KBcERxrDTPs.mid",376
F-major-ninth chord,D-Guidonian hexachord,0.75,"Agnew, Roy, An Autumn Morning, KBcERxrDTPs.mid",377
D-Guidonian hexachord,D-major pentatonic,0.75,"Agnew, Roy, An Autumn Morning, KBcERxrDTPs.mid",378
D-major pentatonic,D-major pentatonic,1/6,"Agnew, Roy, An Autumn Morning, KBcERxrDTPs.mid",379
D-major pentatonic,D-major pentatonic,1/12,"Agnew, Roy, An Autumn Morning, KBcERxrDTPs.mid",380
D-major pentatonic,D-major pentatonic,1/6,"Agnew, Roy, An Autumn Morning, KBcERxrDTPs.mid",381
D-major pentatonic,D-quartal tetramirror,1/12,"Agnew, Roy, An Autumn Morning, KBcERxrDTPs.mid",382
D-quartal tetramirror,C-quartal trichord,13/12,"Agnew, Roy, An Autumn Morning, KBcERxrDTPs.mid",383
C-quartal trichord,A-quartal tetramirror,2/3,"Agnew, Roy, An Autumn Morning, KBcERxrDTPs.mid",384
A-quartal tetramirror,A-quartal tetramirror,1/3,"Agnew, Roy, An Autumn Morning, KBcERxrDTPs.mid",385
A-quartal tetramirror,C-quartal trichord,1/6,"Agnew, Roy, An Autumn Morning, KBcERxrDTPs.mid",386
C-quartal trichord,Perfect Fifth above G,19/12,"Agnew, Roy, An Autumn Morning, KBcERxrDTPs.mid",387
Perfect Fifth above G,Perfect Fifth above G,1/6,"Agnew, Roy, An Autumn Morning, KBcERxrDTPs.mid",388
Perfect Fifth above G,Perfect Fifth above G,1.25,"Agnew, Roy, An Autumn Morning, KBcERxrDTPs.mid",389
Perfect Fifth above G,C-minor seventh chord,1/12,"Agnew, Roy, An Autumn Morning, KBcERxrDTPs.mid",390
C-minor seventh chord,C-minor seventh chord,5/12,"Agnew, Roy, An Autumn Morning, KBcERxrDTPs.mid",391
C-minor seventh chord,C-minor seventh chord,1/3,"Agnew, Roy, An Autumn Morning, KBcERxrDTPs.mid",392
C-minor seventh chord,C-minor-ninth chord,2/3,"Agnew, Roy, An Autumn Morning, KBcERxrDTPs.mid",393
C-minor-ninth chord,C-major scale,0.75,"Agnew, Roy, An Autumn Morning, KBcERxrDTPs.mid",394
C-major scale,C-Guidonian hexachord,1/12,"Agnew, Roy, An Autumn Morning, KBcERxrDTPs.mid",395
C-Guidonian hexachord,C-major pentatonic,1/6,"Agnew, Roy, An Autumn Morning, KBcERxrDTPs.mid",396
C-major pentatonic,Eb-major-second major tetrachord,0.5,"Agnew, Roy, An Autumn Morning, KBcERxrDTPs.mid",397
Eb-major-second major tetrachord,Eb-major-ninth chord,0.5,"Agnew, Roy, An Autumn Morning, KBcERxrDTPs.mid",398
Eb-major-ninth chord,Eb-major seventh chord,0.25,"Agnew, Roy, An Autumn Morning, KBcERxrDTPs.mid",399
Eb-major seventh chord,Eb-major seventh chord,0.75,"Agnew, Roy, An Autumn Morning, KBcERxrDTPs.mid",400
Eb-major seventh chord,Eb-major seventh chord,0.25,"Agnew, Roy, An Autumn Morning, KBcERxrDTPs.mid",401
Eb-major seventh chord,Eb-major seventh chord,0.5,"Agnew, Roy, An Autumn Morning, KBcERxrDTPs.mid",402
Eb-major seventh chord,C-minor-ninth chord,7/12,"Agnew, Roy, An Autumn Morning, KBcERxrDTPs.mid",403
C-minor-ninth chord,C-minor-ninth chord,0.25,"Agnew, Roy, An Autumn Morning, KBcERxrDTPs.mid",404
C-minor-ninth chord,C-minor-ninth chord,1/6,"Agnew, Roy, An Autumn Morning, KBcERxrDTPs.mid",405
C-minor-ninth chord,C-minor-ninth chord,0.25,"Agnew, Roy, An Autumn Morning, KBcERxrDTPs.mid",406
C-minor-ninth chord,C-quartal tetramirror,1/12,"Agnew, Roy, An Autumn Morning, KBcERxrDTPs.mid",407
C-quartal tetramirror,C-quartal tetramirror,11/12,"Agnew, Roy, An Autumn Morning, KBcERxrDTPs.mid",408
C-quartal tetramirror,F-Kumoi pentachord,2/3,"Agnew, Roy, An Autumn Morning, KBcERxrDTPs.mid",409
F-Kumoi pentachord,F-Kumoi pentachord,1/3,"Agnew, Roy, An Autumn Morning, KBcERxrDTPs.mid",410
F-Kumoi pentachord,F-Kumoi pentachord,5/12,"Agnew, Roy, An Autumn Morning, KBcERxrDTPs.mid",411
F-Kumoi pentachord,F-dominant seventh chord,1/12,"Agnew, Roy, An Autumn Morning, KBcERxrDTPs.mid",412
F-dominant seventh chord,Eb-lydian pentachord,1/6,"Agnew, Roy, An Autumn Morning, KBcERxrDTPs.mid",413
Eb-lydian pentachord,Eb-major triad,7/12,"Agnew, Roy, An Autumn Morning, KBcERxrDTPs.mid",414
Eb-major triad,Eb-major-second major tetrachord,0.75,"Agnew, Roy, An Autumn Morning, KBcERxrDTPs.mid",415
Eb-major-second major tetrachord,Eb-major-second major tetrachord,0.75,"Agnew, Roy, An Autumn Morning, KBcERxrDTPs.mid",416
Eb-major-second major tetrachord,Eb-phrygian hexamirror,0.25,"Agnew, Roy, An Autumn Morning, KBcERxrDTPs.mid",417
Eb-phrygian hexamirror,D-minor triad,0.5,"Agnew, Roy, An Autumn Morning, KBcERxrDTPs.mid",418
D-minor triad,D-minor seventh chord,0.25,"Agnew, Roy, An Autumn Morning, KBcERxrDTPs.mid",419
D-minor seventh chord,D-minor seventh chord,0.25,"Agnew, Roy, An Autumn Morning, KBcERxrDTPs.mid",420
D-minor seventh chord,D-minor seventh chord,0.25,"Agnew, Roy, An Autumn Morning, KBcERxrDTPs.mid",421
D-minor seventh chord,G-Guidonian hexachord,0.75,"Agnew, Roy, An Autumn Morning, KBcERxrDTPs.mid",422
G-Guidonian hexachord,C-major scale,0.25,"Agnew, Roy, An Autumn Morning, KBcERxrDTPs.mid",423
C-major scale,C-major scale,1/6,"Agnew, Roy, An Autumn Morning, KBcERxrDTPs.mid",424
C-major scale,C-minor seventh chord,1/3,"Agnew, Roy, An Autumn Morning, KBcERxrDTPs.mid",425
C-minor seventh chord,A-diminished-major ninth chord,0.25,"Agnew, Roy, An Autumn Morning, KBcERxrDTPs.mid",426
A-diminished-major ninth chord,A-half-diminished seventh chord,0.5,"Agnew, Roy, An Autumn Morning, KBcERxrDTPs.mid",427
A-half-diminished seventh chord,F-dominant-ninth,1.0,"Agnew, Roy, An Autumn Morning, KBcERxrDTPs.mid",428
F-dominant-ninth,E-half-diminished seventh chord,0.5,"Agnew, Roy, An Autumn Morning, KBcERxrDTPs.mid",429
E-half-diminished seventh chord,E-half-diminished seventh chord,4/3,"Agnew, Roy, An Autumn Morning, KBcERxrDTPs.mid",430
E-half-diminished seventh chord,C-dominant-ninth,4/3,"Agnew, Roy, An Autumn Morning, KBcERxrDTPs.mid",431
C-dominant-ninth,F-Greek,1/12,"Agnew, Roy, An Autumn Morning, KBcERxrDTPs.mid",432
F-Greek,forte class 7-14B above F,1/12,"Agnew, Roy, An Autumn Morning, KBcERxrDTPs.mid",433
forte class 7-14B above F,F-dominant seventh chord,5/6,"Agnew, Roy, An Autumn Morning, KBcERxrDTPs.mid",434
F-dominant seventh chord,F-dominant-ninth,1/3,"Agnew, Roy, An Autumn Morning, KBcERxrDTPs.mid",435
F-dominant-ninth,F-dominant-ninth,1/3,"Agnew, Roy, An Autumn Morning, KBcERxrDTPs.mid",436
F-dominant-ninth,F-dominant-ninth,2/3,"Agnew, Roy, An Autumn Morning, KBcERxrDTPs.mid",437
F-dominant-ninth,D-dorian hexachord,1/12,"Agnew, Roy, An Autumn Morning, KBcERxrDTPs.mid",438
D-dorian hexachord,D-phrygian pentachord,1/6,"Agnew, Roy, An Autumn Morning, KBcERxrDTPs.mid",439
D-phrygian pentachord,Eb-phrygian hexamirror,1/12,"Agnew, Roy, An Autumn Morning, KBcERxrDTPs.mid",440
Eb-phrygian hexamirror,Bb-major triad,5/12,"Agnew, Roy, An Autumn Morning, KBcERxrDTPs.mid",441
Bb-major triad,Bb-quartal trichord,7/12,"Agnew, Roy, An Autumn Morning, KBcERxrDTPs.mid",442
Bb-quartal trichord,Bb-quartal trichord,1/6,"Agnew, Roy, An Autumn Morning, KBcERxrDTPs.mid",443
Bb-quartal trichord,Bb-major-second major tetrachord,0.75,"Agnew, Roy, An Autumn Morning, KBcERxrDTPs.mid",444
Bb-major-second major tetrachord,C-Guidonian hexachord,0.25,"Agnew, Roy, An Autumn Morning, KBcERxrDTPs.mid",445
C-Guidonian hexachord,Eb-major triad,0.5,"Agnew, Roy, An Autumn Morning, KBcERxrDTPs.mid",446
Eb-major triad,C-minor seventh chord,0.75,"Agnew, Roy, An Autumn Morning, KBcERxrDTPs.mid",447
C-minor seventh chord,Eb-major seventh chord,7/12,"Agnew, Roy, An Autumn Morning, KBcERxrDTPs.mid",448
Eb-major seventh chord,Eb-major-ninth chord,1/6,"Agnew, Roy, An Autumn Morning, KBcERxrDTPs.mid",449
Eb-major-ninth chord,Eb-major-second major tetrachord,1/12,"Agnew, Roy, An Autumn Morning, KBcERxrDTPs.mid",450
Eb-major-second major tetrachord,Eb-quartal trichord,5/12,"Agnew, Roy, An Autumn Morning, KBcERxrDTPs.mid",451
Eb-quartal trichord,Eb-quartal trichord,1/3,"Agnew, Roy, An Autumn Morning, KBcERxrDTPs.mid",452
Eb-quartal trichord,Perfect Fourth above Bb,5/12,"Agnew, Roy, An Autumn Morning, KBcERxrDTPs.mid",453
Perfect Fourth above Bb,Eb-incomplete major-seventh chord,0.75,"Agnew, Roy, An Autumn Morning, KBcERxrDTPs.mid",454
Eb-incomplete major-seventh chord,A-locrian pentachord,1/6,"Agnew, Roy, An Autumn Morning, KBcERxrDTPs.mid",455
A-locrian pentachord,A-locrian pentachord,1/12,"Agnew, Roy, An Autumn Morning, KBcERxrDTPs.mid",456
A-locrian pentachord,Bb-phrygian tetrachord,1/6,"Agnew, Roy, An Autumn Morning, KBcERxrDTPs.mid",457
Bb-phrygian tetrachord,D-incomplete dominant-seventh chord,1/12,"Agnew, Roy, An Autumn Morning, KBcERxrDTPs.mid",458
D-incomplete dominant-seventh chord,D-incomplete dominant-seventh chord,1.0,"Agnew, Roy, An Autumn Morning, KBcERxrDTPs.mid",459
D-incomplete dominant-seventh chord,D-minor seventh chord,2/3,"Agnew, Roy, An Autumn Morning, KBcERxrDTPs.mid",460
D-minor seventh chord,G-Guidonian hexachord,1/6,"Agnew, Roy, An Autumn Morning, KBcERxrDTPs.mid",461
G-Guidonian hexachord,G-minor seventh chord,1/6,"Agnew, Roy, An Autumn Morning, KBcERxrDTPs.mid",462
G-minor seventh chord,G-minor triad,1/3,"Agnew, Roy, An Autumn Morning, KBcERxrDTPs.mid",463
G-minor triad,G-minor triad,2/3,"Agnew, Roy, An Autumn Morning, KBcERxrDTPs.mid",464
G-minor triad,G-minor seventh chord,1.0,"Agnew, Roy, An Autumn Morning, KBcERxrDTPs.mid",465
G-minor seventh chord,D,1/6,"Agnew, Roy, An Autumn Morning, KBcERxrDTPs.mid",466
D,G-Guidonian hexachord,1/12,"Agnew, Roy, An Autumn Morning, KBcERxrDTPs.mid",467
G-Guidonian hexachord,F-major pentachord,1/12,"Agnew, Roy, An Autumn Morning, KBcERxrDTPs.mid",468
F-major pentachord,F-major-second major tetrachord,4/3,"Agnew, Roy, An Autumn Morning, KBcERxrDTPs.mid",469
F-major-second major tetrachord,F-major-second major tetrachord,2/3,"Agnew, Roy, An Autumn Morning, KBcERxrDTPs.mid",470
F-major-second major tetrachord,F-major-second major tetrachord,1/12,"Agnew, Roy, An Autumn Morning, KBcERxrDTPs.mid",471
F-major-second major tetrachord,Perfect Fifth above F,1/12,"Agnew, Roy, An Autumn Morning, KBcERxrDTPs.mid",472
Perfect Fifth above F,F-quartal trichord,11/12,"Agnew, Roy, An Autumn Morning, KBcERxrDTPs.mid",473
F-quartal trichord,F-major-second major tetrachord,0.5,"Agnew, Roy, An Autumn Morning, KBcERxrDTPs.mid",474
F-major-second major tetrachord,F-major-second major tetrachord,0.25,"Agnew, Roy, An Autumn Morning, KBcERxrDTPs.mid",475
F-major-second major tetrachord,F-major-second major tetrachord,5/12,"Agnew, Roy, An Autumn Morning, KBcERxrDTPs.mid",476
F-major-second major tetrachord,F-major-second major tetrachord,0.25,"Agnew, Roy, An Autumn Morning, KBcERxrDTPs.mid",477
F-major-second major tetrachord,F-dominant-eleventh,1/12,"Agnew, Roy, An Autumn Morning, KBcERxrDTPs.mid",478
F-dominant-eleventh,C-major pentatonic,1/12,"Agnew, Roy, An Autumn Morning, KBcERxrDTPs.mid",479
C-major pentatonic,C-major pentatonic,1/6,"Agnew, Roy, An Autumn Morning, KBcERxrDTPs.mid",480
C-major pentatonic,C-minor seventh chord,2/3,"Agnew, Roy, An Autumn Morning, KBcERxrDTPs.mid",481
C-minor seventh chord,Eb-major triad,1/3,"Agnew, Roy, An Autumn Morning, KBcERxrDTPs.mid",482
Eb-major triad,C-minor seventh chord,0.75,"Agnew, Roy, An Autumn Morning, KBcERxrDTPs.mid",483
C-minor seventh chord,D-major scale,1/6,"Agnew, Roy, An Autumn Morning, KBcERxrDTPs.mid",484
D-major scale,D-minor seventh chord,7/12,"Agnew, Roy, An Autumn Morning, KBcERxrDTPs.mid",485
D-minor seventh chord,Bb-major-ninth chord,0.5,"Agnew, Roy, An Autumn Morning, KBcERxrDTPs.mid",486
Bb-major-ninth chord,Bb-major-ninth chord,0.25,"Agnew, Roy, An Autumn Morning, KBcERxrDTPs.mid",487
Bb-major-ninth chord,Bb-major-ninth chord,0.75,"Agnew, Roy, An Autumn Morning, KBcERxrDTPs.mid",488
Bb-major-ninth chord,D-minor seventh chord,0.25,"Agnew, Roy, An Autumn Morning, KBcERxrDTPs.mid",489
D-minor seventh chord,C-major scale,1/6,"Agnew, Roy, An Autumn Morning, KBcERxrDTPs.mid",490
C-major scale,A-diminished-major ninth chord,0.5,"Agnew, Roy, An Autumn Morning, KBcERxrDTPs.mid",491
A-diminished-major ninth chord,C-minor seventh chord,1/12,"Agnew, Roy, An Autumn Morning, KBcERxrDTPs.mid",492
C-minor seventh chord,A-diminished-major ninth chord,2/3,"Agnew, Roy, An Autumn Morning, KBcERxrDTPs.mid",493
A-diminished-major ninth chord,A-diminished-major ninth chord,5/6,"Agnew, Roy, An Autumn Morning, KBcERxrDTPs.mid",494
A-diminished-major ninth chord,Bb-major scale,1/6,"Agnew, Roy, An Autumn Morning, KBcERxrDTPs.mid",495
Bb-major scale,Bb-major scale,1/12,"Agnew, Roy, An Autumn Morning, KBcERxrDTPs.mid",496
Bb-major scale,Bb-major seventh chord,0.25,"Agnew, Roy, An Autumn Morning, KBcERxrDTPs.mid",497
Bb-major seventh chord,Bb-major seventh chord,1.0,"Agnew, Roy, An Autumn Morning, KBcERxrDTPs.mid",498
Bb-major seventh chord,Bb-major seventh chord,1.25,"Agnew, Roy, An Autumn Morning, KBcERxrDTPs.mid",499
Bb-major seventh chord,A-major scale,0.25,"Agnew, Roy, An Autumn Morning, KBcERxrDTPs.mid",500
A-major scale,A-minor seventh chord,1.5,"Agnew, Roy, An Autumn Morning, KBcERxrDTPs.mid",501
A-minor seventh chord,A-minor seventh chord,2.0,"Agnew, Roy, An Autumn Morning, KBcERxrDTPs.mid",502
A-minor seventh chord,F-major-ninth chord,1.0,"Agnew, Roy, An Autumn Morning, KBcERxrDTPs.mid",503
F-major-ninth chord,D-Guidonian hexachord,1.0,"Agnew, Roy, An Autumn Morning, KBcERxrDTPs.mid",504
D-Guidonian hexachord,A-minor seventh chord,1.0,"Agnew, Roy, An Autumn Morning, KBcERxrDTPs.mid",505
A-minor seventh chord,D-incomplete minor-seventh chord,1.0,"Agnew, Roy, An Autumn Morning, KBcERxrDTPs.mid",506
D-incomplete minor-seventh chord,D-quartal tetramirror,1/3,"Agnew, Roy, An Autumn Morning, KBcERxrDTPs.mid",507
D-quartal tetramirror,D-quartal tetramirror,1/6,"Agnew, Roy, An Autumn Morning, KBcERxrDTPs.mid",508
D-quartal tetramirror,C-quartal trichord,1.75,"Agnew, Roy, An Autumn Morning, KBcERxrDTPs.mid",509
C-quartal trichord,A-quartal tetramirror,0.75,"Agnew, Roy, An Autumn Morning, KBcERxrDTPs.mid",510
A-quartal tetramirror,A-quartal tetramirror,0.25,"Agnew, Roy, An Autumn Morning, KBcERxrDTPs.mid",511
A-quartal tetramirror,A-quartal tetramirror,0.25,"Agnew, Roy, An Autumn Morning, KBcERxrDTPs.mid",512
A-quartal tetramirror,G-quartal trichord,0.25,"Agnew, Roy, An Autumn Morning, KBcERxrDTPs.mid",513
G-quartal trichord,Perfect Fifth above G,3.25,"Agnew, Roy, An Autumn Morning, KBcERxrDTPs.mid",514
Perfect Fifth above G,Perfect Fifth above G,0.25,"Agnew, Roy, An Autumn Morning, KBcERxrDTPs.mid",515
Perfect Fifth above G,A-Kumoi pentachord,1/12,"Agnew, Roy, An Autumn Morning, KBcERxrDTPs.mid",516
A-Kumoi pentachord,A-half-diminished seventh chord,1/6,"Agnew, Roy, An Autumn Morning, KBcERxrDTPs.mid",517
A-half-diminished seventh chord,A-diminished triad,0.5,"Agnew, Roy, An Autumn Morning, KBcERxrDTPs.mid",518
A-diminished triad,A-half-diminished seventh chord,0.75,"Agnew, Roy, An Autumn Morning, KBcERxrDTPs.mid",519
A-half-diminished seventh chord,A-diminished-major ninth chord,0.75,"Agnew, Roy, An Autumn Morning, KBcERxrDTPs.mid",520
A-diminished-major ninth chord,Bb-locrian hexachord,1/12,"Agnew, Roy, An Autumn Morning, KBcERxrDTPs.mid",521
Bb-locrian hexachord,Bb-major seventh chord,1/6,"Agnew, Roy, An Autumn Morning, KBcERxrDTPs.mid",522
Bb-major seventh chord,D-minor triad,1.25,"Agnew, Roy, An Autumn Morning, KBcERxrDTPs.mid",523
D-minor triad,D-minor triad,0.75,"Agnew, Roy, An Autumn Morning, KBcERxrDTPs.mid",524
D-minor triad,D-phrygian pentachord,0.25,"Agnew, Roy, An Autumn Morning, KBcERxrDTPs.mid",525
D-phrygian pentachord,Major Third above Eb,2/3,"Agnew, Roy, An Autumn Morning, KBcERxrDTPs.mid",526
Major Third above Eb,C-minor triad,2/3,"Agnew, Roy, An Autumn Morning, KBcERxrDTPs.mid",527
C-minor triad,C-minor seventh chord,1/12,"Agnew, Roy, An Autumn Morning, KBcERxrDTPs.mid",528
C-minor seventh chord,Eb-major triad,7/12,"Agnew, Roy, An Autumn Morning, KBcERxrDTPs.mid",529
Eb-major triad,C-minor seventh chord,1/3,"Agnew, Roy, An Autumn Morning, KBcERxrDTPs.mid",530
C-minor seventh chord,C-minor triad,2/3,"Agnew, Roy, An Autumn Morning, KBcERxrDTPs.mid",531
C-minor triad,C-minor triad,0.5,"Agnew, Roy, An Autumn Morning, KBcERxrDTPs.mid",532
C-minor triad,A-half-diminished seventh chord,5/6,"Agnew, Roy, An Autumn Morning, KBcERxrDTPs.mid",533
A-half-diminished seventh chord,A-minor hexachord,1/6,"Agnew, Roy, An Autumn Morning, KBcERxrDTPs.mid",534
A-minor hexachord,G-dorian pentachord,0.25,"Agnew, Roy, An Autumn Morning, KBcERxrDTPs.mid",535
G-dorian pentachord,G-perfect-fourth minor tetrachord,1.5,"Agnew, Roy, An Autumn Morning, KBcERxrDTPs.mid",536
G-perfect-fourth minor tetrachord,G-major pentatonic,0.75,"Agnew, Roy, An Autumn Morning, KBcERxrDTPs.mid",537
G-major pentatonic,G-major pentatonic,0.25,"Agnew, Roy, An Autumn Morning, KBcERxrDTPs.mid",538
G-major pentatonic,G-Guidonian hexachord,1/12,"Agnew, Roy, An Autumn Morning, KBcERxrDTPs.mid",539
G-Guidonian hexachord,D-minor triad,1/6,"Agnew, Roy, An Autumn Morning, KBcERxrDTPs.mid",540
D-minor triad,Perfect Fifth above D,1.0,"Agnew, Roy, An Autumn Morning, KBcERxrDTPs.mid",541
Perfect Fifth above D,D-quartal trichord,1.0,"Agnew, Roy, An Autumn Morning, KBcERxrDTPs.mid",542
D-quartal trichord,Perfect Fifth above D,1.25,"Agnew, Roy, An Autumn Morning, KBcERxrDTPs.mid",543
Perfect Fifth above D,E-Kumoi pentachord,0.25,"Agnew, Roy, An Autumn Morning, KBcERxrDTPs.mid",544
E-Kumoi pentachord,E-diminished triad,10/3,"Agnew, Roy, An Autumn Morning, KBcERxrDTPs.mid",545
E-diminished triad,C-dominant seventh chord,5/12,"Agnew, Roy, An Autumn Morning, KBcERxrDTPs.mid",546
C-dominant seventh chord,C-incomplete dominant-seventh chord,0.25,"Agnew, Roy, An Autumn Morning, KBcERxrDTPs.mid",547
C-incomplete dominant-seventh chord,C-incomplete dominant-seventh chord,3.0,"Agnew, Roy, An Autumn Morning, KBcERxrDTPs.mid",548
C-incomplete dominant-seventh chord,C,1.0,"Agnew, Roy, An Autumn Morning, KBcERxrDTPs.mid",549
C,C,0.25,"Agnew, Roy, An Autumn Morning, KBcERxrDTPs.mid",550
C,D-minor seventh chord,1/12,"Agnew, Roy, An Autumn Morning, KBcERxrDTPs.mid",551
D-minor seventh chord,D-minor triad,4/3,"Agnew, Roy, An Autumn Morning, KBcERxrDTPs.mid",552
D-minor triad,D-major-second minor tetrachord,1/12,"Agnew, Roy, An Autumn Morning, KBcERxrDTPs.mid",553
D-major-second minor tetrachord,D-minor-ninth chord,0.75,"Agnew, Roy, An Autumn Morning, KBcERxrDTPs.mid",554
D-minor-ninth chord,B-minor hexachord,0.75,"Agnew, Roy, An Autumn Morning, KBcERxrDTPs.mid",555
B-minor hexachord,A-minor triad,0.75,"Agnew, Roy, An Autumn Morning, KBcERxrDTPs.mid",556
A-minor triad,A-minor triad,2/3,"Agnew, Roy, An Autumn Morning, KBcERxrDTPs.mid",557
A-minor triad,A-dorian pentachord,1/3,"Agnew, Roy, An Autumn Morning, KBcERxrDTPs.mid",558
A-dorian pentachord,A-dorian pentachord,5/12,"Agnew, Roy, An Autumn Morning, KBcERxrDTPs.mid",559
A-dorian pentachord,A-minor triad,1/12,"Agnew, Roy, An Autumn Morning, KBcERxrDTPs.mid",560
A-minor triad,A-minor seventh chord,0.75,"Agnew, Roy, An Autumn Morning, KBcERxrDTPs.mid",561
A-minor seventh chord,A-minor seventh chord,0.75,"Agnew, Roy, An Autumn Morning, KBcERxrDTPs.mid",562
A-minor seventh chord,A-minor seventh chord,2/3,"Agnew, Roy, An Autumn Morning, KBcERxrDTPs.mid",563
A-minor seventh chord,A-minor-ninth chord,1/12,"Agnew, Roy, An Autumn Morning, KBcERxrDTPs.mid",564
A-minor-ninth chord,A-minor-ninth chord,1/6,"Agnew, Roy, An Autumn Morning, KBcERxrDTPs.mid",565
A-minor-ninth chord,C-major seventh chord,1/12,"Agnew, Roy, An Autumn Morning, KBcERxrDTPs.mid",566
C-major seventh chord,C-major seventh chord,0.5,"Agnew, Roy, An Autumn Morning, KBcERxrDTPs.mid",567
C-major seventh chord,A-minor-ninth chord,0.75,"Agnew, Roy, An Autumn Morning, KBcERxrDTPs.mid",568
A-minor-ninth chord,A-minor-ninth chord,2/3,"Agnew, Roy, An Autumn Morning, KBcERxrDTPs.mid",569
A-minor-ninth chord,Major Second above G,1/12,"Agnew, Roy, An Autumn Morning, KBcERxrDTPs.mid",570
Major Second above G,F-major-ninth chord,0.25,"Agnew, Roy, An Autumn Morning, KBcERxrDTPs.mid",571
F-major-ninth chord,F-major seventh chord,0.25,"Agnew, Roy, An Autumn Morning, KBcERxrDTPs.mid",572
F-major seventh chord,F-major seventh chord,1.0,"Agnew, Roy, An Autumn Morning, KBcERxrDTPs.mid",573
F-major seventh chord,F-major seventh chord,0.5,"Agnew, Roy, An Autumn Morning, KBcERxrDTPs.mid",574
F-major seventh chord,F-major seventh chord,0.5,"Agnew, Roy, An Autumn Morning, KBcERxrDTPs.mid",575
F-major seventh chord,F-major scale,1/6,"Agnew, Roy, An Autumn Morning, KBcERxrDTPs.mid",576
F-major scale,C-major-ninth chord,1/12,"Agnew, Roy, An Autumn Morning, KBcERxrDTPs.mid",577
C-major-ninth chord,E-minor seventh chord,7/12,"Agnew, Roy, An Autumn Morning, KBcERxrDTPs.mid",578
E-minor seventh chord,E-minor-diminished ninth chord,2/3,"Agnew, Roy, An Autumn Morning, KBcERxrDTPs.mid",579
E-minor-diminished ninth chord,E-minor-diminished ninth chord,0.75,"Agnew, Roy, An Autumn Morning, KBcERxrDTPs.mid",580
E-minor-diminished ninth chord,C-major scale,0.25,"Agnew, Roy, An Autumn Morning, KBcERxrDTPs.mid",581
C-major scale,A-minor triad,1.0,"Agnew, Roy, An Autumn Morning, KBcERxrDTPs.mid",582
A-minor triad,A-minor triad,0.25,"Agnew, Roy, An Autumn Morning, KBcERxrDTPs.mid",583
A-minor triad,A-minor triad,0.75,"Agnew, Roy, An Autumn Morning, KBcERxrDTPs.mid",584
A-minor triad,A-Guidonian hexachord,1/12,"Agnew, Roy, An Autumn Morning, KBcERxrDTPs.mid",585
A-Guidonian hexachord,E-minor seventh chord,1/6,"Agnew, Roy, An Autumn Morning, KBcERxrDTPs.mid",586
E-minor seventh chord,E-minor seventh chord,0.5,"Agnew, Roy, An Autumn Morning, KBcERxrDTPs.mid",587
E-minor seventh chord,E-minor seventh chord,0.75,"Agnew, Roy, An Autumn Morning, KBcERxrDTPs.mid",588
E-minor seventh chord,E-minor seventh chord,5/6,"Agnew, Roy, An Autumn Morning, KBcERxrDTPs.mid",589
E-minor seventh chord,C-locrian hexachord,1/6,"Agnew, Roy, An Autumn Morning, KBcERxrDTPs.mid",590
C-locrian hexachord,F-incomplete major-seventh chord,1/6,"Agnew, Roy, An Autumn Morning, KBcERxrDTPs.mid",591
F-incomplete major-seventh chord,D-lydian tetrachord,1/3,"Agnew, Roy, An Autumn Morning, KBcERxrDTPs.mid",592
D-lydian tetrachord,D-minor-ninth chord,5/12,"Agnew, Roy, An Autumn Morning, KBcERxrDTPs.mid",593
D-minor-ninth chord,F-major seventh chord,1/3,"Agnew, Roy, An Autumn Morning, KBcERxrDTPs.mid",594
F-major seventh chord,F-major seventh chord,1/12,"Agnew, Roy, An Autumn Morning, KBcERxrDTPs.mid",595
F-major seventh chord,F-major seventh chord,2/3,"Agnew, Roy, An Autumn Morning, KBcERxrDTPs.mid",596
F-major seventh chord,C-locrian hexachord,1/12,"Agnew, Roy, An Autumn Morning, KBcERxrDTPs.mid",597
C-locrian hexachord,G-major triad,17/12,"Agnew, Roy, An Autumn Morning, KBcERxrDTPs.mid",598
G-major triad,G-major triad,1.0,"Agnew, Roy, An Autumn Morning, KBcERxrDTPs.mid",599
G-major triad,A-minor triad,4/3,"Agnew, Roy, An Autumn Morning, KBcERxrDTPs.mid",600
A-minor triad,A-minor triad,17/12,"Agnew, Roy, An Autumn Morning, KBcERxrDTPs.mid",601
A-minor triad,A-minor-ninth chord,1/3,"Agnew, Roy, An Autumn Morning, KBcERxrDTPs.mid",602
A-minor-ninth chord,A-minor-ninth chord,1/6,"Agnew, Roy, An Autumn Morning, KBcERxrDTPs.mid",603
A-minor-ninth chord,E-minor triad,0.5,"Agnew, Roy, An Autumn Morning, KBcERxrDTPs.mid",604
E-minor triad,C-major seventh chord,0.25,"Agnew, Roy, An Autumn Morning, KBcERxrDTPs.mid",605
C-major seventh chord,C-major seventh chord,0.5,"Agnew, Roy, An Autumn Morning, KBcERxrDTPs.mid",606
C-major seventh chord,C-major-ninth chord,0.75,"Agnew, Roy, An Autumn Morning, KBcERxrDTPs.mid",607
C-major-ninth chord,F-major scale,1/6,"Agnew, Roy, An Autumn Morning, KBcERxrDTPs.mid",608
F-major scale,D-minor seventh chord,7/12,"Agnew, Roy, An Autumn Morning, KBcERxrDTPs.mid",609
D-minor seventh chord,D-minor-ninth chord,2/3,"Agnew, Roy, An Autumn Morning, KBcERxrDTPs.mid",610
D-minor-ninth chord,B-minor hexachord,1/12,"Agnew, Roy, An Autumn Morning, KBcERxrDTPs.mid",611
B-minor hexachord,B-minor hexachord,2/3,"Agnew, Roy, An Autumn Morning, KBcERxrDTPs.mid",612
B-minor hexachord,F-major seventh chord,1/12,"Agnew, Roy, An Autumn Morning, KBcERxrDTPs.mid",613
F-major seventh chord,F-major triad,1/12,"Agnew, Roy, An Autumn Morning, KBcERxrDTPs.mid",614
F-major triad,F-major triad,5/12,"Agnew, Roy, An Autumn Morning, KBcERxrDTPs.mid",615
F-major triad,F-major triad,1.0,"Agnew, Roy, An Autumn Morning, KBcERxrDTPs.mid",616
F-major triad,B-diminished-major ninth chord,1.0,"Agnew, Roy, An Autumn Morning, KBcERxrDTPs.mid",617
B-diminished-major ninth chord,C-major scale,0.25,"Agnew, Roy, An Autumn Morning, KBcERxrDTPs.mid",618
C-major scale,C-major triad,0.5,"Agnew, Roy, An Autumn Morning, KBcERxrDTPs.mid",619
C-major triad,C-major seventh chord,0.75,"Agnew, Roy, An Autumn Morning, KBcERxrDTPs.mid",620
C-major seventh chord,C-major triad,0.5,"Agnew, Roy, An Autumn Morning, KBcERxrDTPs.mid",621
C-major triad,C-major triad,1/3,"Agnew, Roy, An Autumn Morning, KBcERxrDTPs.mid",622
C-major triad,A-minor seventh chord,1/6,"Agnew, Roy, An Autumn Morning, KBcERxrDTPs.mid",623
A-minor seventh chord,A-minor seventh chord,7/6,"Agnew, Roy, An Autumn Morning, KBcERxrDTPs.mid",624
A-minor seventh chord,A-minor seventh chord,1/6,"Agnew, Roy, An Autumn Morning, KBcERxrDTPs.mid",625
A-minor seventh chord,C-major triad,11/6,"Agnew, Roy, An Autumn Morning, KBcERxrDTPs.mid",626
C-major triad,C-major seventh chord,0.25,"Agnew, Roy, An Autumn Morning, KBcERxrDTPs.mid",627
C-major seventh chord,C-major seventh chord,1/12,"Agnew, Roy, An Autumn Morning, KBcERxrDTPs.mid",628
C-major seventh chord,E-minor triad,0.5,"Agnew, Roy, An Autumn Morning, KBcERxrDTPs.mid",629
E-minor triad,C-major seventh chord,0.75,"Agnew, Roy, An Autumn Morning, KBcERxrDTPs.mid",630
C-major seventh chord,C-major-ninth chord,0.5,"Agnew, Roy, An Autumn Morning, KBcERxrDTPs.mid",631
C-major-ninth chord,C-phrygian hexamirror,1/6,"Agnew, Roy, An Autumn Morning, KBcERxrDTPs.mid",632
C-phrygian hexamirror,D-whole-tone tetramirror,1/12,"Agnew, Roy, An Autumn Morning, KBcERxrDTPs.mid",633
D-whole-tone tetramirror,D-whole-tone tetramirror,0.25,"Agnew, Roy, An Autumn Morning, KBcERxrDTPs.mid",634
D-whole-tone tetramirror,D-whole-tone tetramirror,0.75,"Agnew, Roy, An Autumn Morning, KBcERxrDTPs.mid",635
D-whole-tone tetramirror,D-dominant-ninth,1.0,"Agnew, Roy, An Autumn Morning, KBcERxrDTPs.mid",636
D-dominant-ninth,B-dorian hexachord,1/12,"Agnew, Roy, An Autumn Morning, KBcERxrDTPs.mid",637
B-dorian hexachord,B-minor tetramirror,1/6,"Agnew, Roy, An Autumn Morning, KBcERxrDTPs.mid",638
B-minor tetramirror,G-major triad,0.5,"Agnew, Roy, An Autumn Morning, KBcERxrDTPs.mid",639
G-major triad,G-major triad,0.25,"Agnew, Roy, An Autumn Morning, KBcERxrDTPs.mid",640
G-major triad,G-major triad,0.5,"Agnew, Roy, An Autumn Morning, KBcERxrDTPs.mid",641
G-major triad,G-major triad,0.75,"Agnew, Roy, An Autumn Morning, KBcERxrDTPs.mid",642
G-major triad,G-dominant-eleventh,0.25,"Agnew, Roy, An Autumn Morning, KBcERxrDTPs.mid",643
G-dominant-eleventh,F-major-second major tetrachord,1/12,"Agnew, Roy, An Autumn Morning, KBcERxrDTPs.mid",644
F-major-second major tetrachord,F-major triad,5/12,"Agnew, Roy, An Autumn Morning, KBcERxrDTPs.mid",645
F-major triad,D-minor seventh chord,0.5,"Agnew, Roy, An Autumn Morning, KBcERxrDTPs.mid",646
D-minor seventh chord,D-minor-ninth chord,0.5,"Agnew, Roy, An Autumn Morning, KBcERxrDTPs.mid",647
D-minor-ninth chord,D-minor-ninth chord,0.25,"Agnew, Roy, An Autumn Morning, KBcERxrDTPs.mid",648
D-minor-ninth chord,D-Guidonian hexachord,1/12,"Agnew, Roy, An Autumn Morning, KBcERxrDTPs.mid",649
D-Guidonian hexachord,A-major scale,1/6,"Agnew, Roy, An Autumn Morning, KBcERxrDTPs.mid",650
A-major scale,E-minor seventh chord,0.5,"Agnew, Roy, An Autumn Morning, KBcERxrDTPs.mid",651
E-minor seventh chord,E-major pentatonic,0.25,"Agnew, Roy, An Autumn Morning, KBcERxrDTPs.mid",652
E-major pentatonic,B-quartal tetramirror,5/12,"Agnew, Roy, An Autumn Morning, KBcERxrDTPs.mid",653
B-quartal tetramirror,B-quartal tetramirror,7/12,"Agnew, Roy, An Autumn Morning, KBcERxrDTPs.mid",654
B-quartal tetramirror,B-Kumoi pentachord,1/12,"Agnew, Roy, An Autumn Morning, KBcERxrDTPs.mid",655
B-Kumoi pentachord,B-minor hexachord,1/6,"Agnew, Roy, An Autumn Morning, KBcERxrDTPs.mid",656
B-minor hexachord,B-minor hexachord,1/12,"Agnew, Roy, An Autumn Morning, KBcERxrDTPs.mid",657
B-minor hexachord,B-diminished-major ninth chord,1/12,"Agnew, Roy, An Autumn Morning, KBcERxrDTPs.mid",658
B-diminished-major ninth chord,D-minor seventh chord,1/3,"Agnew, Roy, An Autumn Morning, KBcERxrDTPs.mid",659
D-minor seventh chord,D-minor seventh chord,1/12,"Agnew, Roy, An Autumn Morning, KBcERxrDTPs.mid",660
D-minor seventh chord,D-minor triad,7/12,"Agnew, Roy, An Autumn Morning, KBcERxrDTPs.mid",661
D-minor triad,D-minor seventh chord,1/3,"Agnew, Roy, An Autumn Morning, KBcERxrDTPs.mid",662
D-minor seventh chord,D-minor seventh chord,1/3,"Agnew, Roy, An Autumn Morning, KBcERxrDTPs.mid",663
D-minor seventh chord,D-major scale,1/6,"Agnew, Roy, An Autumn Morning, KBcERxrDTPs.mid",664
D-major scale,C-major seventh chord,1/6,"Agnew, Roy, An Autumn Morning, KBcERxrDTPs.mid",665
C-major seventh chord,E-minor triad,2/3,"Agnew, Roy, An Autumn Morning, KBcERxrDTPs.mid",666
E-minor triad,Perfect Fifth above E,1/6,"Agnew, Roy, An Autumn Morning, KBcERxrDTPs.mid",667
Perfect Fifth above E,E-minor seventh chord,7/6,"Agnew, Roy, An Autumn Morning, KBcERxrDTPs.mid",668
E-minor seventh chord,E-major scale,1/6,"Agnew, Roy, An Autumn Morning, KBcERxrDTPs.mid",669
E-major scale,F-major seventh chord,7/6,"Agnew, Roy, An Autumn Morning, KBcERxrDTPs.mid",670
F-major seventh chord,F-major seventh chord,0.25,"Agnew, Roy, An Autumn Morning, KBcERxrDTPs.mid",671
F-major seventh chord,F-major seventh chord,11/12,"Agnew, Roy, An Autumn Morning, KBcERxrDTPs.mid",672
F-major seventh chord,F-major triad,1/12,"Agnew, Roy, An Autumn Morning, KBcERxrDTPs.mid",673
F-major triad,F-major scale,1/6,"Agnew, Roy, An Autumn Morning, KBcERxrDTPs.mid",674
F-major scale,C-dominant-ninth,1/12,"Agnew, Roy, An Autumn Morning, KBcERxrDTPs.mid",675
C-dominant-ninth,E-half-diminished seventh chord,0.5,"Agnew, Roy, An Autumn Morning, KBcERxrDTPs.mid",676
E-half-diminished seventh chord,E-half-diminished seventh chord,0.5,"Agnew, Roy, An Autumn Morning, KBcERxrDTPs.mid",677
E-half-diminished seventh chord,E-diminished-major ninth chord,0.75,"Agnew, Roy, An Autumn Morning, KBcERxrDTPs.mid",678
E-diminished-major ninth chord,Bb-phrygian hexamirror,1/12,"Agnew, Roy, An Autumn Morning, KBcERxrDTPs.mid",679
Bb-phrygian hexamirror,Bb-phrygian hexamirror,5/12,"Agnew, Roy, An Autumn Morning, KBcERxrDTPs.mid",680
Bb-phrygian hexamirror,A-minor triad,0.25,"Agnew, Roy, An Autumn Morning, KBcERxrDTPs.mid",681
A-minor triad,A-minor triad,1/3,"Agnew, Roy, An Autumn Morning, KBcERxrDTPs.mid",682
A-minor triad,A-minor triad,4/3,"Agnew, Roy, An Autumn Morning, KBcERxrDTPs.mid",683
A-minor triad,F-major-augmented ninth chord,1/12,"Agnew, Roy, An Autumn Morning, KBcERxrDTPs.mid",684
F-major-augmented ninth chord,C-minor-augmented tetrachord,7/12,"Agnew, Roy, An Autumn Morning, KBcERxrDTPs.mid",685
C-minor-augmented tetrachord,C-double-phrygian hexachord,2/3,"Agnew, Roy, An Autumn Morning, KBcERxrDTPs.mid",686
C-double-phrygian hexachord,C-double-phrygian hexachord,7/12,"Agnew, Roy, An Autumn Morning, KBcERxrDTPs.mid",687
C-double-phrygian hexachord,C-minor-augmented tetrachord,1/12,"Agnew, Roy, An Autumn Morning, KBcERxrDTPs.mid",688
C-minor-augmented tetrachord,C-harmonic major scale (inverted),0.25,"Agnew, Roy, An Autumn Morning, KBcERxrDTPs.mid",689
C-harmonic major scale (inverted),C-locrian hexachord,1/12,"Agnew, Roy, An Autumn Morning, KBcERxrDTPs.mid",690
C-locrian hexachord,E-minor-diminished ninth chord,2/3,"Agnew, Roy, An Autumn Morning, KBcERxrDTPs.mid",691
E-minor-diminished ninth chord,E-minor seventh chord,1/12,"Agnew, Roy, An Autumn Morning, KBcERxrDTPs.mid",692
E-minor seventh chord,A-Guidonian hexachord,1/6,"Agnew, Roy, An Autumn Morning, KBcERxrDTPs.mid",693
A-Guidonian hexachord,A-minor seventh chord,5/6,"Agnew, Roy, An Autumn Morning, KBcERxrDTPs.mid",694
A-minor seventh chord,C-major triad,0.25,"Agnew, Roy, An Autumn Morning, KBcERxrDTPs.mid",695
C-major triad,F#-diminished seventh chord,0.5,"Agnew, Roy, An Autumn Morning, KBcERxrDTPs.mid",696
F#-diminished seventh chord,F#-flat-ninth pentachord,0.25,"Agnew, Roy, An Autumn Morning, KBcERxrDTPs.mid",697
F#-flat-ninth pentachord,C-major-diminished tetrachord,0.25,"Agnew, Roy, An Autumn Morning, KBcERxrDTPs.mid",698
C-major-diminished tetrachord,enharmonic equivalent to major triad above F#,0.25,"Agnew, Roy, An Autumn Morning, KBcERxrDTPs.mid",699
enharmonic equivalent to major triad above F#,C-major-diminished tetrachord,0.75,"Agnew, Roy, An Autumn Morning, KBcERxrDTPs.mid",700
C-major-diminished tetrachord,B-alternating hexamirror,0.25,"Agnew, Roy, An Autumn Morning, KBcERxrDTPs.mid",701
B-alternating hexamirror,B-diminished triad,17/12,"Agnew, Roy, An Autumn Morning, KBcERxrDTPs.mid",702
B-diminished triad,B-half-diminished seventh chord,5/6,"Agnew, Roy, An Autumn Morning, KBcERxrDTPs.mid",703
B-half-diminished seventh chord,A-dominant-ninth,1/6,"Agnew, Roy, An Autumn Morning, KBcERxrDTPs.mid",704
A-dominant-ninth,C#-half-diminished seventh chord,1.0,"Agnew, Roy, An Autumn Morning, KBcERxrDTPs.mid",705
C#-half-diminished seventh chord,C#-half-diminished seventh chord,1/3,"Agnew, Roy, An Autumn Morning, KBcERxrDTPs.mid",706
C#-half-diminished seventh chord,C#-half-diminished seventh chord,0.75,"Agnew, Roy, An Autumn Morning, KBcERxrDTPs.mid",707
C#-half-diminished seventh chord,C-combinatorial I (I11),1/12,"Agnew, Roy, An Autumn Morning, KBcERxrDTPs.mid",708
C-combinatorial I (I11),C-combinatorial I (I11),1/3,"Agnew, Roy, An Autumn Morning, KBcERxrDTPs.mid",709
C-combinatorial I (I11),C-combinatorial I (I11),1/12,"Agnew, Roy, An Autumn Morning, KBcERxrDTPs.mid",710
C-combinatorial I (I11),C-minor-augmented tetrachord,1.0,"Agnew, Roy, An Autumn Morning, KBcERxrDTPs.mid",711
C-minor-augmented tetrachord,C-major-diminished tetrachord,17/12,"Agnew, Roy, An Autumn Morning, KBcERxrDTPs.mid",712
C-major-diminished tetrachord,B-diminished scale,1/12,"Agnew, Roy, An Autumn Morning, KBcERxrDTPs.mid",713
B-diminished scale,D-Neapolitan pentachord,0.25,"Agnew, Roy, An Autumn Morning, KBcERxrDTPs.mid",714
D-Neapolitan pentachord,D-minor seventh chord,1.5,"Agnew, Roy, An Autumn Morning, KBcERxrDTPs.mid",715
D-minor seventh chord,D-minor seventh chord,5/6,"Agnew, Roy, An Autumn Morning, KBcERxrDTPs.mid",716
D-minor seventh chord,G-major scale,1/12,"Agnew, Roy, An Autumn Morning, KBcERxrDTPs.mid",717
G-major scale,E-perfect-fourth minor tetrachord,1/12,"Agnew, Roy, An Autumn Morning, KBcERxrDTPs.mid",718
E-perfect-fourth minor tetrachord,E-minor triad,7/6,"Agnew, Roy, An Autumn Morning, KBcERxrDTPs.mid",719
E-minor triad,E-minor-diminished tetrachord,1/6,"Agnew, Roy, An Autumn Morning, KBcERxrDTPs.mid",720
E-minor-diminished tetrachord,E-diminished triad,1/6,"Agnew, Roy, An Autumn Morning, KBcERxrDTPs.mid",721
E-diminished triad,E-diminished triad,1.0,"Agnew, Roy, An Autumn Morning, KBcERxrDTPs.mid",722
E-diminished triad,F-locrian hexachord,1/12,"Agnew, Roy, An Autumn Morning, KBcERxrDTPs.mid",723
F-locrian hexachord,F-Balinese Pelog pentatonic,1/12,"Agnew, Roy, An Autumn Morning, KBcERxrDTPs.mid",724
F-Balinese Pelog pentatonic,F-major seventh chord,19/12,"Agnew, Roy, An Autumn Morning, KBcERxrDTPs.mid",725
F-major seventh chord,F-major-ninth chord,11/12,"Agnew, Roy, An Autumn Morning, KBcERxrDTPs.mid",726
F-major-ninth chord,F-major-second major tetrachord,1/12,"Agnew, Roy, An Autumn Morning, KBcERxrDTPs.mid",727
F-major-second major tetrachord,forte class 7-37 above E,0.25,"Agnew, Roy, An Autumn Morning, KBcERxrDTPs.mid",728
forte class 7-37 above E,E-major triad,0.75,"Agnew, Roy, An Autumn Morning, KBcERxrDTPs.mid",729
E-major triad,E-dominant seventh chord,0.75,"Agnew, Roy, An Autumn Morning, KBcERxrDTPs.mid",730
E-dominant seventh chord,E-major triad,1.0,"Agnew, Roy, An Autumn Morning, KBcERxrDTPs.mid",731
E-major triad,C-Neapolitan pentachord,2/3,"Agnew, Roy, An Autumn Morning, KBcERxrDTPs.mid",732
C-Neapolitan pentachord,C-minor seventh chord,5/6,"Agnew, Roy, An Autumn Morning, KBcERxrDTPs.mid",733
C-minor seventh chord,C-minor seventh chord,0.25,"Agnew, Roy, An Autumn Morning, KBcERxrDTPs.mid",734
C-minor seventh chord,D-dominant seventh chord,2.25,"Agnew, Roy, An Autumn Morning, KBcERxrDTPs.mid",735
D-dominant seventh chord,D-Greek,5/12,"Agnew, Roy, An Autumn Morning, KBcERxrDTPs.mid",736
D-Greek,E-all-interval tetrachord,5/6,"Agnew, Roy, An Autumn Morning, KBcERxrDTPs.mid",737
E-all-interval tetrachord,E-minor-diminished ninth chord,1/12,"Agnew, Roy, An Autumn Morning, KBcERxrDTPs.mid",738
E-minor-diminished ninth chord,G-dominant seventh chord,1/6,"Agnew, Roy, An Autumn Morning, KBcERxrDTPs.mid",739
G-dominant seventh chord,G-dominant seventh chord,0.5,"Agnew, Roy, An Autumn Morning, KBcERxrDTPs.mid",740
G-dominant seventh chord,E-minor-diminished ninth chord,1.25,"Agnew, Roy, An Autumn Morning, KBcERxrDTPs.mid",741
E-minor-diminished ninth chord,C-major scale,0.25,"Agnew, Roy, An Autumn Morning, KBcERxrDTPs.mid",742
C-major scale,A-minor seventh chord,1.5,"Agnew, Roy, An Autumn Morning, KBcERxrDTPs.mid",743
A-minor seventh chord,C-major triad,0.5,"Agnew, Roy, An Autumn Morning, KBcERxrDTPs.mid",744
C-major triad,G,3.0,"Agnew, Roy, An Autumn Morning, KBcERxrDTPs.mid",745
G,C-major triad,0.5,"Agnew, Roy, An Autumn Morning, KBcERxrDTPs.mid",746
C-major triad,A-minor triad,7/6,"Agnew, Roy, An Autumn Morning, KBcERxrDTPs.mid",747
A-minor triad,A-minor triad,1/12,"Agnew, Roy, An Autumn Morning, KBcERxrDTPs.mid",748
A-minor triad,A-minor triad,1.0,"Agnew, Roy, An Autumn Morning, KBcERxrDTPs.mid",749
A-minor triad,A-minor triad,0.25,"Agnew, Roy, An Autumn Morning, KBcERxrDTPs.mid",750
A-minor triad,A-minor triad,1.0,"Agnew, Roy, An Autumn Morning, KBcERxrDTPs.mid",751
A-minor triad,E,0.5,"Agnew, Roy, An Autumn Morning, KBcERxrDTPs.mid",752
E,A-minor triad,0.5,"Agnew, Roy, An Autumn Morning, KBcERxrDTPs.mid",753
A-minor triad,A-Guidonian hexachord,1/6,"Agnew, Roy, An Autumn Morning, KBcERxrDTPs.mid",754
A-Guidonian hexachord,E-major pentatonic,1/12,"Agnew, Roy, An Autumn Morning, KBcERxrDTPs.mid",755
E-major pentatonic,G-major triad,11/12,"Agnew, Roy, An Autumn Morning, KBcERxrDTPs.mid",756
G-major triad,E-minor seventh chord,5/6,"Agnew, Roy, An Autumn Morning, KBcERxrDTPs.mid",757
E-minor seventh chord,E-minor seventh chord,1.0,"Agnew, Roy, An Autumn Morning, KBcERxrDTPs.mid",758
E-minor seventh chord,F-major seventh chord,1/6,"Agnew, Roy, An Autumn Morning, KBcERxrDTPs.mid",759
F-major seventh chord,F-major triad,1/3,"Agnew, Roy, An Autumn Morning, KBcERxrDTPs.mid",760
F-major triad,F-major triad,1.25,"Agnew, Roy, An Autumn Morning, KBcERxrDTPs.mid",761
F-major triad,F-major seventh chord,11/12,"Agnew, Roy, An Autumn Morning, KBcERxrDTPs.mid",762
F-major seventh chord,F-major seventh chord,1/12,"Agnew, Roy, An Autumn Morning, KBcERxrDTPs.mid",763
F-major seventh chord,D-minor-ninth chord,0.25,"Agnew, Roy, An Autumn Morning, KBcERxrDTPs.mid",764
D-minor-ninth chord,D-minor triad,0.5,"Agnew, Roy, An Autumn Morning, KBcERxrDTPs.mid",765
D-minor triad,D-minor seventh chord,0.75,"Agnew, Roy, An Autumn Morning, KBcERxrDTPs.mid",766
D-minor seventh chord,B-diminished-major ninth chord,0.25,"Agnew, Roy, An Autumn Morning, KBcERxrDTPs.mid",767
B-diminished-major ninth chord,B-diminished-major ninth chord,0.5,"Agnew, Roy, An Autumn Morning, KBcERxrDTPs.mid",768
B-diminished-major ninth chord,B-half-diminished seventh chord,1/6,"Agnew, Roy, An Autumn Morning, KBcERxrDTPs.mid",769
B-half-diminished seventh chord,D-major scale,1/3,"Agnew, Roy, An Autumn Morning, KBcERxrDTPs.mid",770
D-major scale,C-major triad,1.0,"Agnew, Roy, An Autumn Morning, KBcERxrDTPs.mid",771
C-major triad,C-major triad,4/3,"Agnew, Roy, An Autumn Morning, KBcERxrDTPs.mid",772
C-major triad,C-major triad,1/6,"Agnew, Roy, An Autumn Morning, KBcERxrDTPs.mid",773
C-major triad,C-locrian hexachord,5/12,"Agnew, Roy, An Autumn Morning, KBcERxrDTPs.mid",774
C-locrian hexachord,G-dominant seventh chord,1/12,"Agnew, Roy, An Autumn Morning, KBcERxrDTPs.mid",775
G-dominant seventh chord,G-dominant seventh chord,1/3,"Agnew, Roy, An Autumn Morning, KBcERxrDTPs.mid",776
G-dominant seventh chord,G-dominant-eleventh,1/6,"Agnew, Roy, An Autumn Morning, KBcERxrDTPs.mid",777
G-dominant-eleventh,F-major-second major tetrachord,0.5,"Agnew, Roy, An Autumn Morning, KBcERxrDTPs.mid",778
F-major-second major tetrachord,G-dominant-eleventh,1/3,"Agnew, Roy, An Autumn Morning, KBcERxrDTPs.mid",779
G-dominant-eleventh,G-dominant seventh chord,1/6,"Agnew, Roy, An Autumn Morning, KBcERxrDTPs.mid",780
G-dominant seventh chord,G-major triad,0.5,"Agnew, Roy, An Autumn Morning, KBcERxrDTPs.mid",781
G-major triad,C-quartal trichord,2/3,"Agnew, Roy, An Autumn Morning, KBcERxrDTPs.mid",782
C-quartal trichord,C-major-second major tetrachord,5/6,"Agnew, Roy, An Autumn Morning, KBcERxrDTPs.mid",783
C-major-second major tetrachord,C-major-second major tetrachord,0.5,"Agnew, Roy, An Autumn Morning, KBcERxrDTPs.mid",784
C-major-second major tetrachord,G,7/12,"Agnew, Roy, An Autumn Morning, KBcERxrDTPs.mid",785
G,C-major-second major tetrachord,0.5,"Agnew, Roy, An Autumn Morning, KBcERxrDTPs.mid",786
C-major-second major tetrachord,C-dominant-eleventh,0.25,"Agnew, Roy, An Autumn Morning, KBcERxrDTPs.mid",787
C-dominant-eleventh,C-dominant-eleventh,1/12,"Agnew, Roy, An Autumn Morning, KBcERxrDTPs.mid",788
C-dominant-eleventh,C-dominant-eleventh,1/12,"Agnew, Roy, An Autumn Morning, KBcERxrDTPs.mid",789
C-dominant-eleventh,C-dominant-eleventh,1/12,"Agnew, Roy, An Autumn Morning, KBcERxrDTPs.mid",790
C-dominant-eleventh,G-minor seventh chord,1/3,"Agnew, Roy, An Autumn Morning, KBcERxrDTPs.mid",791
G-minor seventh chord,E-diminished-major ninth chord,1/6,"Agnew, Roy, An Autumn Morning, KBcERxrDTPs.mid",792
E-diminished-major ninth chord,E-half-diminished seventh chord,0.5,"Agnew, Roy, An Autumn Morning, KBcERxrDTPs.mid",793
E-half-diminished seventh chord,E-half-diminished seventh chord,0.75,"Agnew, Roy, An Autumn Morning, KBcERxrDTPs.mid",794
E-half-diminished seventh chord,E-melodic-minor hexachord,1/12,"Agnew, Roy, An Autumn Morning, KBcERxrDTPs.mid",795
E-melodic-minor hexachord,E-melodic-minor hexachord,1/6,"Agnew, Roy, An Autumn Morning, KBcERxrDTPs.mid",796
E-melodic-minor hexachord,A-melodic minor ascending scale,1/6,"Agnew, Roy, An Autumn Morning, KBcERxrDTPs.mid",797
A-melodic minor ascending scale,D-dominant-ninth,1/12,"Agnew, Roy, An Autumn Morning, KBcERxrDTPs.mid",798
D-dominant-ninth,F#-half-diminished seventh chord,0.75,"Agnew, Roy, An Autumn Morning, KBcERxrDTPs.mid",799
F#-half-diminished seventh chord,F#-half-diminished seventh chord,0.25,"Agnew, Roy, An Autumn Morning, KBcERxrDTPs.mid",800
F#-half-diminished seventh chord,F#-half-diminished seventh chord,0.75,"Agnew, Roy, An Autumn Morning, KBcERxrDTPs.mid",801
F#-half-diminished seventh chord,F-diminished pentacluster,0.75,"Agnew, Roy, An Autumn Morning, KBcERxrDTPs.mid",802
F-diminished pentacluster,forte class 6-46B above D,1/6,"Agnew, Roy, An Autumn Morning, KBcERxrDTPs.mid",803
forte class 6-46B above D,forte class 6-46B above D,1/12,"Agnew, Roy, An Autumn Morning, KBcERxrDTPs.mid",804
forte class 6-46B above D,D-minor seventh chord,2/3,"Agnew, Roy, An Autumn Morning, KBcERxrDTPs.mid",805
D-minor seventh chord,D-minor-ninth chord,7/12,"Agnew, Roy, An Autumn Morning, KBcERxrDTPs.mid",806
D-minor-ninth chord,A-perfect-fourth minor tetrachord,1/12,"Agnew, Roy, An Autumn Morning, KBcERxrDTPs.mid",807
A-perfect-fourth minor tetrachord,D-minor-ninth chord,2/3,"Agnew, Roy, An Autumn Morning, KBcERxrDTPs.mid",808
D-minor-ninth chord,G-major scale,2/3,"Agnew, Roy, An Autumn Morning, KBcERxrDTPs.mid",809
G-major scale,A-Guidonian hexachord,1/3,"Agnew, Roy, An Autumn Morning, KBcERxrDTPs.mid",810
A-Guidonian hexachord,E-minor seventh chord,0.75,"Agnew, Roy, An Autumn Morning, KBcERxrDTPs.mid",811
E-minor seventh chord,E-minor seventh chord,11/12,"Agnew, Roy, An Autumn Morning, KBcERxrDTPs.mid",812
E-minor seventh chord,C-major-ninth chord,1/12,"Agnew, Roy, An Autumn Morning, KBcERxrDTPs.mid",813
C-major-ninth chord,A-dorian pentachord,0.25,"Agnew, Roy, An Autumn Morning, KBcERxrDTPs.mid",814
A-dorian pentachord,A-minor triad,1.0,"Agnew, Roy, An Autumn Morning, KBcERxrDTPs.mid",815
A-minor triad,A-minor triad,1/12,"Agnew, Roy, An Autumn Morning, KBcERxrDTPs.mid",816
A-minor triad,A-minor triad,7/6,"Agnew, Roy, An Autumn Morning, KBcERxrDTPs.mid",817
A-minor triad,A-all-interval tetrachord,0.25,"Agnew, Roy, An Autumn Morning, KBcERxrDTPs.mid",818
A-all-interval tetrachord,A-all-interval tetrachord,1/6,"Agnew, Roy, An Autumn Morning, KBcERxrDTPs.mid",819
A-all-interval tetrachord,A-minor-diminished ninth chord,1/3,"Agnew, Roy, An Autumn Morning, KBcERxrDTPs.mid",820
A-minor-diminished ninth chord,C-incomplete dominant-seventh chord,2.0,"Agnew, Roy, An Autumn Morning, KBcERxrDTPs.mid",821
C-incomplete dominant-seventh chord,C,23/12,"Agnew, Roy, An Autumn Morning, KBcERxrDTPs.mid",822
C,C-incomplete dominant-seventh chord,0.5,"Agnew, Roy, An Autumn Morning, KBcERxrDTPs.mid",823
C-incomplete dominant-seventh chord,F-major pentachord,5/12,"Agnew, Roy, An Autumn Morning, KBcERxrDTPs.mid",824
F-major pentachord,F-major-second major tetrachord,5/12,"Agnew, Roy, An Autumn Morning, KBcERxrDTPs.mid",825
F-major-second major tetrachord,F-major triad,1/3,"Agnew, Roy, An Autumn Morning, KBcERxrDTPs.mid",826
F-major triad,D-minor seventh chord,5/6,"Agnew, Roy, An Autumn Morning, KBcERxrDTPs.mid",827
D-minor seventh chord,D-minor-ninth chord,0.75,"Agnew, Roy, An Autumn Morning, KBcERxrDTPs.mid",828
D-minor-ninth chord,E-blues,1/6,"Agnew, Roy, An Autumn Morning, KBcERxrDTPs.mid",829
E-blues,forte class 7-37 above E,1/12,"Agnew, Roy, An Autumn Morning, KBcERxrDTPs.mid",830
forte class 7-37 above E,E-major-minor tetramirror,0.5,"Agnew, Roy, An Autumn Morning, KBcERxrDTPs.mid",831
E-major-minor tetramirror,E-major-minor tetramirror,0.25,"Agnew, Roy, An Autumn Morning, KBcERxrDTPs.mid",832
E-major-minor tetramirror,E-major triad,0.5,"Agnew, Roy, An Autumn Morning, KBcERxrDTPs.mid",833
E-major triad,E-major-minor trichord,11/12,"Agnew, Roy, An Autumn Morning, KBcERxrDTPs.mid",834
E-major-minor trichord,D-modified blues,1/12,"Agnew, Roy, An Autumn Morning, KBcERxrDTPs.mid",835
D-modified blues,D-minor seventh chord,2.25,"Agnew, Roy, An Autumn Morning, KBcERxrDTPs.mid",836
D-minor seventh chord,D-minor seventh chord,0.75,"Agnew, Roy, An Autumn Morning, KBcERxrDTPs.mid",837
D-minor seventh chord,G-dominant-eleventh,7/12,"Agnew, Roy, An Autumn Morning, KBcERxrDTPs.mid",838
G-dominant-eleventh,G-dominant seventh chord,17/12,"Agnew, Roy, An Autumn Morning, KBcERxrDTPs.mid",839
G-dominant seventh chord,E-minor-diminished ninth chord,1/6,"Agnew, Roy, An Autumn Morning, KBcERxrDTPs.mid",840
E-minor-diminished ninth chord,E-minor seventh chord,13/12,"Agnew, Roy, An Autumn Morning, KBcERxrDTPs.mid",841
E-minor seventh chord,E-minor seventh chord,0.25,"Agnew, Roy, An Autumn Morning, KBcERxrDTPs.mid",842
E-minor seventh chord,E-minor-diminished ninth chord,0.75,"Agnew, Roy, An Autumn Morning, KBcERxrDTPs.mid",843
E-minor-diminished ninth chord,E-minor-diminished ninth chord,1.0,"Agnew, Roy, An Autumn Morning, KBcERxrDTPs.mid",844
E-minor-diminished ninth chord,E-minor-diminished ninth chord,1.25,"Agnew, Roy, An Autumn Morning, KBcERxrDTPs.mid",845
E-minor-diminished ninth chord,F-major seventh chord,1/12,"Agnew, Roy, An Autumn Morning, KBcERxrDTPs.mid",846
F-major seventh chord,F-major seventh chord,1/6,"Agnew, Roy, An Autumn Morning, KBcERxrDTPs.mid",847
F-major seventh chord,A-minor triad,0.5,"Agnew, Roy, An Autumn Morning, KBcERxrDTPs.mid",848
A-minor triad,A-minor triad,1.25,"Agnew, Roy, An Autumn Morning, KBcERxrDTPs.mid",849
A-minor triad,A-minor seventh chord,0.25,"Agnew, Roy, An Autumn Morning, KBcERxrDTPs.mid",850
A-minor seventh chord,C-major triad,2.5,"Agnew, Roy, An Autumn Morning, KBcERxrDTPs.mid",851
C-major triad,C-major triad,0.5,"Agnew, Roy, An Autumn Morning, KBcERxrDTPs.mid",852
C-major triad,A-minor seventh chord,0.25,"Agnew, Roy, An Autumn Morning, KBcERxrDTPs.mid",853
A-minor seventh chord,A-minor seventh chord,1.0,"Agnew, Roy, An Autumn Morning, KBcERxrDTPs.mid",854
A-minor seventh chord,A-minor seventh chord,1/6,"Agnew, Roy, An Autumn Morning, KBcERxrDTPs.mid",855
A-minor seventh chord,A-minor seventh chord,25/12,"Agnew, Roy, An Autumn Morning, KBcERxrDTPs.mid",856
A-minor seventh chord,Perfect Fourth above G,3.0,"Agnew, Roy, An Autumn Morning, KBcERxrDTPs.mid",857
Perfect Fourth above G,A-incomplete dominant-seventh chord,17/6,"Agnew, Roy, An Autumn Morning, KBcERxrDTPs.mid",858
A-incomplete dominant-seventh chord,E,1/6,"Agnew, Roy, An Autumn Morning, KBcERxrDTPs.mid",859
START,E-minor-diminished tetrachord,0.5,"Agnew, Roy, Dance of the Wild Men, EOgmmiZ0iFE.mid",0
E-minor-diminished tetrachord,F#-Javanese pentachord,0.25,"Agnew, Roy, Dance of the Wild Men, EOgmmiZ0iFE.mid",1
F#-Javanese pentachord,F#-Javanese pentachord,0.75,"Agnew, Roy, Dance of the Wild Men, EOgmmiZ0iFE.mid",2
F#-Javanese pentachord,Bb-major-diminished tetrachord,0.25,"Agnew, Roy, Dance of the Wild Men, EOgmmiZ0iFE.mid",3
Bb-major-diminished tetrachord,Bb-major triad,0.25,"Agnew, Roy, Dance of the Wild Men, EOgmmiZ0iFE.mid",4
Bb-major triad,Bb-major-seventh pentacluster,0.25,"Agnew, Roy, Dance of the Wild Men, EOgmmiZ0iFE.mid",5
Bb-major-seventh pentacluster,Minor Third above D,0.25,"Agnew, Roy, Dance of the Wild Men, EOgmmiZ0iFE.mid",6
Minor Third above D,A-major-diminished tetrachord,0.25,"Agnew, Roy, Dance of the Wild Men, EOgmmiZ0iFE.mid",7
A-major-diminished tetrachord,A-major-diminished tetrachord,0.25,"Agnew, Roy, Dance of the Wild Men, EOgmmiZ0iFE.mid",8
A-major-diminished tetrachord,A-major-diminished tetrachord,1/3,"Agnew, Roy, Dance of the Wild Men, EOgmmiZ0iFE.mid",9
A-major-diminished tetrachord,A-alternating hexamirror,1/6,"Agnew, Roy, Dance of the Wild Men, EOgmmiZ0iFE.mid",10
A-alternating hexamirror,Minor Third above C,0.25,"Agnew, Roy, Dance of the Wild Men, EOgmmiZ0iFE.mid",11
Minor Third above C,C#-phrygian trichord,0.25,"Agnew, Roy, Dance of the Wild Men, EOgmmiZ0iFE.mid",12
C#-phrygian trichord,C-phrygian trichord,1/3,"Agnew, Roy, Dance of the Wild Men, EOgmmiZ0iFE.mid",13
C-phrygian trichord,C-major-second tetracluster,1/6,"Agnew, Roy, Dance of the Wild Men, EOgmmiZ0iFE.mid",14
C-major-second tetracluster,C-combinatorial P (P6),1/12,"Agnew, Roy, Dance of the Wild Men, EOgmmiZ0iFE.mid",15
C-combinatorial P (P6),G-minor triad,1/6,"Agnew, Roy, Dance of the Wild Men, EOgmmiZ0iFE.mid",16
G-minor triad,Perfect Fifth above G,0.25,"Agnew, Roy, Dance of the Wild Men, EOgmmiZ0iFE.mid",17
Perfect Fifth above G,C#-minor-second diminished tetrachord,1/6,"Agnew, Roy, Dance of the Wild Men, EOgmmiZ0iFE.mid",18
C#-minor-second diminished tetrachord,Minor Third above C#,1/6,"Agnew, Roy, Dance of the Wild Men, EOgmmiZ0iFE.mid",19
Minor Third above C#,C#-phrygian trichord,0.25,"Agnew, Roy, Dance of the Wild Men, EOgmmiZ0iFE.mid",20
C#-phrygian trichord,C#-phrygian trichord,1/6,"Agnew, Roy, Dance of the Wild Men, EOgmmiZ0iFE.mid",21
C#-phrygian trichord,C-chromatic tetramirror,0.25,"Agnew, Roy, Dance of the Wild Men, EOgmmiZ0iFE.mid",22
C-chromatic tetramirror,A-diminished triad,0.25,"Agnew, Roy, Dance of the Wild Men, EOgmmiZ0iFE.mid",23
A-diminished triad,Ab-minor third tetracluster,0.25,"Agnew, Roy, Dance of the Wild Men, EOgmmiZ0iFE.mid",24
Ab-minor third tetracluster,Minor Third above A,0.25,"Agnew, Roy, Dance of the Wild Men, EOgmmiZ0iFE.mid",25
Minor Third above A,Augmented Second above Ab,0.25,"Agnew, Roy, Dance of the Wild Men, EOgmmiZ0iFE.mid",26
Augmented Second above Ab,E-minor-seventh pentacluster,0.25,"Agnew, Roy, Dance of the Wild Men, EOgmmiZ0iFE.mid",27
E-minor-seventh pentacluster,F#-minor-diminished tetrachord,1.0,"Agnew, Roy, Dance of the Wild Men, EOgmmiZ0iFE.mid",28
F#-minor-diminished tetrachord,Bb-major-seventh pentacluster,0.25,"Agnew, Roy, Dance of the Wild Men, EOgmmiZ0iFE.mid",29
Bb-major-seventh pentacluster,Minor Third above D,0.25,"Agnew, Roy, Dance of the Wild Men, EOgmmiZ0iFE.mid",30
Minor Third above D,Bb-major-seventh pentacluster,0.25,"Agnew, Roy, Dance of the Wild Men, EOgmmiZ0iFE.mid",31
Bb-major-seventh pentacluster,A-major-diminished tetrachord,1.0,"Agnew, Roy, Dance of the Wild Men, EOgmmiZ0iFE.mid",32
A-major-diminished tetrachord,Minor Third above C,0.25,"Agnew, Roy, Dance of the Wild Men, EOgmmiZ0iFE.mid",33
Minor Third above C,Minor Third above C,0.25,"Agnew, Roy, Dance of the Wild Men, EOgmmiZ0iFE.mid",34
Minor Third above C,C#-phrygian trichord,1/12,"Agnew, Roy, Dance of the Wild Men, EOgmmiZ0iFE.mid",35
C#-phrygian trichord,C-major-second tetracluster,0.25,"Agnew, Roy, Dance of the Wild Men, EOgmmiZ0iFE.mid",36
C-major-second tetracluster,C#-phrygian trichord,1/6,"Agnew, Roy, Dance of the Wild Men, EOgmmiZ0iFE.mid",37
C#-phrygian trichord,G-major-minor diminished pentachord,0.25,"Agnew, Roy, Dance of the Wild Men, EOgmmiZ0iFE.mid",38
G-major-minor diminished pentachord,G-major triad,0.25,"Agnew, Roy, Dance of the Wild Men, EOgmmiZ0iFE.mid",39
G-major triad,E-minor seventh chord,1/6,"Agnew, Roy, Dance of the Wild Men, EOgmmiZ0iFE.mid",40
E-minor seventh chord,E,1/12,"Agnew, Roy, Dance of the Wild Men, EOgmmiZ0iFE.mid",41
E,Minor Third above C#,1/12,"Agnew, Roy, Dance of the Wild Men, EOgmmiZ0iFE.mid",42
Minor Third above C#,C#,1/12,"Agnew, Roy, Dance of the Wild Men, EOgmmiZ0iFE.mid",43
C#,C#-phrygian trichord,1/3,"Agnew, Roy, Dance of the Wild Men, EOgmmiZ0iFE.mid",44
C#-phrygian trichord,C-chromatic tetramirror,0.25,"Agnew, Roy, Dance of the Wild Men, EOgmmiZ0iFE.mid",45
C-chromatic tetramirror,C#-phrygian trichord,1/12,"Agnew, Roy, Dance of the Wild Men, EOgmmiZ0iFE.mid",46
C#-phrygian trichord,A-diminished triad,1/6,"Agnew, Roy, Dance of the Wild Men, EOgmmiZ0iFE.mid",47
A-diminished triad,Ab-major-diminished tetrachord,1/12,"Agnew, Roy, Dance of the Wild Men, EOgmmiZ0iFE.mid",48
Ab-major-diminished tetrachord,Ab-major-minor trichord,1/6,"Agnew, Roy, Dance of the Wild Men, EOgmmiZ0iFE.mid",49
Ab-major-minor trichord,Minor Third above A,1/12,"Agnew, Roy, Dance of the Wild Men, EOgmmiZ0iFE.mid",50
Minor Third above A,A-incomplete minor-seventh chord,0.25,"Agnew, Roy, Dance of the Wild Men, EOgmmiZ0iFE.mid",51
A-incomplete minor-seventh chord,Minor Third above A,0.25,"Agnew, Roy, Dance of the Wild Men, EOgmmiZ0iFE.mid",52
Minor Third above A,Augmented Second above Ab,0.5,"Agnew, Roy, Dance of the Wild Men, EOgmmiZ0iFE.mid",53
Augmented Second above Ab,Augmented Second above Ab,1/3,"Agnew, Roy, Dance of the Wild Men, EOgmmiZ0iFE.mid",54
Augmented Second above Ab,Augmented Second above Ab,11/12,"Agnew, Roy, Dance of the Wild Men, EOgmmiZ0iFE.mid",55
Augmented Second above Ab,G-alternating tetramirror,0.5,"Agnew, Roy, Dance of the Wild Men, EOgmmiZ0iFE.mid",56
G-alternating tetramirror,G-chromatic pentamirror,0.25,"Agnew, Roy, Dance of the Wild Men, EOgmmiZ0iFE.mid",57
G-chromatic pentamirror,G-major-second tetracluster,0.5,"Agnew, Roy, Dance of the Wild Men, EOgmmiZ0iFE.mid",58
G-major-second tetracluster,Major Sixth above A,0.25,"Agnew, Roy, Dance of the Wild Men, EOgmmiZ0iFE.mid",59
Major Sixth above A,Minor Third above F#,0.25,"Agnew, Roy, Dance of the Wild Men, EOgmmiZ0iFE.mid",60
Minor Third above F#,Bb-major-minor trichord,0.5,"Agnew, Roy, Dance of the Wild Men, EOgmmiZ0iFE.mid",61
Bb-major-minor trichord,Bb-incomplete dominant-seventh chord,0.5,"Agnew, Roy, Dance of the Wild Men, EOgmmiZ0iFE.mid",62
Bb-incomplete dominant-seventh chord,Bb-perfect-fourth diminished tetrachord,0.25,"Agnew, Roy, Dance of the Wild Men, EOgmmiZ0iFE.mid",63
Bb-perfect-fourth diminished tetrachord,enharmonic equivalent to diminished triad above B,5/12,"Agnew, Roy, Dance of the Wild Men, EOgmmiZ0iFE.mid",64
enharmonic equivalent to diminished triad above B,E-major-minor-diminished pentachord,1/12,"Agnew, Roy, Dance of the Wild Men, EOgmmiZ0iFE.mid",65
E-major-minor-diminished pentachord,E-major-minor tetramirror,5/12,"Agnew, Roy, Dance of the Wild Men, EOgmmiZ0iFE.mid",66
E-major-minor tetramirror,E-minor triad,1/12,"Agnew, Roy, Dance of the Wild Men, EOgmmiZ0iFE.mid",67
E-minor triad,C-major seventh chord,1/12,"Agnew, Roy, Dance of the Wild Men, EOgmmiZ0iFE.mid",68
C-major seventh chord,C-major triad,5/6,"Agnew, Roy, Dance of the Wild Men, EOgmmiZ0iFE.mid",69
C-major triad,C,1/12,"Agnew, Roy, Dance of the Wild Men, EOgmmiZ0iFE.mid",70
C,F#-incomplete minor-seventh chord,5/12,"Agnew, Roy, Dance of the Wild Men, EOgmmiZ0iFE.mid",71
F#-incomplete minor-seventh chord,D-minor third tetracluster,1/3,"Agnew, Roy, Dance of the Wild Men, EOgmmiZ0iFE.mid",72
D-minor third tetracluster,D-major-second pentacluster,0.25,"Agnew, Roy, Dance of the Wild Men, EOgmmiZ0iFE.mid",73
D-major-second pentacluster,"D-A all combinatorial (P6, I11, RI5, RI11)",0.25,"Agnew, Roy, Dance of the Wild Men, EOgmmiZ0iFE.mid",74
"D-A all combinatorial (P6, I11, RI5, RI11)",D-chromatic octamirror,1/12,"Agnew, Roy, Dance of the Wild Men, EOgmmiZ0iFE.mid",75
D-chromatic octamirror,Ab-combinatorial I (I11),1/12,"Agnew, Roy, Dance of the Wild Men, EOgmmiZ0iFE.mid",76
Ab-combinatorial I (I11),Ab-tritone-fourth,1/12,"Agnew, Roy, Dance of the Wild Men, EOgmmiZ0iFE.mid",77
Ab-tritone-fourth,A-major-minor trichord,1/6,"Agnew, Roy, Dance of the Wild Men, EOgmmiZ0iFE.mid",78
A-major-minor trichord,Minor Second above A,1/12,"Agnew, Roy, Dance of the Wild Men, EOgmmiZ0iFE.mid",79
Minor Second above A,Minor Second above B,0.5,"Agnew, Roy, Dance of the Wild Men, EOgmmiZ0iFE.mid",80
Minor Second above B,Minor Second above C#,0.25,"Agnew, Roy, Dance of the Wild Men, EOgmmiZ0iFE.mid",81
Minor Second above C#,E-,0.25,"Agnew, Roy, Dance of the Wild Men, EOgmmiZ0iFE.mid",82
E-,C#-diminished triad,0.25,"Agnew, Roy, Dance of the Wild Men, EOgmmiZ0iFE.mid",83
C#-diminished triad,Major Sixth above A,0.25,"Agnew, Roy, Dance of the Wild Men, EOgmmiZ0iFE.mid",84
Major Sixth above A,A,0.25,"Agnew, Roy, Dance of the Wild Men, EOgmmiZ0iFE.mid",85
A,E-minor triad,0.25,"Agnew, Roy, Dance of the Wild Men, EOgmmiZ0iFE.mid",86
E-minor triad,Minor Sixth above C#,0.25,"Agnew, Roy, Dance of the Wild Men, EOgmmiZ0iFE.mid",87
Minor Sixth above C#,C#,0.25,"Agnew, Roy, Dance of the Wild Men, EOgmmiZ0iFE.mid",88
C#,G-major triad,0.25,"Agnew, Roy, Dance of the Wild Men, EOgmmiZ0iFE.mid",89
G-major triad,Major Sixth above E,0.25,"Agnew, Roy, Dance of the Wild Men, EOgmmiZ0iFE.mid",90
Major Sixth above E,E,1/12,"Agnew, Roy, Dance of the Wild Men, EOgmmiZ0iFE.mid",91
E,B-perfect-fourth minor tetrachord,1/6,"Agnew, Roy, Dance of the Wild Men, EOgmmiZ0iFE.mid",92
B-perfect-fourth minor tetrachord,B-minor triad,1/6,"Agnew, Roy, Dance of the Wild Men, EOgmmiZ0iFE.mid",93
B-minor triad,E,1/6,"Agnew, Roy, Dance of the Wild Men, EOgmmiZ0iFE.mid",94
E,Major Sixth above G,1/12,"Agnew, Roy, Dance of the Wild Men, EOgmmiZ0iFE.mid",95
Major Sixth above G,G,1/6,"Agnew, Roy, Dance of the Wild Men, EOgmmiZ0iFE.mid",96
G,D-perfect-fourth major tetrachord,0.25,"Agnew, Roy, Dance of the Wild Men, EOgmmiZ0iFE.mid",97
D-perfect-fourth major tetrachord,Major Sixth above G,0.25,"Agnew, Roy, Dance of the Wild Men, EOgmmiZ0iFE.mid",98
Major Sixth above G,G,1/6,"Agnew, Roy, Dance of the Wild Men, EOgmmiZ0iFE.mid",99
G,G-major triad,1/12,"Agnew, Roy, Dance of the Wild Men, EOgmmiZ0iFE.mid",100
G-major triad,G-major triad,1/6,"Agnew, Roy, Dance of the Wild Men, EOgmmiZ0iFE.mid",101
G-major triad,Major Sixth above G,0.25,"Agnew, Roy, Dance of the Wild Men, EOgmmiZ0iFE.mid",102
Major Sixth above G,G,1/12,"Agnew, Roy, Dance of the Wild Men, EOgmmiZ0iFE.mid",103
G,D-perfect-fourth major tetrachord,1/6,"Agnew, Roy, Dance of the Wild Men, EOgmmiZ0iFE.mid",104
D-perfect-fourth major tetrachord,D-major triad,1/12,"Agnew, Roy, Dance of the Wild Men, EOgmmiZ0iFE.mid",105
D-major triad,Major Sixth above G,0.25,"Agnew, Roy, Dance of the Wild Men, EOgmmiZ0iFE.mid",106
Major Sixth above G,G,0.25,"Agnew, Roy, Dance of the Wild Men, EOgmmiZ0iFE.mid",107
G,Minor Sixth above B,1/12,"Agnew, Roy, Dance of the Wild Men, EOgmmiZ0iFE.mid",108
Minor Sixth above B,E-minor seventh chord,0.25,"Agnew, Roy, Dance of the Wild Men, EOgmmiZ0iFE.mid",109
E-minor seventh chord,E-minor seventh chord,5/12,"Agnew, Roy, Dance of the Wild Men, EOgmmiZ0iFE.mid",110
E-minor seventh chord,C#-diminished seventh chord,0.25,"Agnew, Roy, Dance of the Wild Men, EOgmmiZ0iFE.mid",111
C#-diminished seventh chord,C#-diminished seventh chord,0.25,"Agnew, Roy, Dance of the Wild Men, EOgmmiZ0iFE.mid",112
C#-diminished seventh chord,C#-combinatorial RI (RI3),0.25,"Agnew, Roy, Dance of the Wild Men, EOgmmiZ0iFE.mid",113
C#-combinatorial RI (RI3),C#-diminished seventh chord,1/6,"Agnew, Roy, Dance of the Wild Men, EOgmmiZ0iFE.mid",114
C#-diminished seventh chord,C#-diminished seventh chord,1/12,"Agnew, Roy, Dance of the Wild Men, EOgmmiZ0iFE.mid",115
C#-diminished seventh chord,A-diminished-major ninth chord,1/3,"Agnew, Roy, Dance of the Wild Men, EOgmmiZ0iFE.mid",116
A-diminished-major ninth chord,G-minor trichord,1/12,"Agnew, Roy, Dance of the Wild Men, EOgmmiZ0iFE.mid",117
G-minor trichord,A-diminished scale,1/12,"Agnew, Roy, Dance of the Wild Men, EOgmmiZ0iFE.mid",118
A-diminished scale,C-major-minor-diminished pentachord,1/6,"Agnew, Roy, Dance of the Wild Men, EOgmmiZ0iFE.mid",119
C-major-minor-diminished pentachord,F-combinatorial RI (RI1),1/3,"Agnew, Roy, Dance of the Wild Men, EOgmmiZ0iFE.mid",120
F-combinatorial RI (RI1),F-diminished pentacluster,0.25,"Agnew, Roy, Dance of the Wild Men, EOgmmiZ0iFE.mid",121
F-diminished pentacluster,Eb-major triad,1/12,"Agnew, Roy, Dance of the Wild Men, EOgmmiZ0iFE.mid",122
Eb-major triad,Eb-perfect-fourth major tetrachord,1/6,"Agnew, Roy, Dance of the Wild Men, EOgmmiZ0iFE.mid",123
Eb-perfect-fourth major tetrachord,Perfect Fourth above Eb,1/12,"Agnew, Roy, Dance of the Wild Men, EOgmmiZ0iFE.mid",124
Perfect Fourth above Eb,Ab-major seventh chord,0.5,"Agnew, Roy, Dance of the Wild Men, EOgmmiZ0iFE.mid",125
Ab-major seventh chord,E-diminished triad,1/6,"Agnew, Roy, Dance of the Wild Men, EOgmmiZ0iFE.mid",126
E-diminished triad,C#-diminished seventh chord,1/12,"Agnew, Roy, Dance of the Wild Men, EOgmmiZ0iFE.mid",127
C#-diminished seventh chord,C#-flat-ninth pentachord,0.25,"Agnew, Roy, Dance of the Wild Men, EOgmmiZ0iFE.mid",128
C#-flat-ninth pentachord,C#-diminished seventh chord,0.25,"Agnew, Roy, Dance of the Wild Men, EOgmmiZ0iFE.mid",129
C#-diminished seventh chord,C#-major-third diminished tetrachord,1/12,"Agnew, Roy, Dance of the Wild Men, EOgmmiZ0iFE.mid",130
C#-major-third diminished tetrachord,forte class 7-8 above C,1/6,"Agnew, Roy, Dance of the Wild Men, EOgmmiZ0iFE.mid",131
forte class 7-8 above C,forte class 8-12B above C,1/6,"Agnew, Roy, Dance of the Wild Men, EOgmmiZ0iFE.mid",132
forte class 8-12B above C,forte class 8-12B above C,1/12,"Agnew, Roy, Dance of the Wild Men, EOgmmiZ0iFE.mid",133
forte class 8-12B above C,C#-major-third diminished tetrachord,1/6,"Agnew, Roy, Dance of the Wild Men, EOgmmiZ0iFE.mid",134
C#-major-third diminished tetrachord,C#,1/12,"Agnew, Roy, Dance of the Wild Men, EOgmmiZ0iFE.mid",135
C#,F-minor-diminished ninth chord,1/6,"Agnew, Roy, Dance of the Wild Men, EOgmmiZ0iFE.mid",136
F-minor-diminished ninth chord,F-minor-diminished ninth chord,1/3,"Agnew, Roy, Dance of the Wild Men, EOgmmiZ0iFE.mid",137
F-minor-diminished ninth chord,F-diminished pentacluster,0.25,"Agnew, Roy, Dance of the Wild Men, EOgmmiZ0iFE.mid",138
F-diminished pentacluster,Eb-perfect-fourth major tetrachord,0.5,"Agnew, Roy, Dance of the Wild Men, EOgmmiZ0iFE.mid",139
Eb-perfect-fourth major tetrachord,Major Third above Eb,1/3,"Agnew, Roy, Dance of the Wild Men, EOgmmiZ0iFE.mid",140
Major Third above Eb,enharmonic equivalent to diminished triad above C#,0.25,"Agnew, Roy, Dance of the Wild Men, EOgmmiZ0iFE.mid",141
enharmonic equivalent to diminished triad above C#,enharmonic equivalent to diminished triad above C#,1/12,"Agnew, Roy, Dance of the Wild Men, EOgmmiZ0iFE.mid",142
enharmonic equivalent to diminished triad above C#,C#-minor-diminished ninth chord,1/3,"Agnew, Roy, Dance of the Wild Men, EOgmmiZ0iFE.mid",143
C#-minor-diminished ninth chord,C-phrygian pentachord,0.25,"Agnew, Roy, Dance of the Wild Men, EOgmmiZ0iFE.mid",144
C-phrygian pentachord,C-phrygian trichord,1/6,"Agnew, Roy, Dance of the Wild Men, EOgmmiZ0iFE.mid",145
C-phrygian trichord,Diminished Seventh above C#,0.25,"Agnew, Roy, Dance of the Wild Men, EOgmmiZ0iFE.mid",146
Diminished Seventh above C#,C#-all-interval tetrachord,1/3,"Agnew, Roy, Dance of the Wild Men, EOgmmiZ0iFE.mid",147
C#-all-interval tetrachord,C#-all-interval tetrachord,1/6,"Agnew, Roy, Dance of the Wild Men, EOgmmiZ0iFE.mid",148
C#-all-interval tetrachord,Diminished Seventh above C#,0.25,"Agnew, Roy, Dance of the Wild Men, EOgmmiZ0iFE.mid",149
Diminished Seventh above C#,enharmonic equivalent to half-diminished seventh chord above C#,1/12,"Agnew, Roy, Dance of the Wild Men, EOgmmiZ0iFE.mid",150
enharmonic equivalent to half-diminished seventh chord above C#,F-incomplete half-diminished seventh chord,5/12,"Agnew, Roy, Dance of the Wild Men, EOgmmiZ0iFE.mid",151
F-incomplete half-diminished seventh chord,enharmonic equivalent to half-diminished seventh chord above C#,0.25,"Agnew, Roy, Dance of the Wild Men, EOgmmiZ0iFE.mid",152
enharmonic equivalent to half-diminished seventh chord above C#,Diminished Seventh above C#,1/6,"Agnew, Roy, Dance of the Wild Men, EOgmmiZ0iFE.mid",153
Diminished Seventh above C#,Bb-major-second minor tetrachord,1/12,"Agnew, Roy, Dance of the Wild Men, EOgmmiZ0iFE.mid",154
Bb-major-second minor tetrachord,Bb-major-second minor tetrachord,0.5,"Agnew, Roy, Dance of the Wild Men, EOgmmiZ0iFE.mid",155
Bb-major-second minor tetrachord,enharmonic equivalent to minor-ninth chord above C,1/6,"Agnew, Roy, Dance of the Wild Men, EOgmmiZ0iFE.mid",156
enharmonic equivalent to minor-ninth chord above C,F-perfect-fourth minor tetrachord,1/12,"Agnew, Roy, Dance of the Wild Men, EOgmmiZ0iFE.mid",157
F-perfect-fourth minor tetrachord,F-Guidonian hexachord,1/6,"Agnew, Roy, Dance of the Wild Men, EOgmmiZ0iFE.mid",158
F-Guidonian hexachord,F-major pentatonic,1/12,"Agnew, Roy, Dance of the Wild Men, EOgmmiZ0iFE.mid",159
F-major pentatonic,F-Guidonian hexachord,1/12,"Agnew, Roy, Dance of the Wild Men, EOgmmiZ0iFE.mid",160
F-Guidonian hexachord,Ab-major pentachord,1/12,"Agnew, Roy, Dance of the Wild Men, EOgmmiZ0iFE.mid",161
Ab-major pentachord,Ab-major pentachord,1/12,"Agnew, Roy, Dance of the Wild Men, EOgmmiZ0iFE.mid",162
Ab-major pentachord,A-harmonic minor tetrachord,0.25,"Agnew, Roy, Dance of the Wild Men, EOgmmiZ0iFE.mid",163
A-harmonic minor tetrachord,F-augmented-diminished ninth chord,0.25,"Agnew, Roy, Dance of the Wild Men, EOgmmiZ0iFE.mid",164
F-augmented-diminished ninth chord,F-major pentatonic,0.25,"Agnew, Roy, Dance of the Wild Men, EOgmmiZ0iFE.mid",165
F-major pentatonic,Diminished Fourth above C#,0.25,"Agnew, Roy, Dance of the Wild Men, EOgmmiZ0iFE.mid",166
Diminished Fourth above C#,F-incomplete major-seventh chord,0.25,"Agnew, Roy, Dance of the Wild Men, EOgmmiZ0iFE.mid",167
F-incomplete major-seventh chord,C,1/6,"Agnew, Roy, Dance of the Wild Men, EOgmmiZ0iFE.mid",168
C,Bb-major-second minor tetrachord,1/12,"Agnew, Roy, Dance of the Wild Men, EOgmmiZ0iFE.mid",169
Bb-major-second minor tetrachord,Bb-major-second minor tetrachord,0.25,"Agnew, Roy, Dance of the Wild Men, EOgmmiZ0iFE.mid",170
Bb-major-second minor tetrachord,Bb-major-second minor tetrachord,1/6,"Agnew, Roy, Dance of the Wild Men, EOgmmiZ0iFE.mid",171
Bb-major-second minor tetrachord,B-,1/6,"Agnew, Roy, Dance of the Wild Men, EOgmmiZ0iFE.mid",172
B-,F-minor trichord,1/6,"Agnew, Roy, Dance of the Wild Men, EOgmmiZ0iFE.mid",173
F-minor trichord,F-dominant-eleventh,0.25,"Agnew, Roy, Dance of the Wild Men, EOgmmiZ0iFE.mid",174
F-dominant-eleventh,F-dominant-eleventh,1/12,"Agnew, Roy, Dance of the Wild Men, EOgmmiZ0iFE.mid",175
F-dominant-eleventh,F-all-interval tetrachord,1/6,"Agnew, Roy, Dance of the Wild Men, EOgmmiZ0iFE.mid",176
F-all-interval tetrachord,A-augmented-sixth pentachord,0.25,"Agnew, Roy, Dance of the Wild Men, EOgmmiZ0iFE.mid",177
A-augmented-sixth pentachord,F-augmented triad,1/6,"Agnew, Roy, Dance of the Wild Men, EOgmmiZ0iFE.mid",178
F-augmented triad,F-augmented major tetrachord,1/12,"Agnew, Roy, Dance of the Wild Men, EOgmmiZ0iFE.mid",179
F-augmented major tetrachord,enharmonic equivalent to minor-ninth chord above Ab,0.25,"Agnew, Roy, Dance of the Wild Men, EOgmmiZ0iFE.mid",180
enharmonic equivalent to minor-ninth chord above Ab,enharmonic equivalent to minor-ninth chord above Ab,0.25,"Agnew, Roy, Dance of the Wild Men, EOgmmiZ0iFE.mid",181
enharmonic equivalent to minor-ninth chord above Ab,enharmonic equivalent to minor-ninth chord above Ab,1/12,"Agnew, Roy, Dance of the Wild Men, EOgmmiZ0iFE.mid",182
enharmonic equivalent to minor-ninth chord above Ab,enharmonic equivalent to minor-ninth chord above Ab,5/12,"Agnew, Roy, Dance of the Wild Men, EOgmmiZ0iFE.mid",183
enharmonic equivalent to minor-ninth chord above Ab,F-major-second major tetrachord,1/3,"Agnew, Roy, Dance of the Wild Men, EOgmmiZ0iFE.mid",184
F-major-second major tetrachord,F-major-second major tetrachord,1/6,"Agnew, Roy, Dance of the Wild Men, EOgmmiZ0iFE.mid",185
F-major-second major tetrachord,Perfect Fourth above C,1/3,"Agnew, Roy, Dance of the Wild Men, EOgmmiZ0iFE.mid",186
Perfect Fourth above C,F#-major-second major tetrachord,1/3,"Agnew, Roy, Dance of the Wild Men, EOgmmiZ0iFE.mid",187
F#-major-second major tetrachord,F#-major-second major tetrachord,1/6,"Agnew, Roy, Dance of the Wild Men, EOgmmiZ0iFE.mid",188
F#-major-second major tetrachord,E,1/6,"Agnew, Roy, Dance of the Wild Men, EOgmmiZ0iFE.mid",189
E,C-major-second major tetrachord,1/3,"Agnew, Roy, Dance of the Wild Men, EOgmmiZ0iFE.mid",190
C-major-second major tetrachord,Ab-minor-second quartal tetrachord,0.25,"Agnew, Roy, Dance of the Wild Men, EOgmmiZ0iFE.mid",191
Ab-minor-second quartal tetrachord,B-center-cluster pentachord,0.25,"Agnew, Roy, Dance of the Wild Men, EOgmmiZ0iFE.mid",192
B-center-cluster pentachord,C#-major-second major tetrachord,0.25,"Agnew, Roy, Dance of the Wild Men, EOgmmiZ0iFE.mid",193
C#-major-second major tetrachord,B,0.25,"Agnew, Roy, Dance of the Wild Men, EOgmmiZ0iFE.mid",194
B,D-major pentatonic,0.25,"Agnew, Roy, Dance of the Wild Men, EOgmmiZ0iFE.mid",195
D-major pentatonic,F#-major-second major tetrachord,1/3,"Agnew, Roy, Dance of the Wild Men, EOgmmiZ0iFE.mid",196
F#-major-second major tetrachord,F#-major-second major tetrachord,1/6,"Agnew, Roy, Dance of the Wild Men, EOgmmiZ0iFE.mid",197
F#-major-second major tetrachord,Perfect Fifth above E,1/12,"Agnew, Roy, Dance of the Wild Men, EOgmmiZ0iFE.mid",198
Perfect Fifth above E,C-whole-tone trichord,1/3,"Agnew, Roy, Dance of the Wild Men, EOgmmiZ0iFE.mid",199
C-whole-tone trichord,C-major-second major tetrachord,0.25,"Agnew, Roy, Dance of the Wild Men, EOgmmiZ0iFE.mid",200
C-major-second major tetrachord,C-whole-tone trichord,1/12,"Agnew, Roy, Dance of the Wild Men, EOgmmiZ0iFE.mid",201
C-whole-tone trichord,C#-major-second major tetrachord,0.25,"Agnew, Roy, Dance of the Wild Men, EOgmmiZ0iFE.mid",202
C#-major-second major tetrachord,C-major-seventh pentacluster,1/12,"Agnew, Roy, Dance of the Wild Men, EOgmmiZ0iFE.mid",203
C-major-seventh pentacluster,C-major-seventh pentacluster,1/6,"Agnew, Roy, Dance of the Wild Men, EOgmmiZ0iFE.mid",204
C-major-seventh pentacluster,C#-major-second major tetrachord,1/12,"Agnew, Roy, Dance of the Wild Men, EOgmmiZ0iFE.mid",205
C#-major-second major tetrachord,C#-major-second major tetrachord,1/6,"Agnew, Roy, Dance of the Wild Men, EOgmmiZ0iFE.mid",206
C#-major-second major tetrachord,enharmonic equivalent to major triad above B,0.25,"Agnew, Roy, Dance of the Wild Men, EOgmmiZ0iFE.mid",207
enharmonic equivalent to major triad above B,Major Second above C,1/6,"Agnew, Roy, Dance of the Wild Men, EOgmmiZ0iFE.mid",208
Major Second above C,C-chromatic tetramirror,1/12,"Agnew, Roy, Dance of the Wild Men, EOgmmiZ0iFE.mid",209
C-chromatic tetramirror,Diminished Third above C#,1/6,"Agnew, Roy, Dance of the Wild Men, EOgmmiZ0iFE.mid",210
Diminished Third above C#,Perfect Fifth above D,0.25,"Agnew, Roy, Dance of the Wild Men, EOgmmiZ0iFE.mid",211
Perfect Fifth above D,C#-incomplete minor-seventh chord,1/3,"Agnew, Roy, Dance of the Wild Men, EOgmmiZ0iFE.mid",212
C#-incomplete minor-seventh chord,C#-all-interval tetrachord,1/6,"Agnew, Roy, Dance of the Wild Men, EOgmmiZ0iFE.mid",213
C#-all-interval tetrachord,F,1/12,"Agnew, Roy, Dance of the Wild Men, EOgmmiZ0iFE.mid",214
F,B-perfect-fourth minor tetrachord,5/12,"Agnew, Roy, Dance of the Wild Men, EOgmmiZ0iFE.mid",215
B-perfect-fourth minor tetrachord,B-perfect-fourth minor tetrachord,0.25,"Agnew, Roy, Dance of the Wild Men, EOgmmiZ0iFE.mid",216
B-perfect-fourth minor tetrachord,E,0.25,"Agnew, Roy, Dance of the Wild Men, EOgmmiZ0iFE.mid",217
E,Major Third above C,0.25,"Agnew, Roy, Dance of the Wild Men, EOgmmiZ0iFE.mid",218
Major Third above C,C#,0.25,"Agnew, Roy, Dance of the Wild Men, EOgmmiZ0iFE.mid",219
C#,Major Second above D,0.25,"Agnew, Roy, Dance of the Wild Men, EOgmmiZ0iFE.mid",220
Major Second above D,E-,0.25,"Agnew, Roy, Dance of the Wild Men, EOgmmiZ0iFE.mid",221
E-,F-dominant-ninth,1/12,"Agnew, Roy, Dance of the Wild Men, EOgmmiZ0iFE.mid",222
F-dominant-ninth,F-Scriabin's Mystic-chord,0.25,"Agnew, Roy, Dance of the Wild Men, EOgmmiZ0iFE.mid",223
F-Scriabin's Mystic-chord,F-dominant-ninth,1/6,"Agnew, Roy, Dance of the Wild Men, EOgmmiZ0iFE.mid",224
F-dominant-ninth,F,1/12,"Agnew, Roy, Dance of the Wild Men, EOgmmiZ0iFE.mid",225
F,F-minor-second quartal tetrachord,0.25,"Agnew, Roy, Dance of the Wild Men, EOgmmiZ0iFE.mid",226
F-minor-second quartal tetrachord,C-phrygian pentachord,0.25,"Agnew, Roy, Dance of the Wild Men, EOgmmiZ0iFE.mid",227
C-phrygian pentachord,C-phrygian pentachord,2/3,"Agnew, Roy, Dance of the Wild Men, EOgmmiZ0iFE.mid",228
C-phrygian pentachord,F-Scriabin's Mystic-chord,1/12,"Agnew, Roy, Dance of the Wild Men, EOgmmiZ0iFE.mid",229
F-Scriabin's Mystic-chord,A-diminished triad,0.25,"Agnew, Roy, Dance of the Wild Men, EOgmmiZ0iFE.mid",230
A-diminished triad,A-half-diminished seventh chord,1/3,"Agnew, Roy, Dance of the Wild Men, EOgmmiZ0iFE.mid",231
A-half-diminished seventh chord,A-half-diminished seventh chord,1/3,"Agnew, Roy, Dance of the Wild Men, EOgmmiZ0iFE.mid",232
A-half-diminished seventh chord,A-incomplete half-diminished seventh chord,1/12,"Agnew, Roy, Dance of the Wild Men, EOgmmiZ0iFE.mid",233
A-incomplete half-diminished seventh chord,A-perfect-fourth minor tetrachord,1/12,"Agnew, Roy, Dance of the Wild Men, EOgmmiZ0iFE.mid",234
A-perfect-fourth minor tetrachord,A-perfect-fourth minor tetrachord,1/6,"Agnew, Roy, Dance of the Wild Men, EOgmmiZ0iFE.mid",235
A-perfect-fourth minor tetrachord,D-dominant-ninth,1/3,"Agnew, Roy, Dance of the Wild Men, EOgmmiZ0iFE.mid",236
D-dominant-ninth,D-dominant-ninth,1/6,"Agnew, Roy, Dance of the Wild Men, EOgmmiZ0iFE.mid",237
D-dominant-ninth,F-augmented major tetrachord,0.5,"Agnew, Roy, Dance of the Wild Men, EOgmmiZ0iFE.mid",238
F-augmented major tetrachord,F-augmented-diminished ninth chord,0.25,"Agnew, Roy, Dance of the Wild Men, EOgmmiZ0iFE.mid",239
F-augmented-diminished ninth chord,Augmented Fourth above Eb,1/12,"Agnew, Roy, Dance of the Wild Men, EOgmmiZ0iFE.mid",240
Augmented Fourth above Eb,F#-diminished triad,5/12,"Agnew, Roy, Dance of the Wild Men, EOgmmiZ0iFE.mid",241
F#-diminished triad,F#-half-diminished seventh chord,0.25,"Agnew, Roy, Dance of the Wild Men, EOgmmiZ0iFE.mid",242
F#-half-diminished seventh chord,F#-half-diminished seventh chord,1/3,"Agnew, Roy, Dance of the Wild Men, EOgmmiZ0iFE.mid",243
F#-half-diminished seventh chord,E,1/12,"Agnew, Roy, Dance of the Wild Men, EOgmmiZ0iFE.mid",244
E,A-half-diminished seventh chord,7/12,"Agnew, Roy, Dance of the Wild Men, EOgmmiZ0iFE.mid",245
A-half-diminished seventh chord,A-blues scale,1/12,"Agnew, Roy, Dance of the Wild Men, EOgmmiZ0iFE.mid",246
A-blues scale,Minor Seventh above E,1/6,"Agnew, Roy, Dance of the Wild Men, EOgmmiZ0iFE.mid",247
Minor Seventh above E,D-whole-tone trichord,0.25,"Agnew, Roy, Dance of the Wild Men, EOgmmiZ0iFE.mid",248
D-whole-tone trichord,D-major-second major tetrachord,0.25,"Agnew, Roy, Dance of the Wild Men, EOgmmiZ0iFE.mid",249
D-major-second major tetrachord,F-augmented major tetrachord,1/12,"Agnew, Roy, Dance of the Wild Men, EOgmmiZ0iFE.mid",250
F-augmented major tetrachord,F-augmented major tetrachord,0.25,"Agnew, Roy, Dance of the Wild Men, EOgmmiZ0iFE.mid",251
F-augmented major tetrachord,F-augmented-diminished ninth chord,1/6,"Agnew, Roy, Dance of the Wild Men, EOgmmiZ0iFE.mid",252
F-augmented-diminished ninth chord,F-augmented-diminished ninth chord,1/6,"Agnew, Roy, Dance of the Wild Men, EOgmmiZ0iFE.mid",253
F-augmented-diminished ninth chord,Major Third above A,1/12,"Agnew, Roy, Dance of the Wild Men, EOgmmiZ0iFE.mid",254
Major Third above A,A,0.25,"Agnew, Roy, Dance of the Wild Men, EOgmmiZ0iFE.mid",255
A,F#-diminished triad,0.25,"Agnew, Roy, Dance of the Wild Men, EOgmmiZ0iFE.mid",256
F#-diminished triad,F#-half-diminished seventh chord,1/6,"Agnew, Roy, Dance of the Wild Men, EOgmmiZ0iFE.mid",257
F#-half-diminished seventh chord,F#-incomplete half-diminished seventh chord,1/12,"Agnew, Roy, Dance of the Wild Men, EOgmmiZ0iFE.mid",258
F#-incomplete half-diminished seventh chord,F#-half-diminished seventh chord,0.5,"Agnew, Roy, Dance of the Wild Men, EOgmmiZ0iFE.mid",259
F#-half-diminished seventh chord,F#-diminished-major ninth chord,1/6,"Agnew, Roy, Dance of the Wild Men, EOgmmiZ0iFE.mid",260
F#-diminished-major ninth chord,C-all-interval tetrachord,1/12,"Agnew, Roy, Dance of the Wild Men, EOgmmiZ0iFE.mid",261
C-all-interval tetrachord,Minor Sixth above G,0.25,"Agnew, Roy, Dance of the Wild Men, EOgmmiZ0iFE.mid",262
Minor Sixth above G,A-incomplete half-diminished seventh chord,0.25,"Agnew, Roy, Dance of the Wild Men, EOgmmiZ0iFE.mid",263
A-incomplete half-diminished seventh chord,A-half-diminished seventh chord,0.25,"Agnew, Roy, Dance of the Wild Men, EOgmmiZ0iFE.mid",264
A-half-diminished seventh chord,A-half-diminished seventh chord,1/12,"Agnew, Roy, Dance of the Wild Men, EOgmmiZ0iFE.mid",265
A-half-diminished seventh chord,Minor Sixth above G,0.25,"Agnew, Roy, Dance of the Wild Men, EOgmmiZ0iFE.mid",266
Minor Sixth above G,Eb-phrygian tetrachord,0.25,"Agnew, Roy, Dance of the Wild Men, EOgmmiZ0iFE.mid",267
Eb-phrygian tetrachord,G-incomplete dominant-seventh chord,1/12,"Agnew, Roy, Dance of the Wild Men, EOgmmiZ0iFE.mid",268
G-incomplete dominant-seventh chord,D-perfect-fourth minor tetrachord,1/3,"Agnew, Roy, Dance of the Wild Men, EOgmmiZ0iFE.mid",269
D-perfect-fourth minor tetrachord,G-dominant-ninth,1/6,"Agnew, Roy, Dance of the Wild Men, EOgmmiZ0iFE.mid",270
G-dominant-ninth,G-dominant-ninth,1/6,"Agnew, Roy, Dance of the Wild Men, EOgmmiZ0iFE.mid",271
G-dominant-ninth,C-minor triad,1/3,"Agnew, Roy, Dance of the Wild Men, EOgmmiZ0iFE.mid",272
C-minor triad,C-minor triad,1/3,"Agnew, Roy, Dance of the Wild Men, EOgmmiZ0iFE.mid",273
C-minor triad,A-half-diminished seventh chord,0.25,"Agnew, Roy, Dance of the Wild Men, EOgmmiZ0iFE.mid",274
A-half-diminished seventh chord,A-Kumoi pentachord,1/12,"Agnew, Roy, Dance of the Wild Men, EOgmmiZ0iFE.mid",275
A-Kumoi pentachord,Perfect Fifth above G,5/12,"Agnew, Roy, Dance of the Wild Men, EOgmmiZ0iFE.mid",276
Perfect Fifth above G,C-quartal trichord,7/12,"Agnew, Roy, Dance of the Wild Men, EOgmmiZ0iFE.mid",277
C-quartal trichord,G-perfect-fourth major tetrachord,1/6,"Agnew, Roy, Dance of the Wild Men, EOgmmiZ0iFE.mid",278
G-perfect-fourth major tetrachord,G-major triad,1/6,"Agnew, Roy, Dance of the Wild Men, EOgmmiZ0iFE.mid",279
G-major triad,G-dominant seventh chord,1/3,"Agnew, Roy, Dance of the Wild Men, EOgmmiZ0iFE.mid",280
G-dominant seventh chord,G-dominant seventh chord,1/6,"Agnew, Roy, Dance of the Wild Men, EOgmmiZ0iFE.mid",281
G-dominant seventh chord,G-dominant seventh chord,1/6,"Agnew, Roy, Dance of the Wild Men, EOgmmiZ0iFE.mid",282
G-dominant seventh chord,B-incomplete minor-seventh chord,2/3,"Agnew, Roy, Dance of the Wild Men, EOgmmiZ0iFE.mid",283
B-incomplete minor-seventh chord,G-major-second major tetrachord,7/12,"Agnew, Roy, Dance of the Wild Men, EOgmmiZ0iFE.mid",284
G-major-second major tetrachord,G,1/12,"Agnew, Roy, Dance of the Wild Men, EOgmmiZ0iFE.mid",285
G,Eb-incomplete major-seventh chord,1/3,"Agnew, Roy, Dance of the Wild Men, EOgmmiZ0iFE.mid",286
Eb-incomplete major-seventh chord,Perfect Fifth above F#,0.25,"Agnew, Roy, Dance of the Wild Men, EOgmmiZ0iFE.mid",287
Perfect Fifth above F#,Eb-incomplete major-seventh chord,0.25,"Agnew, Roy, Dance of the Wild Men, EOgmmiZ0iFE.mid",288
Eb-incomplete major-seventh chord,Bb-major pentachord,0.25,"Agnew, Roy, Dance of the Wild Men, EOgmmiZ0iFE.mid",289
Bb-major pentachord,Eb-incomplete major-seventh chord,1/6,"Agnew, Roy, Dance of the Wild Men, EOgmmiZ0iFE.mid",290
Eb-incomplete major-seventh chord,Perfect Fourth above A,5/12,"Agnew, Roy, Dance of the Wild Men, EOgmmiZ0iFE.mid",291
Perfect Fourth above A,B-quartal tetramirror,1/3,"Agnew, Roy, Dance of the Wild Men, EOgmmiZ0iFE.mid",292
B-quartal tetramirror,Ab-quartal tetramirror,0.25,"Agnew, Roy, Dance of the Wild Men, EOgmmiZ0iFE.mid",293
Ab-quartal tetramirror,G-tritone-fourth,0.25,"Agnew, Roy, Dance of the Wild Men, EOgmmiZ0iFE.mid",294
G-tritone-fourth,Major Sixth above E,0.25,"Agnew, Roy, Dance of the Wild Men, EOgmmiZ0iFE.mid",295
Major Sixth above E,Augmented Second above Bb,0.25,"Agnew, Roy, Dance of the Wild Men, EOgmmiZ0iFE.mid",296
Augmented Second above Bb,Major Third above F,0.25,"Agnew, Roy, Dance of the Wild Men, EOgmmiZ0iFE.mid",297
Major Third above F,Major Third above F,0.5,"Agnew, Roy, Dance of the Wild Men, EOgmmiZ0iFE.mid",298
Major Third above F,B-,0.25,"Agnew, Roy, Dance of the Wild Men, EOgmmiZ0iFE.mid",299
B-,Major Third above C,0.25,"Agnew, Roy, Dance of the Wild Men, EOgmmiZ0iFE.mid",300
Major Third above C,F#-minor triad,0.25,"Agnew, Roy, Dance of the Wild Men, EOgmmiZ0iFE.mid",301
F#-minor triad,enharmonic equivalent to half-diminished seventh chord above A,1/12,"Agnew, Roy, Dance of the Wild Men, EOgmmiZ0iFE.mid",302
enharmonic equivalent to half-diminished seventh chord above A,Augmented Second above Eb,1/6,"Agnew, Roy, Dance of the Wild Men, EOgmmiZ0iFE.mid",303
Augmented Second above Eb,Major Sixth above E,0.25,"Agnew, Roy, Dance of the Wild Men, EOgmmiZ0iFE.mid",304
Major Sixth above E,D-minor triad,0.25,"Agnew, Roy, Dance of the Wild Men, EOgmmiZ0iFE.mid",305
D-minor triad,B-half-diminished seventh chord,5/12,"Agnew, Roy, Dance of the Wild Men, EOgmmiZ0iFE.mid",306
B-half-diminished seventh chord,B,1/12,"Agnew, Roy, Dance of the Wild Men, EOgmmiZ0iFE.mid",307
B,Major Third above Bb,0.25,"Agnew, Roy, Dance of the Wild Men, EOgmmiZ0iFE.mid",308
Major Third above Bb,C,0.25,"Agnew, Roy, Dance of the Wild Men, EOgmmiZ0iFE.mid",309
C,Major Third above A,0.5,"Agnew, Roy, Dance of the Wild Men, EOgmmiZ0iFE.mid",310
Major Third above A,Ab-incomplete major-seventh chord,0.5,"Agnew, Roy, Dance of the Wild Men, EOgmmiZ0iFE.mid",311
Ab-incomplete major-seventh chord,A-,1/6,"Agnew, Roy, Dance of the Wild Men, EOgmmiZ0iFE.mid",312
A-,G,1/3,"Agnew, Roy, Dance of the Wild Men, EOgmmiZ0iFE.mid",313
G,Major Second above G,0.25,"Agnew, Roy, Dance of the Wild Men, EOgmmiZ0iFE.mid",314
Major Second above G,G-whole-tone trichord,1/12,"Agnew, Roy, Dance of the Wild Men, EOgmmiZ0iFE.mid",315
G-whole-tone trichord,A-lydian tetrachord,1/6,"Agnew, Roy, Dance of the Wild Men, EOgmmiZ0iFE.mid",316
A-lydian tetrachord,A-Guidonian hexachord,1/6,"Agnew, Roy, Dance of the Wild Men, EOgmmiZ0iFE.mid",317
A-Guidonian hexachord,C-phrygian tetrachord,1/6,"Agnew, Roy, Dance of the Wild Men, EOgmmiZ0iFE.mid",318
C-phrygian tetrachord,C-phrygian tetrachord,1/6,"Agnew, Roy, Dance of the Wild Men, EOgmmiZ0iFE.mid",319
C-phrygian tetrachord,G-Spanish pentacluster,0.25,"Agnew, Roy, Dance of the Wild Men, EOgmmiZ0iFE.mid",320
G-Spanish pentacluster,G-whole-tone tetramirror,1/6,"Agnew, Roy, Dance of the Wild Men, EOgmmiZ0iFE.mid",321
G-whole-tone tetramirror,E-phrygian pentachord,1/12,"Agnew, Roy, Dance of the Wild Men, EOgmmiZ0iFE.mid",322
E-phrygian pentachord,Perfect Fifth above E,1/6,"Agnew, Roy, Dance of the Wild Men, EOgmmiZ0iFE.mid",323
Perfect Fifth above E,C#-major-second tetracluster,0.25,"Agnew, Roy, Dance of the Wild Men, EOgmmiZ0iFE.mid",324
C#-major-second tetracluster,B,1/12,"Agnew, Roy, Dance of the Wild Men, EOgmmiZ0iFE.mid",325
B,B-phrygian pentachord,0.25,"Agnew, Roy, Dance of the Wild Men, EOgmmiZ0iFE.mid",326
B-phrygian pentachord,forte class 7-24A above A,0.25,"Agnew, Roy, Dance of the Wild Men, EOgmmiZ0iFE.mid",327
forte class 7-24A above A,F-incomplete half-diminished seventh chord,0.25,"Agnew, Roy, Dance of the Wild Men, EOgmmiZ0iFE.mid",328
F-incomplete half-diminished seventh chord,A-tritone quartal tetrachord,0.25,"Agnew, Roy, Dance of the Wild Men, EOgmmiZ0iFE.mid",329
A-tritone quartal tetrachord,Minor Seventh above D,0.25,"Agnew, Roy, Dance of the Wild Men, EOgmmiZ0iFE.mid",330
Minor Seventh above D,C-phrygian tetrachord,0.5,"Agnew, Roy, Dance of the Wild Men, EOgmmiZ0iFE.mid",331
C-phrygian tetrachord,G-alternating tetramirror,0.25,"Agnew, Roy, Dance of the Wild Men, EOgmmiZ0iFE.mid",332
G-alternating tetramirror,E-phrygian pentachord,0.25,"Agnew, Roy, Dance of the Wild Men, EOgmmiZ0iFE.mid",333
E-phrygian pentachord,A-tritone-contracting pentachord,1/3,"Agnew, Roy, Dance of the Wild Men, EOgmmiZ0iFE.mid",334
A-tritone-contracting pentachord,B-perfect-fourth minor tetrachord,1/6,"Agnew, Roy, Dance of the Wild Men, EOgmmiZ0iFE.mid",335
B-perfect-fourth minor tetrachord,B-phrygian pentachord,0.25,"Agnew, Roy, Dance of the Wild Men, EOgmmiZ0iFE.mid",336
B-phrygian pentachord,Bb-combinatorial RI (RI2),0.25,"Agnew, Roy, Dance of the Wild Men, EOgmmiZ0iFE.mid",337
Bb-combinatorial RI (RI2),Bb-combinatorial RI (RI2),0.25,"Agnew, Roy, Dance of the Wild Men, EOgmmiZ0iFE.mid",338
Bb-combinatorial RI (RI2),forte class 7-24A above A,1/12,"Agnew, Roy, Dance of the Wild Men, EOgmmiZ0iFE.mid",339
forte class 7-24A above A,A-chromatic tetramirror,1/12,"Agnew, Roy, Dance of the Wild Men, EOgmmiZ0iFE.mid",340
A-chromatic tetramirror,Major Seventh above C,1/12,"Agnew, Roy, Dance of the Wild Men, EOgmmiZ0iFE.mid",341
Major Seventh above C,Minor Second above B,1/6,"Agnew, Roy, Dance of the Wild Men, EOgmmiZ0iFE.mid",342
Minor Second above B,C-minor third tetracluster,1/12,"Agnew, Roy, Dance of the Wild Men, EOgmmiZ0iFE.mid",343
C-minor third tetracluster,Major Sixth above Bb,0.25,"Agnew, Roy, Dance of the Wild Men, EOgmmiZ0iFE.mid",344
Major Sixth above Bb,Minor Third above A,0.25,"Agnew, Roy, Dance of the Wild Men, EOgmmiZ0iFE.mid",345
Minor Third above A,D-whole-tone tetramirror,0.25,"Agnew, Roy, Dance of the Wild Men, EOgmmiZ0iFE.mid",346
D-whole-tone tetramirror,B-phrygian pentachord,1/6,"Agnew, Roy, Dance of the Wild Men, EOgmmiZ0iFE.mid",347
B-phrygian pentachord,Bb-combinatorial I (I11),1/12,"Agnew, Roy, Dance of the Wild Men, EOgmmiZ0iFE.mid",348
Bb-combinatorial I (I11),Bb-whole-tone pentachord,0.25,"Agnew, Roy, Dance of the Wild Men, EOgmmiZ0iFE.mid",349
Bb-whole-tone pentachord,Bb-Scriabin's Mystic-chord,1/3,"Agnew, Roy, Dance of the Wild Men, EOgmmiZ0iFE.mid",350
Bb-Scriabin's Mystic-chord,Bb-combinatorial I (I11),1/12,"Agnew, Roy, Dance of the Wild Men, EOgmmiZ0iFE.mid",351
Bb-combinatorial I (I11),B-phrygian pentachord,1/12,"Agnew, Roy, Dance of the Wild Men, EOgmmiZ0iFE.mid",352
B-phrygian pentachord,G-center-cluster pentachord,1/6,"Agnew, Roy, Dance of the Wild Men, EOgmmiZ0iFE.mid",353
G-center-cluster pentachord,G-perfect-fourth minor tetrachord,1/12,"Agnew, Roy, Dance of the Wild Men, EOgmmiZ0iFE.mid",354
G-perfect-fourth minor tetrachord,Minor Seventh above D,1/6,"Agnew, Roy, Dance of the Wild Men, EOgmmiZ0iFE.mid",355
Minor Seventh above D,A,0.25,"Agnew, Roy, Dance of the Wild Men, EOgmmiZ0iFE.mid",356
A,F#-incomplete half-diminished seventh chord,0.25,"Agnew, Roy, Dance of the Wild Men, EOgmmiZ0iFE.mid",357
F#-incomplete half-diminished seventh chord,C-minor-second quartal tetrachord,0.25,"Agnew, Roy, Dance of the Wild Men, EOgmmiZ0iFE.mid",358
C-minor-second quartal tetrachord,C-asymmetric pentamirror,1/6,"Agnew, Roy, Dance of the Wild Men, EOgmmiZ0iFE.mid",359
C-asymmetric pentamirror,E-tritone quartal tetrachord,1/12,"Agnew, Roy, Dance of the Wild Men, EOgmmiZ0iFE.mid",360
E-tritone quartal tetrachord,F#-double-seconds triple-fourth pentachord,1/12,"Agnew, Roy, Dance of the Wild Men, EOgmmiZ0iFE.mid",361
F#-double-seconds triple-fourth pentachord,F#-quartal tetramirror,1/6,"Agnew, Roy, Dance of the Wild Men, EOgmmiZ0iFE.mid",362
F#-quartal tetramirror,F#-incomplete minor-seventh chord,1/12,"Agnew, Roy, Dance of the Wild Men, EOgmmiZ0iFE.mid",363
F#-incomplete minor-seventh chord,F#-half-diminished seventh chord,1/3,"Agnew, Roy, Dance of the Wild Men, EOgmmiZ0iFE.mid",364
F#-half-diminished seventh chord,E-quartal trichord,1/3,"Agnew, Roy, Dance of the Wild Men, EOgmmiZ0iFE.mid",365
E-quartal trichord,Augmented Fifth above Bb,0.25,"Agnew, Roy, Dance of the Wild Men, EOgmmiZ0iFE.mid",366
Augmented Fifth above Bb,Bb-major-minor trichord,1/12,"Agnew, Roy, Dance of the Wild Men, EOgmmiZ0iFE.mid",367
Bb-major-minor trichord,Major Sixth above A,1/6,"Agnew, Roy, Dance of the Wild Men, EOgmmiZ0iFE.mid",368
Major Sixth above A,F#-diminished triad,0.25,"Agnew, Roy, Dance of the Wild Men, EOgmmiZ0iFE.mid",369
F#-diminished triad,F#-perfect-fourth diminished tetrachord,0.25,"Agnew, Roy, Dance of the Wild Men, EOgmmiZ0iFE.mid",370
F#-perfect-fourth diminished tetrachord,Perfect Fifth above B,0.25,"Agnew, Roy, Dance of the Wild Men, EOgmmiZ0iFE.mid",371
Perfect Fifth above B,Augmented Unison above Bb,0.25,"Agnew, Roy, Dance of the Wild Men, EOgmmiZ0iFE.mid",372
Augmented Unison above Bb,Bb-chromatic trimirror,0.25,"Agnew, Roy, Dance of the Wild Men, EOgmmiZ0iFE.mid",373
Bb-chromatic trimirror,Bb-chromatic tetramirror,0.25,"Agnew, Roy, Dance of the Wild Men, EOgmmiZ0iFE.mid",374
Bb-chromatic tetramirror,Bb-chromatic trimirror,1/6,"Agnew, Roy, Dance of the Wild Men, EOgmmiZ0iFE.mid",375
Bb-chromatic trimirror,Major Second above Ab,1/12,"Agnew, Roy, Dance of the Wild Men, EOgmmiZ0iFE.mid",376
Major Second above Ab,A-,1/12,"Agnew, Roy, Dance of the Wild Men, EOgmmiZ0iFE.mid",377
A-,Minor Second above G,1/3,"Agnew, Roy, Dance of the Wild Men, EOgmmiZ0iFE.mid",378
Minor Second above G,F#-chromatic trimirror,1/3,"Agnew, Roy, Dance of the Wild Men, EOgmmiZ0iFE.mid",379
F#-chromatic trimirror,F-chromatic tetramirror,0.5,"Agnew, Roy, Dance of the Wild Men, EOgmmiZ0iFE.mid",380
F-chromatic tetramirror,G-chromatic trimirror,1/6,"Agnew, Roy, Dance of the Wild Men, EOgmmiZ0iFE.mid",381
G-chromatic trimirror,E-major-minor-diminished pentachord,1/12,"Agnew, Roy, Dance of the Wild Men, EOgmmiZ0iFE.mid",382
E-major-minor-diminished pentachord,E-major-minor tetramirror,1/12,"Agnew, Roy, Dance of the Wild Men, EOgmmiZ0iFE.mid",383
E-major-minor tetramirror,enharmonic equivalent to major triad above E,1/12,"Agnew, Roy, Dance of the Wild Men, EOgmmiZ0iFE.mid",384
enharmonic equivalent to major triad above E,enharmonic equivalent to major triad above E,0.75,"Agnew, Roy, Dance of the Wild Men, EOgmmiZ0iFE.mid",385
enharmonic equivalent to major triad above E,enharmonic equivalent to major triad above E,7/12,"Agnew, Roy, Dance of the Wild Men, EOgmmiZ0iFE.mid",386
enharmonic equivalent to major triad above E,E-major-minor tetramirror,5/12,"Agnew, Roy, Dance of the Wild Men, EOgmmiZ0iFE.mid",387
E-major-minor tetramirror,E-center-cluster pentachord,1/3,"Agnew, Roy, Dance of the Wild Men, EOgmmiZ0iFE.mid",388
E-center-cluster pentachord,E-center-cluster pentachord,1/3,"Agnew, Roy, Dance of the Wild Men, EOgmmiZ0iFE.mid",389
E-center-cluster pentachord,Ab-combinatorial P (P6),2/3,"Agnew, Roy, Dance of the Wild Men, EOgmmiZ0iFE.mid",390
Ab-combinatorial P (P6),Ab-combinatorial P (P6),0.25,"Agnew, Roy, Dance of the Wild Men, EOgmmiZ0iFE.mid",391
Ab-combinatorial P (P6),Ab-minor-major ninth chord,1/12,"Agnew, Roy, Dance of the Wild Men, EOgmmiZ0iFE.mid",392
Ab-minor-major ninth chord,Ab-perfect-fourth major tetrachord,1/12,"Agnew, Roy, Dance of the Wild Men, EOgmmiZ0iFE.mid",393
Ab-perfect-fourth major tetrachord,A-quartal trichord,1/3,"Agnew, Roy, Dance of the Wild Men, EOgmmiZ0iFE.mid",394
A-quartal trichord,A-quartal trichord,0.5,"Agnew, Roy, Dance of the Wild Men, EOgmmiZ0iFE.mid",395
A-quartal trichord,E-perfect-fourth minor tetrachord,0.25,"Agnew, Roy, Dance of the Wild Men, EOgmmiZ0iFE.mid",396
E-perfect-fourth minor tetrachord,E-perfect-fourth minor tetrachord,0.5,"Agnew, Roy, Dance of the Wild Men, EOgmmiZ0iFE.mid",397
E-perfect-fourth minor tetrachord,E-perfect-fourth minor tetrachord,1/3,"Agnew, Roy, Dance of the Wild Men, EOgmmiZ0iFE.mid",398
E-perfect-fourth minor tetrachord,E-major pentatonic,5/12,"Agnew, Roy, Dance of the Wild Men, EOgmmiZ0iFE.mid",399
E-major pentatonic,E-major pentatonic,0.25,"Agnew, Roy, Dance of the Wild Men, EOgmmiZ0iFE.mid",400
E-major pentatonic,E-major pentatonic,0.25,"Agnew, Roy, Dance of the Wild Men, EOgmmiZ0iFE.mid",401
E-major pentatonic,E-minor seventh chord,0.25,"Agnew, Roy, Dance of the Wild Men, EOgmmiZ0iFE.mid",402
E-minor seventh chord,E-incomplete dominant-seventh chord,1/6,"Agnew, Roy, Dance of the Wild Men, EOgmmiZ0iFE.mid",403
E-incomplete dominant-seventh chord,E-incomplete dominant-seventh chord,1/3,"Agnew, Roy, Dance of the Wild Men, EOgmmiZ0iFE.mid",404
E-incomplete dominant-seventh chord,E-minor seventh chord,1/3,"Agnew, Roy, Dance of the Wild Men, EOgmmiZ0iFE.mid",405
E-minor seventh chord,E-major pentatonic,1/3,"Agnew, Roy, Dance of the Wild Men, EOgmmiZ0iFE.mid",406
E-major pentatonic,B-quartal tetramirror,1/12,"Agnew, Roy, Dance of the Wild Men, EOgmmiZ0iFE.mid",407
B-quartal tetramirror,E-major pentatonic,0.25,"Agnew, Roy, Dance of the Wild Men, EOgmmiZ0iFE.mid",408
E-major pentatonic,E-major pentatonic,1/6,"Agnew, Roy, Dance of the Wild Men, EOgmmiZ0iFE.mid",409
E-major pentatonic,E-major pentatonic,1/3,"Agnew, Roy, Dance of the Wild Men, EOgmmiZ0iFE.mid",410
E-major pentatonic,E-major pentatonic,1/3,"Agnew, Roy, Dance of the Wild Men, EOgmmiZ0iFE.mid",411
E-major pentatonic,E-minor seventh chord,1/6,"Agnew, Roy, Dance of the Wild Men, EOgmmiZ0iFE.mid",412
E-minor seventh chord,E-major pentatonic,1/6,"Agnew, Roy, Dance of the Wild Men, EOgmmiZ0iFE.mid",413
E-major pentatonic,E-quartal tetramirror,1/12,"Agnew, Roy, Dance of the Wild Men, EOgmmiZ0iFE.mid",414
E-quartal tetramirror,E-major pentatonic,5/12,"Agnew, Roy, Dance of the Wild Men, EOgmmiZ0iFE.mid",415
E-major pentatonic,A-Guidonian hexachord,1/3,"Agnew, Roy, Dance of the Wild Men, EOgmmiZ0iFE.mid",416
A-Guidonian hexachord,D,1/12,"Agnew, Roy, Dance of the Wild Men, EOgmmiZ0iFE.mid",417
D,A-Guidonian hexachord,1/3,"Agnew, Roy, Dance of the Wild Men, EOgmmiZ0iFE.mid",418
A-Guidonian hexachord,A-Guidonian hexachord,0.5,"Agnew, Roy, Dance of the Wild Men, EOgmmiZ0iFE.mid",419
A-Guidonian hexachord,A-Guidonian hexachord,1/6,"Agnew, Roy, Dance of the Wild Men, EOgmmiZ0iFE.mid",420
A-Guidonian hexachord,E-major scale,1/12,"Agnew, Roy, Dance of the Wild Men, EOgmmiZ0iFE.mid",421
E-major scale,E-major scale,1/12,"Agnew, Roy, Dance of the Wild Men, EOgmmiZ0iFE.mid",422
E-major scale,B-major pentatonic,1/12,"Agnew, Roy, Dance of the Wild Men, EOgmmiZ0iFE.mid",423
B-major pentatonic,Major Second above E,0.25,"Agnew, Roy, Dance of the Wild Men, EOgmmiZ0iFE.mid",424
Major Second above E,F#-incomplete dominant-seventh chord,0.25,"Agnew, Roy, Dance of the Wild Men, EOgmmiZ0iFE.mid",425
F#-incomplete dominant-seventh chord,F#-minor seventh chord,0.25,"Agnew, Roy, Dance of the Wild Men, EOgmmiZ0iFE.mid",426
F#-minor seventh chord,F#-minor seventh chord,0.25,"Agnew, Roy, Dance of the Wild Men, EOgmmiZ0iFE.mid",427
F#-minor seventh chord,F#-minor seventh chord,0.25,"Agnew, Roy, Dance of the Wild Men, EOgmmiZ0iFE.mid",428
F#-minor seventh chord,F#-diminished-major ninth chord,0.25,"Agnew, Roy, Dance of the Wild Men, EOgmmiZ0iFE.mid",429
F#-diminished-major ninth chord,F#-minor tetramirror,0.25,"Agnew, Roy, Dance of the Wild Men, EOgmmiZ0iFE.mid",430
F#-minor tetramirror,F#-diminished-major ninth chord,0.25,"Agnew, Roy, Dance of the Wild Men, EOgmmiZ0iFE.mid",431
F#-diminished-major ninth chord,F#-diminished-major ninth chord,1/12,"Agnew, Roy, Dance of the Wild Men, EOgmmiZ0iFE.mid",432
F#-diminished-major ninth chord,F#-diminished-major ninth chord,1/6,"Agnew, Roy, Dance of the Wild Men, EOgmmiZ0iFE.mid",433
F#-diminished-major ninth chord,F#-minor seventh chord,0.25,"Agnew, Roy, Dance of the Wild Men, EOgmmiZ0iFE.mid",434
F#-minor seventh chord,F#-minor seventh chord,0.25,"Agnew, Roy, Dance of the Wild Men, EOgmmiZ0iFE.mid",435
F#-minor seventh chord,F#-minor seventh chord,0.25,"Agnew, Roy, Dance of the Wild Men, EOgmmiZ0iFE.mid",436
F#-minor seventh chord,F#-minor seventh chord,1/12,"Agnew, Roy, Dance of the Wild Men, EOgmmiZ0iFE.mid",437
F#-minor seventh chord,F#-minor seventh chord,1/12,"Agnew, Roy, Dance of the Wild Men, EOgmmiZ0iFE.mid",438
F#-minor seventh chord,F#-minor seventh chord,1/3,"Agnew, Roy, Dance of the Wild Men, EOgmmiZ0iFE.mid",439
F#-minor seventh chord,F#-diminished-major ninth chord,0.25,"Agnew, Roy, Dance of the Wild Men, EOgmmiZ0iFE.mid",440
F#-diminished-major ninth chord,F#-diminished-major ninth chord,0.25,"Agnew, Roy, Dance of the Wild Men, EOgmmiZ0iFE.mid",441
F#-diminished-major ninth chord,F#-diminished-major ninth chord,0.25,"Agnew, Roy, Dance of the Wild Men, EOgmmiZ0iFE.mid",442
F#-diminished-major ninth chord,F#-diminished-major ninth chord,1/6,"Agnew, Roy, Dance of the Wild Men, EOgmmiZ0iFE.mid",443
F#-diminished-major ninth chord,F#-diminished-major ninth chord,1/12,"Agnew, Roy, Dance of the Wild Men, EOgmmiZ0iFE.mid",444
F#-diminished-major ninth chord,F#-minor seventh chord,1/12,"Agnew, Roy, Dance of the Wild Men, EOgmmiZ0iFE.mid",445
F#-minor seventh chord,F#-incomplete minor-seventh chord,1/12,"Agnew, Roy, Dance of the Wild Men, EOgmmiZ0iFE.mid",446
F#-incomplete minor-seventh chord,F#-incomplete minor-seventh chord,1/12,"Agnew, Roy, Dance of the Wild Men, EOgmmiZ0iFE.mid",447
F#-incomplete minor-seventh chord,F#-minor seventh chord,1/3,"Agnew, Roy, Dance of the Wild Men, EOgmmiZ0iFE.mid",448
F#-minor seventh chord,F#-minor seventh chord,1/3,"Agnew, Roy, Dance of the Wild Men, EOgmmiZ0iFE.mid",449
F#-minor seventh chord,F#-minor seventh chord,1/3,"Agnew, Roy, Dance of the Wild Men, EOgmmiZ0iFE.mid",450
F#-minor seventh chord,F#-diminished-major ninth chord,1/3,"Agnew, Roy, Dance of the Wild Men, EOgmmiZ0iFE.mid",451
F#-diminished-major ninth chord,F#-diminished-major ninth chord,1/6,"Agnew, Roy, Dance of the Wild Men, EOgmmiZ0iFE.mid",452
F#-diminished-major ninth chord,F#-diminished-major ninth chord,1/6,"Agnew, Roy, Dance of the Wild Men, EOgmmiZ0iFE.mid",453
F#-diminished-major ninth chord,F#-minor-second diminished tetrachord,1/12,"Agnew, Roy, Dance of the Wild Men, EOgmmiZ0iFE.mid",454
F#-minor-second diminished tetrachord,F#-diminished-major ninth chord,0.25,"Agnew, Roy, Dance of the Wild Men, EOgmmiZ0iFE.mid",455
F#-diminished-major ninth chord,F#-diminished-major ninth chord,1/3,"Agnew, Roy, Dance of the Wild Men, EOgmmiZ0iFE.mid",456
F#-diminished-major ninth chord,F#-minor tetramirror,1/6,"Agnew, Roy, Dance of the Wild Men, EOgmmiZ0iFE.mid",457
F#-minor tetramirror,F#-diminished-major ninth chord,0.25,"Agnew, Roy, Dance of the Wild Men, EOgmmiZ0iFE.mid",458
F#-diminished-major ninth chord,F#-diminished-major ninth chord,13/12,"Agnew, Roy, Dance of the Wild Men, EOgmmiZ0iFE.mid",459
F#-diminished-major ninth chord,F#-minor tetramirror,1/6,"Agnew, Roy, Dance of the Wild Men, EOgmmiZ0iFE.mid",460
F#-minor tetramirror,F#-minor seventh chord,0.25,"Agnew, Roy, Dance of the Wild Men, EOgmmiZ0iFE.mid",461
F#-minor seventh chord,A-major triad,1/6,"Agnew, Roy, Dance of the Wild Men, EOgmmiZ0iFE.mid",462
A-major triad,Perfect Fourth above E,0.25,"Agnew, Roy, Dance of the Wild Men, EOgmmiZ0iFE.mid",463
Perfect Fourth above E,A-major triad,0.25,"Agnew, Roy, Dance of the Wild Men, EOgmmiZ0iFE.mid",464
A-major triad,A-major triad,1/12,"Agnew, Roy, Dance of the Wild Men, EOgmmiZ0iFE.mid",465
A-major triad,A-major triad,0.25,"Agnew, Roy, Dance of the Wild Men, EOgmmiZ0iFE.mid",466
A-major triad,F#-minor seventh chord,5/12,"Agnew, Roy, Dance of the Wild Men, EOgmmiZ0iFE.mid",467
F#-minor seventh chord,F#-minor seventh chord,1/3,"Agnew, Roy, Dance of the Wild Men, EOgmmiZ0iFE.mid",468
F#-minor seventh chord,E,5.25,"Agnew, Roy, Dance of the Wild Men, EOgmmiZ0iFE.mid",469
E,F#-minor seventh chord,0.25,"Agnew, Roy, Dance of the Wild Men, EOgmmiZ0iFE.mid",470
F#-minor seventh chord,F#-minor seventh chord,1/6,"Agnew, Roy, Dance of the Wild Men, EOgmmiZ0iFE.mid",471
F#-minor seventh chord,F#-incomplete minor-seventh chord,1/12,"Agnew, Roy, Dance of the Wild Men, EOgmmiZ0iFE.mid",472
F#-incomplete minor-seventh chord,F#-minor seventh chord,1/6,"Agnew, Roy, Dance of the Wild Men, EOgmmiZ0iFE.mid",473
F#-minor seventh chord,F#-incomplete dominant-seventh chord,1/12,"Agnew, Roy, Dance of the Wild Men, EOgmmiZ0iFE.mid",474
F#-incomplete dominant-seventh chord,F#-minor seventh chord,1/3,"Agnew, Roy, Dance of the Wild Men, EOgmmiZ0iFE.mid",475
F#-minor seventh chord,F#-incomplete minor-seventh chord,1/6,"Agnew, Roy, Dance of the Wild Men, EOgmmiZ0iFE.mid",476
F#-incomplete minor-seventh chord,F#-minor seventh chord,1/12,"Agnew, Roy, Dance of the Wild Men, EOgmmiZ0iFE.mid",477
F#-minor seventh chord,F#-diminished-major ninth chord,1/6,"Agnew, Roy, Dance of the Wild Men, EOgmmiZ0iFE.mid",478
F#-diminished-major ninth chord,F#-minor tetramirror,0.25,"Agnew, Roy, Dance of the Wild Men, EOgmmiZ0iFE.mid",479
F#-minor tetramirror,F#-diminished-major ninth chord,0.25,"Agnew, Roy, Dance of the Wild Men, EOgmmiZ0iFE.mid",480
F#-diminished-major ninth chord,enharmonic equivalent to half-diminished seventh chord above F#,1/12,"Agnew, Roy, Dance of the Wild Men, EOgmmiZ0iFE.mid",481
enharmonic equivalent to half-diminished seventh chord above F#,F#-minor triad,1/6,"Agnew, Roy, Dance of the Wild Men, EOgmmiZ0iFE.mid",482
F#-minor triad,D-major-ninth chord,1/12,"Agnew, Roy, Dance of the Wild Men, EOgmmiZ0iFE.mid",483
D-major-ninth chord,D-major-ninth chord,0.25,"Agnew, Roy, Dance of the Wild Men, EOgmmiZ0iFE.mid",484
D-major-ninth chord,D-major-second major tetrachord,5/12,"Agnew, Roy, Dance of the Wild Men, EOgmmiZ0iFE.mid",485
D-major-second major tetrachord,D-major-second major tetrachord,1/12,"Agnew, Roy, Dance of the Wild Men, EOgmmiZ0iFE.mid",486
D-major-second major tetrachord,D-major-second major tetrachord,1/6,"Agnew, Roy, Dance of the Wild Men, EOgmmiZ0iFE.mid",487
D-major-second major tetrachord,D-major-second major tetrachord,0.25,"Agnew, Roy, Dance of the Wild Men, EOgmmiZ0iFE.mid",488
D-major-second major tetrachord,B-major pentatonic,1/6,"Agnew, Roy, Dance of the Wild Men, EOgmmiZ0iFE.mid",489
B-major pentatonic,B-major pentatonic,1/12,"Agnew, Roy, Dance of the Wild Men, EOgmmiZ0iFE.mid",490
B-major pentatonic,B-major pentatonic,0.25,"Agnew, Roy, Dance of the Wild Men, EOgmmiZ0iFE.mid",491
B-major pentatonic,B-major pentatonic,0.25,"Agnew, Roy, Dance of the Wild Men, EOgmmiZ0iFE.mid",492
B-major pentatonic,B-major pentatonic,0.25,"Agnew, Roy, Dance of the Wild Men, EOgmmiZ0iFE.mid",493
B-major pentatonic,B-quartal tetramirror,1/12,"Agnew, Roy, Dance of the Wild Men, EOgmmiZ0iFE.mid",494
B-quartal tetramirror,B-incomplete minor-seventh chord,1/12,"Agnew, Roy, Dance of the Wild Men, EOgmmiZ0iFE.mid",495
B-incomplete minor-seventh chord,B-minor seventh chord,1/12,"Agnew, Roy, Dance of the Wild Men, EOgmmiZ0iFE.mid",496
B-minor seventh chord,B-minor triad,0.25,"Agnew, Roy, Dance of the Wild Men, EOgmmiZ0iFE.mid",497
B-minor triad,B-minor triad,0.25,"Agnew, Roy, Dance of the Wild Men, EOgmmiZ0iFE.mid",498
B-minor triad,B-minor triad,1/12,"Agnew, Roy, Dance of the Wild Men, EOgmmiZ0iFE.mid",499
B-minor triad,B-minor triad,1/6,"Agnew, Roy, Dance of the Wild Men, EOgmmiZ0iFE.mid",500
B-minor triad,enharmonic equivalent to half-diminished seventh chord above B,0.5,"Agnew, Roy, Dance of the Wild Men, EOgmmiZ0iFE.mid",501
enharmonic equivalent to half-diminished seventh chord above B,enharmonic equivalent to half-diminished seventh chord above B,0.5,"Agnew, Roy, Dance of the Wild Men, EOgmmiZ0iFE.mid",502
enharmonic equivalent to half-diminished seventh chord above B,enharmonic equivalent to dominant-ninth above E,0.25,"Agnew, Roy, Dance of the Wild Men, EOgmmiZ0iFE.mid",503
enharmonic equivalent to dominant-ninth above E,Perfect Fifth above E,1/6,"Agnew, Roy, Dance of the Wild Men, EOgmmiZ0iFE.mid",504
Perfect Fifth above E,Perfect Fifth above E,1/12,"Agnew, Roy, Dance of the Wild Men, EOgmmiZ0iFE.mid",505
Perfect Fifth above E,Perfect Fifth above E,1/3,"Agnew, Roy, Dance of the Wild Men, EOgmmiZ0iFE.mid",506
Perfect Fifth above E,enharmonic equivalent to major triad above E,1/6,"Agnew, Roy, Dance of the Wild Men, EOgmmiZ0iFE.mid",507
enharmonic equivalent to major triad above E,enharmonic equivalent to major triad above E,1/6,"Agnew, Roy, Dance of the Wild Men, EOgmmiZ0iFE.mid",508
enharmonic equivalent to major triad above E,enharmonic equivalent to major triad above E,1/3,"Agnew, Roy, Dance of the Wild Men, EOgmmiZ0iFE.mid",509
enharmonic equivalent to major triad above E,enharmonic equivalent to minor seventh chord above E,1/3,"Agnew, Roy, Dance of the Wild Men, EOgmmiZ0iFE.mid",510
enharmonic equivalent to minor seventh chord above E,enharmonic equivalent to minor seventh chord above E,5/12,"Agnew, Roy, Dance of the Wild Men, EOgmmiZ0iFE.mid",511
enharmonic equivalent to minor seventh chord above E,F#-major pentatonic,1/12,"Agnew, Roy, Dance of the Wild Men, EOgmmiZ0iFE.mid",512
F#-major pentatonic,F#-major pentatonic,1/6,"Agnew, Roy, Dance of the Wild Men, EOgmmiZ0iFE.mid",513
F#-major pentatonic,E-quartal trichord,1/12,"Agnew, Roy, Dance of the Wild Men, EOgmmiZ0iFE.mid",514
E-quartal trichord,E-quartal trichord,5/12,"Agnew, Roy, Dance of the Wild Men, EOgmmiZ0iFE.mid",515
E-quartal trichord,B-perfect-fourth minor tetrachord,0.25,"Agnew, Roy, Dance of the Wild Men, EOgmmiZ0iFE.mid",516
B-perfect-fourth minor tetrachord,B-perfect-fourth minor tetrachord,0.5,"Agnew, Roy, Dance of the Wild Men, EOgmmiZ0iFE.mid",517
B-perfect-fourth minor tetrachord,enharmonic equivalent to dominant-ninth above E,1/3,"Agnew, Roy, Dance of the Wild Men, EOgmmiZ0iFE.mid",518
enharmonic equivalent to dominant-ninth above E,enharmonic equivalent to dominant-ninth above E,1/12,"Agnew, Roy, Dance of the Wild Men, EOgmmiZ0iFE.mid",519
enharmonic equivalent to dominant-ninth above E,enharmonic equivalent to dominant-ninth above E,1/3,"Agnew, Roy, Dance of the Wild Men, EOgmmiZ0iFE.mid",520
enharmonic equivalent to dominant-ninth above E,enharmonic equivalent to dominant-ninth above E,0.25,"Agnew, Roy, Dance of the Wild Men, EOgmmiZ0iFE.mid",521
enharmonic equivalent to dominant-ninth above E,enharmonic equivalent to dominant-ninth above E,1/6,"Agnew, Roy, Dance of the Wild Men, EOgmmiZ0iFE.mid",522
enharmonic equivalent to dominant-ninth above E,enharmonic equivalent to dominant-ninth above E,1/12,"Agnew, Roy, Dance of the Wild Men, EOgmmiZ0iFE.mid",523
enharmonic equivalent to dominant-ninth above E,enharmonic equivalent to major triad above E,1/12,"Agnew, Roy, Dance of the Wild Men, EOgmmiZ0iFE.mid",524
enharmonic equivalent to major triad above E,Perfect Fifth above E,1/12,"Agnew, Roy, Dance of the Wild Men, EOgmmiZ0iFE.mid",525
Perfect Fifth above E,E-quartal trichord,1/3,"Agnew, Roy, Dance of the Wild Men, EOgmmiZ0iFE.mid",526
E-quartal trichord,B-perfect-fourth minor tetrachord,1/3,"Agnew, Roy, Dance of the Wild Men, EOgmmiZ0iFE.mid",527
B-perfect-fourth minor tetrachord,B-perfect-fourth minor tetrachord,1/3,"Agnew, Roy, Dance of the Wild Men, EOgmmiZ0iFE.mid",528
B-perfect-fourth minor tetrachord,enharmonic equivalent to dominant-ninth above E,1/12,"Agnew, Roy, Dance of the Wild Men, EOgmmiZ0iFE.mid",529
enharmonic equivalent to dominant-ninth above E,F#-major-second major tetrachord,0.25,"Agnew, Roy, Dance of the Wild Men, EOgmmiZ0iFE.mid",530
F#-major-second major tetrachord,enharmonic equivalent to dominant-ninth above E,0.25,"Agnew, Roy, Dance of the Wild Men, EOgmmiZ0iFE.mid",531
enharmonic equivalent to dominant-ninth above E,enharmonic equivalent to dominant-ninth above E,1/12,"Agnew, Roy, Dance of the Wild Men, EOgmmiZ0iFE.mid",532
enharmonic equivalent to dominant-ninth above E,enharmonic equivalent to dominant-ninth above E,1/6,"Agnew, Roy, Dance of the Wild Men, EOgmmiZ0iFE.mid",533
enharmonic equivalent to dominant-ninth above E,enharmonic equivalent to dominant-ninth above E,1/12,"Agnew, Roy, Dance of the Wild Men, EOgmmiZ0iFE.mid",534
enharmonic equivalent to dominant-ninth above E,enharmonic to dominant seventh chord above E,1/12,"Agnew, Roy, Dance of the Wild Men, EOgmmiZ0iFE.mid",535
enharmonic to dominant seventh chord above E,Perfect Fifth above E,1/12,"Agnew, Roy, Dance of the Wild Men, EOgmmiZ0iFE.mid",536
Perfect Fifth above E,enharmonic equivalent to major triad above E,0.25,"Agnew, Roy, Dance of the Wild Men, EOgmmiZ0iFE.mid",537
enharmonic equivalent to major triad above E,enharmonic to dominant seventh chord above E,1/3,"Agnew, Roy, Dance of the Wild Men, EOgmmiZ0iFE.mid",538
enharmonic to dominant seventh chord above E,enharmonic equivalent to dominant-ninth above E,17/12,"Agnew, Roy, Dance of the Wild Men, EOgmmiZ0iFE.mid",539
enharmonic equivalent to dominant-ninth above E,enharmonic equivalent to dominant-ninth above E,1/12,"Agnew, Roy, Dance of the Wild Men, EOgmmiZ0iFE.mid",540
enharmonic equivalent to dominant-ninth above E,enharmonic equivalent to dominant-ninth above E,1/6,"Agnew, Roy, Dance of the Wild Men, EOgmmiZ0iFE.mid",541
enharmonic equivalent to dominant-ninth above E,B,0.5,"Agnew, Roy, Dance of the Wild Men, EOgmmiZ0iFE.mid",542
B,enharmonic equivalent to dominant-ninth above E,1/12,"Agnew, Roy, Dance of the Wild Men, EOgmmiZ0iFE.mid",543
enharmonic equivalent to dominant-ninth above E,enharmonic to dominant seventh chord above E,1/6,"Agnew, Roy, Dance of the Wild Men, EOgmmiZ0iFE.mid",544
enharmonic to dominant seventh chord above E,Perfect Fifth above E,0.25,"Agnew, Roy, Dance of the Wild Men, EOgmmiZ0iFE.mid",545
Perfect Fifth above E,Perfect Fifth above E,0.25,"Agnew, Roy, Dance of the Wild Men, EOgmmiZ0iFE.mid",546
Perfect Fifth above E,enharmonic equivalent to major triad above E,5/12,"Agnew, Roy, Dance of the Wild Men, EOgmmiZ0iFE.mid",547
enharmonic equivalent to major triad above E,enharmonic equivalent to major triad above E,1/12,"Agnew, Roy, Dance of the Wild Men, EOgmmiZ0iFE.mid",548
enharmonic equivalent to major triad above E,enharmonic equivalent to major triad above E,1/12,"Agnew, Roy, Dance of the Wild Men, EOgmmiZ0iFE.mid",549
enharmonic equivalent to major triad above E,enharmonic equivalent to minor seventh chord above E,5/12,"Agnew, Roy, Dance of the Wild Men, EOgmmiZ0iFE.mid",550
enharmonic equivalent to minor seventh chord above E,enharmonic equivalent to minor seventh chord above E,1/12,"Agnew, Roy, Dance of the Wild Men, EOgmmiZ0iFE.mid",551
enharmonic equivalent to minor seventh chord above E,enharmonic equivalent to minor seventh chord above E,1/12,"Agnew, Roy, Dance of the Wild Men, EOgmmiZ0iFE.mid",552
enharmonic equivalent to minor seventh chord above E,enharmonic equivalent to minor seventh chord above E,1/6,"Agnew, Roy, Dance of the Wild Men, EOgmmiZ0iFE.mid",553
enharmonic equivalent to minor seventh chord above E,enharmonic equivalent to minor seventh chord above E,1/6,"Agnew, Roy, Dance of the Wild Men, EOgmmiZ0iFE.mid",554
enharmonic equivalent to minor seventh chord above E,C#-incomplete minor-seventh chord,1/12,"Agnew, Roy, Dance of the Wild Men, EOgmmiZ0iFE.mid",555
C#-incomplete minor-seventh chord,Perfect Fifth above E,1/6,"Agnew, Roy, Dance of the Wild Men, EOgmmiZ0iFE.mid",556
Perfect Fifth above E,E-quartal trichord,0.5,"Agnew, Roy, Dance of the Wild Men, EOgmmiZ0iFE.mid",557
E-quartal trichord,E-incomplete dominant-seventh chord,0.25,"Agnew, Roy, Dance of the Wild Men, EOgmmiZ0iFE.mid",558
E-incomplete dominant-seventh chord,B-perfect-fourth minor tetrachord,0.25,"Agnew, Roy, Dance of the Wild Men, EOgmmiZ0iFE.mid",559
B-perfect-fourth minor tetrachord,enharmonic equivalent to dominant-ninth above E,0.25,"Agnew, Roy, Dance of the Wild Men, EOgmmiZ0iFE.mid",560
enharmonic equivalent to dominant-ninth above E,enharmonic equivalent to dominant-ninth above E,0.25,"Agnew, Roy, Dance of the Wild Men, EOgmmiZ0iFE.mid",561
enharmonic equivalent to dominant-ninth above E,E,1/12,"Agnew, Roy, Dance of the Wild Men, EOgmmiZ0iFE.mid",562
E,enharmonic equivalent to dominant-ninth above B,0.25,"Agnew, Roy, Dance of the Wild Men, EOgmmiZ0iFE.mid",563
enharmonic equivalent to dominant-ninth above B,B-perfect-fourth minor tetrachord,1/12,"Agnew, Roy, Dance of the Wild Men, EOgmmiZ0iFE.mid",564
B-perfect-fourth minor tetrachord,enharmonic equivalent to dominant-ninth above E,1/12,"Agnew, Roy, Dance of the Wild Men, EOgmmiZ0iFE.mid",565
enharmonic equivalent to dominant-ninth above E,enharmonic equivalent to dominant-ninth above E,1/12,"Agnew, Roy, Dance of the Wild Men, EOgmmiZ0iFE.mid",566
enharmonic equivalent to dominant-ninth above E,enharmonic equivalent to major triad above E,1/6,"Agnew, Roy, Dance of the Wild Men, EOgmmiZ0iFE.mid",567
enharmonic equivalent to major triad above E,E-quartal trichord,1/3,"Agnew, Roy, Dance of the Wild Men, EOgmmiZ0iFE.mid",568
E-quartal trichord,B-perfect-fourth minor tetrachord,1/6,"Agnew, Roy, Dance of the Wild Men, EOgmmiZ0iFE.mid",569
B-perfect-fourth minor tetrachord,E-incomplete dominant-seventh chord,1/12,"Agnew, Roy, Dance of the Wild Men, EOgmmiZ0iFE.mid",570
E-incomplete dominant-seventh chord,B-perfect-fourth minor tetrachord,0.25,"Agnew, Roy, Dance of the Wild Men, EOgmmiZ0iFE.mid",571
B-perfect-fourth minor tetrachord,enharmonic equivalent to dominant-ninth above E,0.25,"Agnew, Roy, Dance of the Wild Men, EOgmmiZ0iFE.mid",572
enharmonic equivalent to dominant-ninth above E,enharmonic equivalent to dominant-ninth above E,0.25,"Agnew, Roy, Dance of the Wild Men, EOgmmiZ0iFE.mid",573
enharmonic equivalent to dominant-ninth above E,B-perfect-fourth minor tetrachord,1/12,"Agnew, Roy, Dance of the Wild Men, EOgmmiZ0iFE.mid",574
B-perfect-fourth minor tetrachord,E-quartal trichord,0.25,"Agnew, Roy, Dance of the Wild Men, EOgmmiZ0iFE.mid",575
E-quartal trichord,F#-major-second major tetrachord,1/3,"Agnew, Roy, Dance of the Wild Men, EOgmmiZ0iFE.mid",576
F#-major-second major tetrachord,enharmonic equivalent to dominant-ninth above E,1/12,"Agnew, Roy, Dance of the Wild Men, EOgmmiZ0iFE.mid",577
enharmonic equivalent to dominant-ninth above E,enharmonic to dominant seventh chord above E,0.25,"Agnew, Roy, Dance of the Wild Men, EOgmmiZ0iFE.mid",578
enharmonic to dominant seventh chord above E,E-quartal trichord,0.25,"Agnew, Roy, Dance of the Wild Men, EOgmmiZ0iFE.mid",579
E-quartal trichord,Perfect Fifth above B,0.25,"Agnew, Roy, Dance of the Wild Men, EOgmmiZ0iFE.mid",580
Perfect Fifth above B,Perfect Fourth above F#,1/12,"Agnew, Roy, Dance of the Wild Men, EOgmmiZ0iFE.mid",581
Perfect Fourth above F#,F#,1/12,"Agnew, Roy, Dance of the Wild Men, EOgmmiZ0iFE.mid",582
F#,C-phrygian tetrachord,0.5,"Agnew, Roy, Dance of the Wild Men, EOgmmiZ0iFE.mid",583
C-phrygian tetrachord,G-alternating tetramirror,0.25,"Agnew, Roy, Dance of the Wild Men, EOgmmiZ0iFE.mid",584
G-alternating tetramirror,F-phrygian tetrachord,0.25,"Agnew, Roy, Dance of the Wild Men, EOgmmiZ0iFE.mid",585
F-phrygian tetrachord,A-modified blues,0.25,"Agnew, Roy, Dance of the Wild Men, EOgmmiZ0iFE.mid",586
A-modified blues,A-incomplete dominant-seventh chord,1/6,"Agnew, Roy, Dance of the Wild Men, EOgmmiZ0iFE.mid",587
A-incomplete dominant-seventh chord,C-augmented-sixth pentachord,0.25,"Agnew, Roy, Dance of the Wild Men, EOgmmiZ0iFE.mid",588
C-augmented-sixth pentachord,D-incomplete dominant-seventh chord,0.25,"Agnew, Roy, Dance of the Wild Men, EOgmmiZ0iFE.mid",589
D-incomplete dominant-seventh chord,B-half-diminished seventh chord,0.25,"Agnew, Roy, Dance of the Wild Men, EOgmmiZ0iFE.mid",590
B-half-diminished seventh chord,Major Third above F,1/12,"Agnew, Roy, Dance of the Wild Men, EOgmmiZ0iFE.mid",591
Major Third above F,Major Third above G,0.25,"Agnew, Roy, Dance of the Wild Men, EOgmmiZ0iFE.mid",592
Major Third above G,C-augmented-sixth pentachord,0.25,"Agnew, Roy, Dance of the Wild Men, EOgmmiZ0iFE.mid",593
C-augmented-sixth pentachord,D-incomplete dominant-seventh chord,1/12,"Agnew, Roy, Dance of the Wild Men, EOgmmiZ0iFE.mid",594
D-incomplete dominant-seventh chord,D-whole-tone tetramirror,1/6,"Agnew, Roy, Dance of the Wild Men, EOgmmiZ0iFE.mid",595
D-whole-tone tetramirror,Major Second above E,1/12,"Agnew, Roy, Dance of the Wild Men, EOgmmiZ0iFE.mid",596
Major Second above E,B-half-diminished seventh chord,0.25,"Agnew, Roy, Dance of the Wild Men, EOgmmiZ0iFE.mid",597
B-half-diminished seventh chord,B-half-diminished seventh chord,1/12,"Agnew, Roy, Dance of the Wild Men, EOgmmiZ0iFE.mid",598
B-half-diminished seventh chord,G-major-second major tetrachord,0.25,"Agnew, Roy, Dance of the Wild Men, EOgmmiZ0iFE.mid",599
G-major-second major tetrachord,E-minor-diminished tetrachord,2/3,"Agnew, Roy, Dance of the Wild Men, EOgmmiZ0iFE.mid",600
E-minor-diminished tetrachord,F#-minor-diminished tetrachord,1/3,"Agnew, Roy, Dance of the Wild Men, EOgmmiZ0iFE.mid",601
F#-minor-diminished tetrachord,F#-minor-diminished tetrachord,0.25,"Agnew, Roy, Dance of the Wild Men, EOgmmiZ0iFE.mid",602
F#-minor-diminished tetrachord,forte class 6-19A above D,5/12,"Agnew, Roy, Dance of the Wild Men, EOgmmiZ0iFE.mid",603
forte class 6-19A above D,D-minor triad,1/12,"Agnew, Roy, Dance of the Wild Men, EOgmmiZ0iFE.mid",604
D-minor triad,forte class 6-36A above C#,0.25,"Agnew, Roy, Dance of the Wild Men, EOgmmiZ0iFE.mid",605
forte class 6-36A above C#,A-major-diminished tetrachord,0.25,"Agnew, Roy, Dance of the Wild Men, EOgmmiZ0iFE.mid",606
A-major-diminished tetrachord,forte class 7-4A above C,0.25,"Agnew, Roy, Dance of the Wild Men, EOgmmiZ0iFE.mid",607
forte class 7-4A above C,A-major triad,1/6,"Agnew, Roy, Dance of the Wild Men, EOgmmiZ0iFE.mid",608
A-major triad,Minor Third above C#,1/12,"Agnew, Roy, Dance of the Wild Men, EOgmmiZ0iFE.mid",609
Minor Third above C#,B-minor third tetracluster,0.5,"Agnew, Roy, Dance of the Wild Men, EOgmmiZ0iFE.mid",610
B-minor third tetracluster,Bb-minor-second major pentachord,0.5,"Agnew, Roy, Dance of the Wild Men, EOgmmiZ0iFE.mid",611
Bb-minor-second major pentachord,"Bb-A all combinatorial (P6, I11, RI5, RI11)",1/3,"Agnew, Roy, Dance of the Wild Men, EOgmmiZ0iFE.mid",612
"Bb-A all combinatorial (P6, I11, RI5, RI11)",Bb-Spanish pentacluster,1/6,"Agnew, Roy, Dance of the Wild Men, EOgmmiZ0iFE.mid",613
Bb-Spanish pentacluster,forte class 8-2B above B,0.25,"Agnew, Roy, Dance of the Wild Men, EOgmmiZ0iFE.mid",614
forte class 8-2B above B,forte class 8-2B above B,1/6,"Agnew, Roy, Dance of the Wild Men, EOgmmiZ0iFE.mid",615
forte class 8-2B above B,G-chromatic nonamirror,1/12,"Agnew, Roy, Dance of the Wild Men, EOgmmiZ0iFE.mid",616
G-chromatic nonamirror,A-minor tetramirror,0.25,"Agnew, Roy, Dance of the Wild Men, EOgmmiZ0iFE.mid",617
A-minor tetramirror,F#-alternating pentachord,5/12,"Agnew, Roy, Dance of the Wild Men, EOgmmiZ0iFE.mid",618
F#-alternating pentachord,Minor Third above F#,1/12,"Agnew, Roy, Dance of the Wild Men, EOgmmiZ0iFE.mid",619
Minor Third above F#,F-center-cluster pentamirror,0.5,"Agnew, Roy, Dance of the Wild Men, EOgmmiZ0iFE.mid",620
F-center-cluster pentamirror,C-dorian pentachord,1/3,"Agnew, Roy, Dance of the Wild Men, EOgmmiZ0iFE.mid",621
C-dorian pentachord,forte class 7-24A above C#,1/6,"Agnew, Roy, Dance of the Wild Men, EOgmmiZ0iFE.mid",622
forte class 7-24A above C#,D-combinatorial RI (RI2),0.25,"Agnew, Roy, Dance of the Wild Men, EOgmmiZ0iFE.mid",623
D-combinatorial RI (RI2),A-double-seconds triple-fourth pentachord,0.25,"Agnew, Roy, Dance of the Wild Men, EOgmmiZ0iFE.mid",624
A-double-seconds triple-fourth pentachord,D-enigmatic pentachord,1/12,"Agnew, Roy, Dance of the Wild Men, EOgmmiZ0iFE.mid",625
D-enigmatic pentachord,Minor Third above D,0.25,"Agnew, Roy, Dance of the Wild Men, EOgmmiZ0iFE.mid",626
Minor Third above D,Perfect Fourth above Bb,1/6,"Agnew, Roy, Dance of the Wild Men, EOgmmiZ0iFE.mid",627
Perfect Fourth above Bb,C#-minor tetramirror,1/12,"Agnew, Roy, Dance of the Wild Men, EOgmmiZ0iFE.mid",628
C#-minor tetramirror,Diminished Octave above C#,1/6,"Agnew, Roy, Dance of the Wild Men, EOgmmiZ0iFE.mid",629
Diminished Octave above C#,C-major-second pentacluster,0.25,"Agnew, Roy, Dance of the Wild Men, EOgmmiZ0iFE.mid",630
C-major-second pentacluster,forte class 6-39B above G,0.5,"Agnew, Roy, Dance of the Wild Men, EOgmmiZ0iFE.mid",631
forte class 6-39B above G,forte class 6-3A above C#,0.25,"Agnew, Roy, Dance of the Wild Men, EOgmmiZ0iFE.mid",632
forte class 6-3A above C#,B-,0.25,"Agnew, Roy, Dance of the Wild Men, EOgmmiZ0iFE.mid",633
B-,Minor Second above B,1/3,"Agnew, Roy, Dance of the Wild Men, EOgmmiZ0iFE.mid",634
Minor Second above B,Diminished Third above C#,0.25,"Agnew, Roy, Dance of the Wild Men, EOgmmiZ0iFE.mid",635
Diminished Third above C#,Minor Second above G,0.25,"Agnew, Roy, Dance of the Wild Men, EOgmmiZ0iFE.mid",636
Minor Second above G,C#-diminished triad,0.25,"Agnew, Roy, Dance of the Wild Men, EOgmmiZ0iFE.mid",637
C#-diminished triad,Major Sixth above A,0.25,"Agnew, Roy, Dance of the Wild Men, EOgmmiZ0iFE.mid",638
Major Sixth above A,E-minor triad,0.25,"Agnew, Roy, Dance of the Wild Men, EOgmmiZ0iFE.mid",639
E-minor triad,Minor Sixth above C#,0.25,"Agnew, Roy, Dance of the Wild Men, EOgmmiZ0iFE.mid",640
Minor Sixth above C#,C#,1/12,"Agnew, Roy, Dance of the Wild Men, EOgmmiZ0iFE.mid",641
C#,G-major triad,0.25,"Agnew, Roy, Dance of the Wild Men, EOgmmiZ0iFE.mid",642
G-major triad,Major Sixth above E,0.25,"Agnew, Roy, Dance of the Wild Men, EOgmmiZ0iFE.mid",643
Major Sixth above E,E,1/6,"Agnew, Roy, Dance of the Wild Men, EOgmmiZ0iFE.mid",644
E,B-perfect-fourth minor tetrachord,1/12,"Agnew, Roy, Dance of the Wild Men, EOgmmiZ0iFE.mid",645
B-perfect-fourth minor tetrachord,B-minor triad,1/6,"Agnew, Roy, Dance of the Wild Men, EOgmmiZ0iFE.mid",646
B-minor triad,C#-diminished triad,0.25,"Agnew, Roy, Dance of the Wild Men, EOgmmiZ0iFE.mid",647
C#-diminished triad,D-major triad,0.25,"Agnew, Roy, Dance of the Wild Men, EOgmmiZ0iFE.mid",648
D-major triad,Major Sixth above G,0.25,"Agnew, Roy, Dance of the Wild Men, EOgmmiZ0iFE.mid",649
Major Sixth above G,G,1/12,"Agnew, Roy, Dance of the Wild Men, EOgmmiZ0iFE.mid",650
G,G-major triad,1/3,"Agnew, Roy, Dance of the Wild Men, EOgmmiZ0iFE.mid",651
G-major triad,Perfect Fourth above B,1/12,"Agnew, Roy, Dance of the Wild Men, EOgmmiZ0iFE.mid",652
Perfect Fourth above B,E-minor triad,1/6,"Agnew, Roy, Dance of the Wild Men, EOgmmiZ0iFE.mid",653
E-minor triad,Major Third above G,1/12,"Agnew, Roy, Dance of the Wild Men, EOgmmiZ0iFE.mid",654
Major Third above G,D-major triad,0.25,"Agnew, Roy, Dance of the Wild Men, EOgmmiZ0iFE.mid",655
D-major triad,Major Sixth above G,0.25,"Agnew, Roy, Dance of the Wild Men, EOgmmiZ0iFE.mid",656
Major Sixth above G,G,0.25,"Agnew, Roy, Dance of the Wild Men, EOgmmiZ0iFE.mid",657
G,E-minor seventh chord,0.25,"Agnew, Roy, Dance of the Wild Men, EOgmmiZ0iFE.mid",658
E-minor seventh chord,G-major triad,0.25,"Agnew, Roy, Dance of the Wild Men, EOgmmiZ0iFE.mid",659
G-major triad,E-minor seventh chord,2/3,"Agnew, Roy, Dance of the Wild Men, EOgmmiZ0iFE.mid",660
E-minor seventh chord,G-major triad,1/12,"Agnew, Roy, Dance of the Wild Men, EOgmmiZ0iFE.mid",661
G-major triad,C#-diminished seventh chord,5/12,"Agnew, Roy, Dance of the Wild Men, EOgmmiZ0iFE.mid",662
C#-diminished seventh chord,C#-diminished seventh chord,0.5,"Agnew, Roy, Dance of the Wild Men, EOgmmiZ0iFE.mid",663
C#-diminished seventh chord,C#-combinatorial RI (RI3),1/6,"Agnew, Roy, Dance of the Wild Men, EOgmmiZ0iFE.mid",664
C#-combinatorial RI (RI3),C#-combinatorial RI (RI3),1/12,"Agnew, Roy, Dance of the Wild Men, EOgmmiZ0iFE.mid",665
C#-combinatorial RI (RI3),A-diminished scale,1/12,"Agnew, Roy, Dance of the Wild Men, EOgmmiZ0iFE.mid",666
A-diminished scale,A-diminished-major ninth chord,1/6,"Agnew, Roy, Dance of the Wild Men, EOgmmiZ0iFE.mid",667
A-diminished-major ninth chord,A-Neapolitan pentachord,0.25,"Agnew, Roy, Dance of the Wild Men, EOgmmiZ0iFE.mid",668
A-Neapolitan pentachord,F-minor-diminished ninth chord,0.25,"Agnew, Roy, Dance of the Wild Men, EOgmmiZ0iFE.mid",669
F-minor-diminished ninth chord,Ab-minor third tetracluster,0.25,"Agnew, Roy, Dance of the Wild Men, EOgmmiZ0iFE.mid",670
Ab-minor third tetracluster,C#-German augmented sixth chord in third inversion,0.25,"Agnew, Roy, Dance of the Wild Men, EOgmmiZ0iFE.mid",671
C#-German augmented sixth chord in third inversion,Perfect Fourth above Eb,0.5,"Agnew, Roy, Dance of the Wild Men, EOgmmiZ0iFE.mid",672
Perfect Fourth above Eb,Ab-major seventh chord,0.25,"Agnew, Roy, Dance of the Wild Men, EOgmmiZ0iFE.mid",673
Ab-major seventh chord,Perfect Fifth above C,0.25,"Agnew, Roy, Dance of the Wild Men, EOgmmiZ0iFE.mid",674
Perfect Fifth above C,C#-diminished seventh chord,1/3,"Agnew, Roy, Dance of the Wild Men, EOgmmiZ0iFE.mid",675
C#-diminished seventh chord,C#-flat-ninth pentachord,1/3,"Agnew, Roy, Dance of the Wild Men, EOgmmiZ0iFE.mid",676
C#-flat-ninth pentachord,forte class 8-12B above C,1/12,"Agnew, Roy, Dance of the Wild Men, EOgmmiZ0iFE.mid",677
forte class 8-12B above C,A-combinatorial I (I11),1/6,"Agnew, Roy, Dance of the Wild Men, EOgmmiZ0iFE.mid",678
A-combinatorial I (I11),A-all-interval tetrachord,0.25,"Agnew, Roy, Dance of the Wild Men, EOgmmiZ0iFE.mid",679
A-all-interval tetrachord,Augmented Unison above C,0.25,"Agnew, Roy, Dance of the Wild Men, EOgmmiZ0iFE.mid",680
Augmented Unison above C,B-perfect-fourth diminished tetrachord,0.25,"Agnew, Roy, Dance of the Wild Men, EOgmmiZ0iFE.mid",681
B-perfect-fourth diminished tetrachord,F-diminished pentacluster,0.25,"Agnew, Roy, Dance of the Wild Men, EOgmmiZ0iFE.mid",682
F-diminished pentacluster,Diminished Third above C#,0.25,"Agnew, Roy, Dance of the Wild Men, EOgmmiZ0iFE.mid",683
Diminished Third above C#,Ab-Kumoi pentachord,1/3,"Agnew, Roy, Dance of the Wild Men, EOgmmiZ0iFE.mid",684
Ab-Kumoi pentachord,G,0.25,"Agnew, Roy, Dance of the Wild Men, EOgmmiZ0iFE.mid",685
G,enharmonic equivalent to diminished triad above C#,0.25,"Agnew, Roy, Dance of the Wild Men, EOgmmiZ0iFE.mid",686
enharmonic equivalent to diminished triad above C#,Major Sixth above Eb,0.5,"Agnew, Roy, Dance of the Wild Men, EOgmmiZ0iFE.mid",687
Major Sixth above Eb,F-incomplete half-diminished seventh chord,1/3,"Agnew, Roy, Dance of the Wild Men, EOgmmiZ0iFE.mid",688
F-incomplete half-diminished seventh chord,Diminished Seventh above C#,0.25,"Agnew, Roy, Dance of the Wild Men, EOgmmiZ0iFE.mid",689
Diminished Seventh above C#,C#,1/6,"Agnew, Roy, Dance of the Wild Men, EOgmmiZ0iFE.mid",690
C#,C#-all-interval tetrachord,1/12,"Agnew, Roy, Dance of the Wild Men, EOgmmiZ0iFE.mid",691
C#-all-interval tetrachord,C-minor triad,1/6,"Agnew, Roy, Dance of the Wild Men, EOgmmiZ0iFE.mid",692
C-minor triad,enharmonic equivalent to diminished triad above C#,0.25,"Agnew, Roy, Dance of the Wild Men, EOgmmiZ0iFE.mid",693
enharmonic equivalent to diminished triad above C#,F-incomplete half-diminished seventh chord,0.25,"Agnew, Roy, Dance of the Wild Men, EOgmmiZ0iFE.mid",694
F-incomplete half-diminished seventh chord,Diminished Seventh above C#,1/3,"Agnew, Roy, Dance of the Wild Men, EOgmmiZ0iFE.mid",695
Diminished Seventh above C#,Bb-major-second minor tetrachord,1/3,"Agnew, Roy, Dance of the Wild Men, EOgmmiZ0iFE.mid",696
Bb-major-second minor tetrachord,Bb-major-second minor tetrachord,1/6,"Agnew, Roy, Dance of the Wild Men, EOgmmiZ0iFE.mid",697
Bb-major-second minor tetrachord,C,1/6,"Agnew, Roy, Dance of the Wild Men, EOgmmiZ0iFE.mid",698
C,Major Second above Ab,1/3,"Agnew, Roy, Dance of the Wild Men, EOgmmiZ0iFE.mid",699
Major Second above Ab,F-major pentatonic,1/6,"Agnew, Roy, Dance of the Wild Men, EOgmmiZ0iFE.mid",700
F-major pentatonic,F-major pentatonic,1/12,"Agnew, Roy, Dance of the Wild Men, EOgmmiZ0iFE.mid",701
F-major pentatonic,Ab-quartal tetramirror,1/6,"Agnew, Roy, Dance of the Wild Men, EOgmmiZ0iFE.mid",702
Ab-quartal tetramirror,C#-perfect-fourth diminished tetrachord,0.25,"Agnew, Roy, Dance of the Wild Men, EOgmmiZ0iFE.mid",703
C#-perfect-fourth diminished tetrachord,F-augmented seventh chord,1/6,"Agnew, Roy, Dance of the Wild Men, EOgmmiZ0iFE.mid",704
F-augmented seventh chord,F-combinatorial I (I7),1/12,"Agnew, Roy, Dance of the Wild Men, EOgmmiZ0iFE.mid",705
F-combinatorial I (I7),enharmonic equivalent to major-ninth chord above Ab,1/6,"Agnew, Roy, Dance of the Wild Men, EOgmmiZ0iFE.mid",706
enharmonic equivalent to major-ninth chord above Ab,B-,0.5,"Agnew, Roy, Dance of the Wild Men, EOgmmiZ0iFE.mid",707
B-,Minor Seventh above C,1/6,"Agnew, Roy, Dance of the Wild Men, EOgmmiZ0iFE.mid",708
Minor Seventh above C,C,0.25,"Agnew, Roy, Dance of the Wild Men, EOgmmiZ0iFE.mid",709
C,Bb-major-second minor tetrachord,1/12,"Agnew, Roy, Dance of the Wild Men, EOgmmiZ0iFE.mid",710
Bb-major-second minor tetrachord,Bb-major-second minor tetrachord,0.25,"Agnew, Roy, Dance of the Wild Men, EOgmmiZ0iFE.mid",711
Bb-major-second minor tetrachord,enharmonic equivalent to minor-ninth chord above C,1/6,"Agnew, Roy, Dance of the Wild Men, EOgmmiZ0iFE.mid",712
enharmonic equivalent to minor-ninth chord above C,Major Second above Ab,1/12,"Agnew, Roy, Dance of the Wild Men, EOgmmiZ0iFE.mid",713
Major Second above Ab,F-major pentatonic,0.25,"Agnew, Roy, Dance of the Wild Men, EOgmmiZ0iFE.mid",714
F-major pentatonic,Ab-major pentachord,0.25,"Agnew, Roy, Dance of the Wild Men, EOgmmiZ0iFE.mid",715
Ab-major pentachord,A-blues pentacluster,0.25,"Agnew, Roy, Dance of the Wild Men, EOgmmiZ0iFE.mid",716
A-blues pentacluster,F-whole-tone pentachord,0.25,"Agnew, Roy, Dance of the Wild Men, EOgmmiZ0iFE.mid",717
F-whole-tone pentachord,C,1/12,"Agnew, Roy, Dance of the Wild Men, EOgmmiZ0iFE.mid",718
C,F-Guidonian hexachord,0.25,"Agnew, Roy, Dance of the Wild Men, EOgmmiZ0iFE.mid",719
F-Guidonian hexachord,enharmonic equivalent to minor-ninth chord above Ab,1/3,"Agnew, Roy, Dance of the Wild Men, EOgmmiZ0iFE.mid",720
enharmonic equivalent to minor-ninth chord above Ab,enharmonic equivalent to minor-ninth chord above Ab,5/12,"Agnew, Roy, Dance of the Wild Men, EOgmmiZ0iFE.mid",721
enharmonic equivalent to minor-ninth chord above Ab,F-major-second major tetrachord,0.25,"Agnew, Roy, Dance of the Wild Men, EOgmmiZ0iFE.mid",722
F-major-second major tetrachord,F-major-second major tetrachord,1/12,"Agnew, Roy, Dance of the Wild Men, EOgmmiZ0iFE.mid",723
F-major-second major tetrachord,C,0.25,"Agnew, Roy, Dance of the Wild Men, EOgmmiZ0iFE.mid",724
C,F,1/3,"Agnew, Roy, Dance of the Wild Men, EOgmmiZ0iFE.mid",725
F,F#-major-second major tetrachord,0.25,"Agnew, Roy, Dance of the Wild Men, EOgmmiZ0iFE.mid",726
F#-major-second major tetrachord,E,0.25,"Agnew, Roy, Dance of the Wild Men, EOgmmiZ0iFE.mid",727
E,C-major-second major tetrachord,0.25,"Agnew, Roy, Dance of the Wild Men, EOgmmiZ0iFE.mid",728
C-major-second major tetrachord,C-major triad,0.25,"Agnew, Roy, Dance of the Wild Men, EOgmmiZ0iFE.mid",729
C-major triad,C#-major-second major tetrachord,1/3,"Agnew, Roy, Dance of the Wild Men, EOgmmiZ0iFE.mid",730
C#-major-second major tetrachord,C#-major-second major tetrachord,1/12,"Agnew, Roy, Dance of the Wild Men, EOgmmiZ0iFE.mid",731
C#-major-second major tetrachord,C#-major-second major tetrachord,1/12,"Agnew, Roy, Dance of the Wild Men, EOgmmiZ0iFE.mid",732
C#-major-second major tetrachord,Diminished Fourth above B,1/6,"Agnew, Roy, Dance of the Wild Men, EOgmmiZ0iFE.mid",733
Diminished Fourth above B,F-major-second major tetrachord,0.25,"Agnew, Roy, Dance of the Wild Men, EOgmmiZ0iFE.mid",734
F-major-second major tetrachord,F#-major-second major tetrachord,0.25,"Agnew, Roy, Dance of the Wild Men, EOgmmiZ0iFE.mid",735
F#-major-second major tetrachord,F#-major-second major tetrachord,1/12,"Agnew, Roy, Dance of the Wild Men, EOgmmiZ0iFE.mid",736
F#-major-second major tetrachord,Diminished Fourth above E,1/6,"Agnew, Roy, Dance of the Wild Men, EOgmmiZ0iFE.mid",737
Diminished Fourth above E,C-major-second major tetrachord,0.25,"Agnew, Roy, Dance of the Wild Men, EOgmmiZ0iFE.mid",738
C-major-second major tetrachord,C-major-second major tetrachord,0.25,"Agnew, Roy, Dance of the Wild Men, EOgmmiZ0iFE.mid",739
C-major-second major tetrachord,enharmonic equivalent to major triad above Eb,0.25,"Agnew, Roy, Dance of the Wild Men, EOgmmiZ0iFE.mid",740
enharmonic equivalent to major triad above Eb,enharmonic equivalent to major triad above Eb,0.25,"Agnew, Roy, Dance of the Wild Men, EOgmmiZ0iFE.mid",741
enharmonic equivalent to major triad above Eb,enharmonic equivalent to major triad above B,0.25,"Agnew, Roy, Dance of the Wild Men, EOgmmiZ0iFE.mid",742
enharmonic equivalent to major triad above B,B,0.25,"Agnew, Roy, Dance of the Wild Men, EOgmmiZ0iFE.mid",743
B,Perfect Fifth above B,1/6,"Agnew, Roy, Dance of the Wild Men, EOgmmiZ0iFE.mid",744
Perfect Fifth above B,Perfect Fifth above B,1/12,"Agnew, Roy, Dance of the Wild Men, EOgmmiZ0iFE.mid",745
Perfect Fifth above B,C-minor trichord,0.25,"Agnew, Roy, Dance of the Wild Men, EOgmmiZ0iFE.mid",746
C-minor trichord,Diminished Third above C#,0.25,"Agnew, Roy, Dance of the Wild Men, EOgmmiZ0iFE.mid",747
Diminished Third above C#,Perfect Fifth above D,0.25,"Agnew, Roy, Dance of the Wild Men, EOgmmiZ0iFE.mid",748
Perfect Fifth above D,F#-enigmatic pentachord,0.5,"Agnew, Roy, Dance of the Wild Men, EOgmmiZ0iFE.mid",749
F#-enigmatic pentachord,E,0.25,"Agnew, Roy, Dance of the Wild Men, EOgmmiZ0iFE.mid",750
E,F#-major-second major tetrachord,0.25,"Agnew, Roy, Dance of the Wild Men, EOgmmiZ0iFE.mid",751
F#-major-second major tetrachord,enharmonic equivalent to dominant-ninth above E,0.25,"Agnew, Roy, Dance of the Wild Men, EOgmmiZ0iFE.mid",752
enharmonic equivalent to dominant-ninth above E,Major Third above C,0.25,"Agnew, Roy, Dance of the Wild Men, EOgmmiZ0iFE.mid",753
Major Third above C,Minor Third above C#,0.25,"Agnew, Roy, Dance of the Wild Men, EOgmmiZ0iFE.mid",754
Minor Third above C#,Perfect Fifth above D,0.25,"Agnew, Roy, Dance of the Wild Men, EOgmmiZ0iFE.mid",755
Perfect Fifth above D,E-,0.25,"Agnew, Roy, Dance of the Wild Men, EOgmmiZ0iFE.mid",756
E-,F-augmented-diminished ninth chord,0.25,"Agnew, Roy, Dance of the Wild Men, EOgmmiZ0iFE.mid",757
F-augmented-diminished ninth chord,F-dominant seventh chord,1/6,"Agnew, Roy, Dance of the Wild Men, EOgmmiZ0iFE.mid",758
F-dominant seventh chord,F-dominant seventh chord,1/3,"Agnew, Roy, Dance of the Wild Men, EOgmmiZ0iFE.mid",759
F-dominant seventh chord,F,1/6,"Agnew, Roy, Dance of the Wild Men, EOgmmiZ0iFE.mid",760
F,F-Scriabin's Mystic-chord,5/12,"Agnew, Roy, Dance of the Wild Men, EOgmmiZ0iFE.mid",761
F-Scriabin's Mystic-chord,F-Scriabin's Mystic-chord,1/3,"Agnew, Roy, Dance of the Wild Men, EOgmmiZ0iFE.mid",762
F-Scriabin's Mystic-chord,F,0.25,"Agnew, Roy, Dance of the Wild Men, EOgmmiZ0iFE.mid",763
F,F-incomplete dominant-seventh chord,1/12,"Agnew, Roy, Dance of the Wild Men, EOgmmiZ0iFE.mid",764
F-incomplete dominant-seventh chord,Major Sixth above Eb,5/12,"Agnew, Roy, Dance of the Wild Men, EOgmmiZ0iFE.mid",765
Major Sixth above Eb,C-minor triad,0.25,"Agnew, Roy, Dance of the Wild Men, EOgmmiZ0iFE.mid",766
C-minor triad,A-half-diminished seventh chord,0.25,"Agnew, Roy, Dance of the Wild Men, EOgmmiZ0iFE.mid",767
A-half-diminished seventh chord,Major Second above G,1/12,"Agnew, Roy, Dance of the Wild Men, EOgmmiZ0iFE.mid",768
Major Second above G,C-major-second major tetrachord,1/12,"Agnew, Roy, Dance of the Wild Men, EOgmmiZ0iFE.mid",769
C-major-second major tetrachord,C-whole-tone trichord,1/3,"Agnew, Roy, Dance of the Wild Men, EOgmmiZ0iFE.mid",770
C-whole-tone trichord,D-whole-tone tetramirror,0.25,"Agnew, Roy, Dance of the Wild Men, EOgmmiZ0iFE.mid",771
D-whole-tone tetramirror,D-dominant-ninth,0.25,"Agnew, Roy, Dance of the Wild Men, EOgmmiZ0iFE.mid",772
D-dominant-ninth,D-combinatorial P (P6),1/12,"Agnew, Roy, Dance of the Wild Men, EOgmmiZ0iFE.mid",773
D-combinatorial P (P6),F-augmented major tetrachord,0.25,"Agnew, Roy, Dance of the Wild Men, EOgmmiZ0iFE.mid",774
F-augmented major tetrachord,F-augmented major tetrachord,1/12,"Agnew, Roy, Dance of the Wild Men, EOgmmiZ0iFE.mid",775
F-augmented major tetrachord,F-phrygian tetrachord,1/12,"Agnew, Roy, Dance of the Wild Men, EOgmmiZ0iFE.mid",776
F-phrygian tetrachord,F-augmented-diminished ninth chord,0.25,"Agnew, Roy, Dance of the Wild Men, EOgmmiZ0iFE.mid",777
F-augmented-diminished ninth chord,E-,1/6,"Agnew, Roy, Dance of the Wild Men, EOgmmiZ0iFE.mid",778
E-,F#-diminished triad,0.25,"Agnew, Roy, Dance of the Wild Men, EOgmmiZ0iFE.mid",779
F#-diminished triad,F#-half-diminished seventh chord,0.25,"Agnew, Roy, Dance of the Wild Men, EOgmmiZ0iFE.mid",780
F#-half-diminished seventh chord,F#-half-diminished seventh chord,0.5,"Agnew, Roy, Dance of the Wild Men, EOgmmiZ0iFE.mid",781
F#-half-diminished seventh chord,C-minor triad,0.5,"Agnew, Roy, Dance of the Wild Men, EOgmmiZ0iFE.mid",782
C-minor triad,C-center-cluster pentachord,1/6,"Agnew, Roy, Dance of the Wild Men, EOgmmiZ0iFE.mid",783
C-center-cluster pentachord,C-center-cluster pentachord,1/6,"Agnew, Roy, Dance of the Wild Men, EOgmmiZ0iFE.mid",784
C-center-cluster pentachord,forte class 6-10B above E,1/6,"Agnew, Roy, Dance of the Wild Men, EOgmmiZ0iFE.mid",785
forte class 6-10B above E,forte class 7-25A above E,0.25,"Agnew, Roy, Dance of the Wild Men, EOgmmiZ0iFE.mid",786
forte class 7-25A above E,C-major-minor diminished pentachord,1/12,"Agnew, Roy, Dance of the Wild Men, EOgmmiZ0iFE.mid",787
C-major-minor diminished pentachord,Augmented Fifth above F,0.25,"Agnew, Roy, Dance of the Wild Men, EOgmmiZ0iFE.mid",788
Augmented Fifth above F,F-augmented seventh chord,0.25,"Agnew, Roy, Dance of the Wild Men, EOgmmiZ0iFE.mid",789
F-augmented seventh chord,Augmented Fifth above F,0.25,"Agnew, Roy, Dance of the Wild Men, EOgmmiZ0iFE.mid",790
Augmented Fifth above F,Diminished Fifth above F#,0.25,"Agnew, Roy, Dance of the Wild Men, EOgmmiZ0iFE.mid",791
Diminished Fifth above F#,F#-half-diminished seventh chord,0.5,"Agnew, Roy, Dance of the Wild Men, EOgmmiZ0iFE.mid",792
F#-half-diminished seventh chord,Diminished Fifth above F#,0.25,"Agnew, Roy, Dance of the Wild Men, EOgmmiZ0iFE.mid",793
Diminished Fifth above F#,Minor Sixth above G,0.25,"Agnew, Roy, Dance of the Wild Men, EOgmmiZ0iFE.mid",794
Minor Sixth above G,Minor Sixth above G,0.5,"Agnew, Roy, Dance of the Wild Men, EOgmmiZ0iFE.mid",795
Minor Sixth above G,A-half-diminished seventh chord,0.5,"Agnew, Roy, Dance of the Wild Men, EOgmmiZ0iFE.mid",796
A-half-diminished seventh chord,Eb-phrygian tetrachord,1/12,"Agnew, Roy, Dance of the Wild Men, EOgmmiZ0iFE.mid",797
Eb-phrygian tetrachord,G-incomplete dominant-seventh chord,5/12,"Agnew, Roy, Dance of the Wild Men, EOgmmiZ0iFE.mid",798
G-incomplete dominant-seventh chord,D-perfect-fourth minor tetrachord,0.25,"Agnew, Roy, Dance of the Wild Men, EOgmmiZ0iFE.mid",799
D-perfect-fourth minor tetrachord,G-dominant-ninth,0.25,"Agnew, Roy, Dance of the Wild Men, EOgmmiZ0iFE.mid",800
G-dominant-ninth,G-incomplete dominant-seventh chord,0.25,"Agnew, Roy, Dance of the Wild Men, EOgmmiZ0iFE.mid",801
G-incomplete dominant-seventh chord,C-minor triad,1/12,"Agnew, Roy, Dance of the Wild Men, EOgmmiZ0iFE.mid",802
C-minor triad,C-minor triad,1/3,"Agnew, Roy, Dance of the Wild Men, EOgmmiZ0iFE.mid",803
C-minor triad,A-half-diminished seventh chord,1/12,"Agnew, Roy, Dance of the Wild Men, EOgmmiZ0iFE.mid",804
A-half-diminished seventh chord,A-half-diminished seventh chord,1/12,"Agnew, Roy, Dance of the Wild Men, EOgmmiZ0iFE.mid",805
A-half-diminished seventh chord,A-half-diminished seventh chord,1/6,"Agnew, Roy, Dance of the Wild Men, EOgmmiZ0iFE.mid",806
A-half-diminished seventh chord,A-Kumoi pentachord,1/6,"Agnew, Roy, Dance of the Wild Men, EOgmmiZ0iFE.mid",807
A-Kumoi pentachord,C-major-second minor tetrachord,1/12,"Agnew, Roy, Dance of the Wild Men, EOgmmiZ0iFE.mid",808
C-major-second minor tetrachord,Perfect Fifth above G,5/12,"Agnew, Roy, Dance of the Wild Men, EOgmmiZ0iFE.mid",809
Perfect Fifth above G,C-quartal trichord,7/12,"Agnew, Roy, Dance of the Wild Men, EOgmmiZ0iFE.mid",810
C-quartal trichord,Major Second above C,1/12,"Agnew, Roy, Dance of the Wild Men, EOgmmiZ0iFE.mid",811
Major Second above C,G-perfect-fourth major tetrachord,1/6,"Agnew, Roy, Dance of the Wild Men, EOgmmiZ0iFE.mid",812
G-perfect-fourth major tetrachord,G-perfect-fourth major tetrachord,1/6,"Agnew, Roy, Dance of the Wild Men, EOgmmiZ0iFE.mid",813
G-perfect-fourth major tetrachord,G-dominant seventh chord,1/3,"Agnew, Roy, Dance of the Wild Men, EOgmmiZ0iFE.mid",814
G-dominant seventh chord,G-dominant seventh chord,1/6,"Agnew, Roy, Dance of the Wild Men, EOgmmiZ0iFE.mid",815
G-dominant seventh chord,G-dominant seventh chord,1/6,"Agnew, Roy, Dance of the Wild Men, EOgmmiZ0iFE.mid",816
G-dominant seventh chord,B-incomplete minor-seventh chord,2/3,"Agnew, Roy, Dance of the Wild Men, EOgmmiZ0iFE.mid",817
B-incomplete minor-seventh chord,G-major-second major tetrachord,2/3,"Agnew, Roy, Dance of the Wild Men, EOgmmiZ0iFE.mid",818
G-major-second major tetrachord,G,1/12,"Agnew, Roy, Dance of the Wild Men, EOgmmiZ0iFE.mid",819
G,Eb-perfect-fourth major tetrachord,0.25,"Agnew, Roy, Dance of the Wild Men, EOgmmiZ0iFE.mid",820
Eb-perfect-fourth major tetrachord,C#-major pentachord,0.25,"Agnew, Roy, Dance of the Wild Men, EOgmmiZ0iFE.mid",821
C#-major pentachord,Bb-perfect-fourth major tetrachord,1/3,"Agnew, Roy, Dance of the Wild Men, EOgmmiZ0iFE.mid",822
Bb-perfect-fourth major tetrachord,Perfect Fifth above F,0.25,"Agnew, Roy, Dance of the Wild Men, EOgmmiZ0iFE.mid",823
Perfect Fifth above F,Perfect Fourth above A,0.25,"Agnew, Roy, Dance of the Wild Men, EOgmmiZ0iFE.mid",824
Perfect Fourth above A,B,0.25,"Agnew, Roy, Dance of the Wild Men, EOgmmiZ0iFE.mid",825
B,Ab-quartal tetramirror,0.25,"Agnew, Roy, Dance of the Wild Men, EOgmmiZ0iFE.mid",826
Ab-quartal tetramirror,G-tritone-fourth,0.25,"Agnew, Roy, Dance of the Wild Men, EOgmmiZ0iFE.mid",827
G-tritone-fourth,enharmonic equivalent to minor triad above E,0.25,"Agnew, Roy, Dance of the Wild Men, EOgmmiZ0iFE.mid",828
enharmonic equivalent to minor triad above E,Diminished Sixth above C#,1/12,"Agnew, Roy, Dance of the Wild Men, EOgmmiZ0iFE.mid",829
Diminished Sixth above C#,Ab-incomplete minor-seventh chord,0.25,"Agnew, Roy, Dance of the Wild Men, EOgmmiZ0iFE.mid",830
Ab-incomplete minor-seventh chord,Diminished Sixth above C#,1/6,"Agnew, Roy, Dance of the Wild Men, EOgmmiZ0iFE.mid",831
Diminished Sixth above C#,Major Sixth above F,0.25,"Agnew, Roy, Dance of the Wild Men, EOgmmiZ0iFE.mid",832
Major Sixth above F,Bb-major triad,0.25,"Agnew, Roy, Dance of the Wild Men, EOgmmiZ0iFE.mid",833
Bb-major triad,B-,1/12,"Agnew, Roy, Dance of the Wild Men, EOgmmiZ0iFE.mid",834
B-,Major Third above Bb,0.25,"Agnew, Roy, Dance of the Wild Men, EOgmmiZ0iFE.mid",835
Major Third above Bb,D,1/12,"Agnew, Roy, Dance of the Wild Men, EOgmmiZ0iFE.mid",836
D,C-major-second major tetrachord,1/6,"Agnew, Roy, Dance of the Wild Men, EOgmmiZ0iFE.mid",837
C-major-second major tetrachord,C-major triad,1/12,"Agnew, Roy, Dance of the Wild Men, EOgmmiZ0iFE.mid",838
C-major triad,Diminished Fifth above C#,0.25,"Agnew, Roy, Dance of the Wild Men, EOgmmiZ0iFE.mid",839
Diminished Fifth above C#,F#-minor triad,0.25,"Agnew, Roy, Dance of the Wild Men, EOgmmiZ0iFE.mid",840
F#-minor triad,Augmented Second above Eb,0.25,"Agnew, Roy, Dance of the Wild Men, EOgmmiZ0iFE.mid",841
Augmented Second above Eb,Minor Third above C#,0.25,"Agnew, Roy, Dance of the Wild Men, EOgmmiZ0iFE.mid",842
Minor Third above C#,Major Sixth above F,5/12,"Agnew, Roy, Dance of the Wild Men, EOgmmiZ0iFE.mid",843
Major Sixth above F,B-diminished triad,0.25,"Agnew, Roy, Dance of the Wild Men, EOgmmiZ0iFE.mid",844
B-diminished triad,B,1/12,"Agnew, Roy, Dance of the Wild Men, EOgmmiZ0iFE.mid",845
B,Bb-major-minor trichord,1/6,"Agnew, Roy, Dance of the Wild Men, EOgmmiZ0iFE.mid",846
Bb-major-minor trichord,Major Third above Bb,1/12,"Agnew, Roy, Dance of the Wild Men, EOgmmiZ0iFE.mid",847
Major Third above Bb,Major Third above C,0.25,"Agnew, Roy, Dance of the Wild Men, EOgmmiZ0iFE.mid",848
Major Third above C,Major Sixth above A,1/3,"Agnew, Roy, Dance of the Wild Men, EOgmmiZ0iFE.mid",849
Major Sixth above A,F#-minor trichord,1.0,"Agnew, Roy, Dance of the Wild Men, EOgmmiZ0iFE.mid",850
F#-minor trichord,G,5/12,"Agnew, Roy, Dance of the Wild Men, EOgmmiZ0iFE.mid",851
G,Major Second above G,0.25,"Agnew, Roy, Dance of the Wild Men, EOgmmiZ0iFE.mid",852
Major Second above G,G-whole-tone trichord,0.25,"Agnew, Roy, Dance of the Wild Men, EOgmmiZ0iFE.mid",853
G-whole-tone trichord,A-lydian tetrachord,0.25,"Agnew, Roy, Dance of the Wild Men, EOgmmiZ0iFE.mid",854
A-lydian tetrachord,A-Guidonian hexachord,1/12,"Agnew, Roy, Dance of the Wild Men, EOgmmiZ0iFE.mid",855
A-Guidonian hexachord,A-Guidonian hexachord,1/6,"Agnew, Roy, Dance of the Wild Men, EOgmmiZ0iFE.mid",856
A-Guidonian hexachord,C-major-ninth chord,1/12,"Agnew, Roy, Dance of the Wild Men, EOgmmiZ0iFE.mid",857
C-major-ninth chord,C-phrygian tetrachord,1/6,"Agnew, Roy, Dance of the Wild Men, EOgmmiZ0iFE.mid",858
C-phrygian tetrachord,G-Spanish pentacluster,0.25,"Agnew, Roy, Dance of the Wild Men, EOgmmiZ0iFE.mid",859
G-Spanish pentacluster,G-alternating tetramirror,1/12,"Agnew, Roy, Dance of the Wild Men, EOgmmiZ0iFE.mid",860
G-alternating tetramirror,F-minor-second quartal tetrachord,5/12,"Agnew, Roy, Dance of the Wild Men, EOgmmiZ0iFE.mid",861
F-minor-second quartal tetrachord,forte class 8-21 above D,0.25,"Agnew, Roy, Dance of the Wild Men, EOgmmiZ0iFE.mid",862
forte class 8-21 above D,B-phrygian pentachord,0.25,"Agnew, Roy, Dance of the Wild Men, EOgmmiZ0iFE.mid",863
B-phrygian pentachord,forte class 7-24A above A,0.25,"Agnew, Roy, Dance of the Wild Men, EOgmmiZ0iFE.mid",864
forte class 7-24A above A,B-phrygian pentachord,1/6,"Agnew, Roy, Dance of the Wild Men, EOgmmiZ0iFE.mid",865
B-phrygian pentachord,F-phrygian tetrachord,0.25,"Agnew, Roy, Dance of the Wild Men, EOgmmiZ0iFE.mid",866
F-phrygian tetrachord,A-incomplete dominant-seventh chord,1/12,"Agnew, Roy, Dance of the Wild Men, EOgmmiZ0iFE.mid",867
A-incomplete dominant-seventh chord,A-modified blues,1/6,"Agnew, Roy, Dance of the Wild Men, EOgmmiZ0iFE.mid",868
A-modified blues,C-alternating tetramirror,1/12,"Agnew, Roy, Dance of the Wild Men, EOgmmiZ0iFE.mid",869
C-alternating tetramirror,C-phrygian tetrachord,0.5,"Agnew, Roy, Dance of the Wild Men, EOgmmiZ0iFE.mid",870
C-phrygian tetrachord,A-Spanish octatonic scale,1/6,"Agnew, Roy, Dance of the Wild Men, EOgmmiZ0iFE.mid",871
A-Spanish octatonic scale,G-alternating tetramirror,1/6,"Agnew, Roy, Dance of the Wild Men, EOgmmiZ0iFE.mid",872
G-alternating tetramirror,G-whole-tone tetramirror,0.25,"Agnew, Roy, Dance of the Wild Men, EOgmmiZ0iFE.mid",873
G-whole-tone tetramirror,A-mystic heptachord,1/3,"Agnew, Roy, Dance of the Wild Men, EOgmmiZ0iFE.mid",874
A-mystic heptachord,A,1/3,"Agnew, Roy, Dance of the Wild Men, EOgmmiZ0iFE.mid",875
A,D-dominant-ninth,1/3,"Agnew, Roy, Dance of the Wild Men, EOgmmiZ0iFE.mid",876
D-dominant-ninth,B-dorian hexachord,0.25,"Agnew, Roy, Dance of the Wild Men, EOgmmiZ0iFE.mid",877
B-dorian hexachord,forte class 7-24A above A,5/12,"Agnew, Roy, Dance of the Wild Men, EOgmmiZ0iFE.mid",878
forte class 7-24A above A,forte class 7-24A above A,1/12,"Agnew, Roy, Dance of the Wild Men, EOgmmiZ0iFE.mid",879
forte class 7-24A above A,forte class 7-24A above A,0.25,"Agnew, Roy, Dance of the Wild Men, EOgmmiZ0iFE.mid",880
forte class 7-24A above A,C-augmented-eleventh,1/6,"Agnew, Roy, Dance of the Wild Men, EOgmmiZ0iFE.mid",881
C-augmented-eleventh,G-perfect-fourth minor tetrachord,1/6,"Agnew, Roy, Dance of the Wild Men, EOgmmiZ0iFE.mid",882
G-perfect-fourth minor tetrachord,G-dorian pentachord,1/6,"Agnew, Roy, Dance of the Wild Men, EOgmmiZ0iFE.mid",883
G-dorian pentachord,D-incomplete dominant-seventh chord,1/6,"Agnew, Roy, Dance of the Wild Men, EOgmmiZ0iFE.mid",884
D-incomplete dominant-seventh chord,D-whole-tone tetramirror,1/3,"Agnew, Roy, Dance of the Wild Men, EOgmmiZ0iFE.mid",885
D-whole-tone tetramirror,B-phrygian pentachord,0.25,"Agnew, Roy, Dance of the Wild Men, EOgmmiZ0iFE.mid",886
B-phrygian pentachord,Bb-combinatorial I (I11),0.25,"Agnew, Roy, Dance of the Wild Men, EOgmmiZ0iFE.mid",887
Bb-combinatorial I (I11),forte class 7-24A above A,1/12,"Agnew, Roy, Dance of the Wild Men, EOgmmiZ0iFE.mid",888
forte class 7-24A above A,B-dorian hexachord,1/12,"Agnew, Roy, Dance of the Wild Men, EOgmmiZ0iFE.mid",889
B-dorian hexachord,D-dominant-ninth,1/3,"Agnew, Roy, Dance of the Wild Men, EOgmmiZ0iFE.mid",890
D-dominant-ninth,Minor Third above B,0.25,"Agnew, Roy, Dance of the Wild Men, EOgmmiZ0iFE.mid",891
Minor Third above B,G-major-minor tetramirror,1/12,"Agnew, Roy, Dance of the Wild Men, EOgmmiZ0iFE.mid",892
G-major-minor tetramirror,G-minor triad,1/6,"Agnew, Roy, Dance of the Wild Men, EOgmmiZ0iFE.mid",893
G-minor triad,G-major-second minor tetrachord,1/12,"Agnew, Roy, Dance of the Wild Men, EOgmmiZ0iFE.mid",894
G-major-second minor tetrachord,G-quartal trichord,1/6,"Agnew, Roy, Dance of the Wild Men, EOgmmiZ0iFE.mid",895
G-quartal trichord,D-dominant-eleventh,1/12,"Agnew, Roy, Dance of the Wild Men, EOgmmiZ0iFE.mid",896
D-dominant-eleventh,C-lydian pentachord,1/12,"Agnew, Roy, Dance of the Wild Men, EOgmmiZ0iFE.mid",897
C-lydian pentachord,D-whole-tone tetramirror,1/12,"Agnew, Roy, Dance of the Wild Men, EOgmmiZ0iFE.mid",898
D-whole-tone tetramirror,D,7/6,"Agnew, Roy, Dance of the Wild Men, EOgmmiZ0iFE.mid",899
D,F#-incomplete half-diminished seventh chord,0.25,"Agnew, Roy, Dance of the Wild Men, EOgmmiZ0iFE.mid",900
F#-incomplete half-diminished seventh chord,C-minor-second quartal tetrachord,0.25,"Agnew, Roy, Dance of the Wild Men, EOgmmiZ0iFE.mid",901
C-minor-second quartal tetrachord,C-asymmetric pentamirror,1/12,"Agnew, Roy, Dance of the Wild Men, EOgmmiZ0iFE.mid",902
C-asymmetric pentamirror,C-Messiaen's truncated mode 6,1/6,"Agnew, Roy, Dance of the Wild Men, EOgmmiZ0iFE.mid",903
C-Messiaen's truncated mode 6,F#-Javanese pentatonic,0.25,"Agnew, Roy, Dance of the Wild Men, EOgmmiZ0iFE.mid",904
F#-Javanese pentatonic,F#-Javanese pentatonic,1/12,"Agnew, Roy, Dance of the Wild Men, EOgmmiZ0iFE.mid",905
F#-Javanese pentatonic,Bb-incomplete half-diminished seventh chord,1/12,"Agnew, Roy, Dance of the Wild Men, EOgmmiZ0iFE.mid",906
Bb-incomplete half-diminished seventh chord,Augmented Fourth above C,1/6,"Agnew, Roy, Dance of the Wild Men, EOgmmiZ0iFE.mid",907
Augmented Fourth above C,B-tritone-fourth,1/6,"Agnew, Roy, Dance of the Wild Men, EOgmmiZ0iFE.mid",908
B-tritone-fourth,B,1/6,"Agnew, Roy, Dance of the Wild Men, EOgmmiZ0iFE.mid",909
B,B-,1/3,"Agnew, Roy, Dance of the Wild Men, EOgmmiZ0iFE.mid",910
B-,A,0.25,"Agnew, Roy, Dance of the Wild Men, EOgmmiZ0iFE.mid",911
A,Minor Third above A,1/12,"Agnew, Roy, Dance of the Wild Men, EOgmmiZ0iFE.mid",912
Minor Third above A,C,1/6,"Agnew, Roy, Dance of the Wild Men, EOgmmiZ0iFE.mid",913
C,Minor Second above B,1/12,"Agnew, Roy, Dance of the Wild Men, EOgmmiZ0iFE.mid",914
Minor Second above B,B,1/6,"Agnew, Roy, Dance of the Wild Men, EOgmmiZ0iFE.mid",915
B,Augmented Unison above Bb,0.5,"Agnew, Roy, Dance of the Wild Men, EOgmmiZ0iFE.mid",916
Augmented Unison above Bb,Bb-chromatic trimirror,0.25,"Agnew, Roy, Dance of the Wild Men, EOgmmiZ0iFE.mid",917
Bb-chromatic trimirror,Minor Second above A,1/6,"Agnew, Roy, Dance of the Wild Men, EOgmmiZ0iFE.mid",918
Minor Second above A,Bb-chromatic trimirror,1/12,"Agnew, Roy, Dance of the Wild Men, EOgmmiZ0iFE.mid",919
Bb-chromatic trimirror,Augmented Unison above Ab,1/6,"Agnew, Roy, Dance of the Wild Men, EOgmmiZ0iFE.mid",920
Augmented Unison above Ab,A-,1/12,"Agnew, Roy, Dance of the Wild Men, EOgmmiZ0iFE.mid",921
A-,A-,0.25,"Agnew, Roy, Dance of the Wild Men, EOgmmiZ0iFE.mid",922
A-,Minor Third above F,5/12,"Agnew, Roy, Dance of the Wild Men, EOgmmiZ0iFE.mid",923
Minor Third above F,F-major-minor trichord,1/3,"Agnew, Roy, Dance of the Wild Men, EOgmmiZ0iFE.mid",924
F-major-minor trichord,F-major-minor tetramirror,2/3,"Agnew, Roy, Dance of the Wild Men, EOgmmiZ0iFE.mid",925
F-major-minor tetramirror,F-major-minor diminished pentachord,1/12,"Agnew, Roy, Dance of the Wild Men, EOgmmiZ0iFE.mid",926
F-major-minor diminished pentachord,forte class 6-19B above C,7/12,"Agnew, Roy, Dance of the Wild Men, EOgmmiZ0iFE.mid",927
forte class 6-19B above C,F-minor-second quartal tetrachord,1/6,"Agnew, Roy, Dance of the Wild Men, EOgmmiZ0iFE.mid",928
F-minor-second quartal tetrachord,C-tritone-fourth,1/6,"Agnew, Roy, Dance of the Wild Men, EOgmmiZ0iFE.mid",929
C-tritone-fourth,C-perfect fourth tetramirror,2/3,"Agnew, Roy, Dance of the Wild Men, EOgmmiZ0iFE.mid",930
C-perfect fourth tetramirror,C-perfect fourth tetramirror,1/3,"Agnew, Roy, Dance of the Wild Men, EOgmmiZ0iFE.mid",931
C-perfect fourth tetramirror,C-tritone-fourth,1/12,"Agnew, Roy, Dance of the Wild Men, EOgmmiZ0iFE.mid",932
C-tritone-fourth,C-perfect fourth tetramirror,0.25,"Agnew, Roy, Dance of the Wild Men, EOgmmiZ0iFE.mid",933
C-perfect fourth tetramirror,C-perfect fourth tetramirror,0.25,"Agnew, Roy, Dance of the Wild Men, EOgmmiZ0iFE.mid",934
C-perfect fourth tetramirror,C-major-third pentacluster,0.25,"Agnew, Roy, Dance of the Wild Men, EOgmmiZ0iFE.mid",935
C-major-third pentacluster,Ab-combinatorial RI (RI3),0.5,"Agnew, Roy, Dance of the Wild Men, EOgmmiZ0iFE.mid",936
Ab-combinatorial RI (RI3),Ab-Hirajoshi pentatonic,0.25,"Agnew, Roy, Dance of the Wild Men, EOgmmiZ0iFE.mid",937
Ab-Hirajoshi pentatonic,C-major-second minor tetrachord,0.25,"Agnew, Roy, Dance of the Wild Men, EOgmmiZ0iFE.mid",938
C-major-second minor tetrachord,Perfect Fifth above C,1/12,"Agnew, Roy, Dance of the Wild Men, EOgmmiZ0iFE.mid",939
Perfect Fifth above C,Perfect Fifth above C,1/6,"Agnew, Roy, Dance of the Wild Men, EOgmmiZ0iFE.mid",940
Perfect Fifth above C,C-quartal trichord,0.5,"Agnew, Roy, Dance of the Wild Men, EOgmmiZ0iFE.mid",941
C-quartal trichord,C-quartal trichord,0.25,"Agnew, Roy, Dance of the Wild Men, EOgmmiZ0iFE.mid",942
C-quartal trichord,C-quartal trichord,0.5,"Agnew, Roy, Dance of the Wild Men, EOgmmiZ0iFE.mid",943
C-quartal trichord,C-major-second minor tetrachord,1/3,"Agnew, Roy, Dance of the Wild Men, EOgmmiZ0iFE.mid",944
C-major-second minor tetrachord,C-minor-ninth chord,5/12,"Agnew, Roy, Dance of the Wild Men, EOgmmiZ0iFE.mid",945
C-minor-ninth chord,C-lydian tetrachord,0.25,"Agnew, Roy, Dance of the Wild Men, EOgmmiZ0iFE.mid",946
C-lydian tetrachord,C,5.75,"Agnew, Roy, Dance of the Wild Men, EOgmmiZ0iFE.mid",947
C,C-minor-ninth chord,1/12,"Agnew, Roy, Dance of the Wild Men, EOgmmiZ0iFE.mid",948
C-minor-ninth chord,C-major-second minor tetrachord,1/12,"Agnew, Roy, Dance of the Wild Men, EOgmmiZ0iFE.mid",949
C-major-second minor tetrachord,C-minor triad,1/12,"Agnew, Roy, Dance of the Wild Men, EOgmmiZ0iFE.mid",950
C-minor triad,G,0.25,"Agnew, Roy, Dance of the Wild Men, EOgmmiZ0iFE.mid",951
G,Perfect Fifth above G,0.5,"Agnew, Roy, Dance of the Wild Men, EOgmmiZ0iFE.mid",952
Perfect Fifth above G,C-quartal trichord,0.25,"Agnew, Roy, Dance of the Wild Men, EOgmmiZ0iFE.mid",953
C-quartal trichord,Perfect Fourth above G,0.25,"Agnew, Roy, Dance of the Wild Men, EOgmmiZ0iFE.mid",954
Perfect Fourth above G,C-quartal trichord,0.25,"Agnew, Roy, Dance of the Wild Men, EOgmmiZ0iFE.mid",955
C-quartal trichord,C-major-second minor tetrachord,0.25,"Agnew, Roy, Dance of the Wild Men, EOgmmiZ0iFE.mid",956
C-major-second minor tetrachord,Eb-incomplete major-seventh chord,0.25,"Agnew, Roy, Dance of the Wild Men, EOgmmiZ0iFE.mid",957
Eb-incomplete major-seventh chord,C-major-second minor tetrachord,5/12,"Agnew, Roy, Dance of the Wild Men, EOgmmiZ0iFE.mid",958
C-major-second minor tetrachord,C-major-second minor tetrachord,1/12,"Agnew, Roy, Dance of the Wild Men, EOgmmiZ0iFE.mid",959
C-major-second minor tetrachord,C-major-second minor tetrachord,0.25,"Agnew, Roy, Dance of the Wild Men, EOgmmiZ0iFE.mid",960
C-major-second minor tetrachord,C-major-second minor tetrachord,1/3,"Agnew, Roy, Dance of the Wild Men, EOgmmiZ0iFE.mid",961
C-major-second minor tetrachord,C-major-second minor tetrachord,1/6,"Agnew, Roy, Dance of the Wild Men, EOgmmiZ0iFE.mid",962
C-major-second minor tetrachord,C-major-second minor tetrachord,0.25,"Agnew, Roy, Dance of the Wild Men, EOgmmiZ0iFE.mid",963
C-major-second minor tetrachord,Ab-Hirajoshi pentatonic,0.25,"Agnew, Roy, Dance of the Wild Men, EOgmmiZ0iFE.mid",964
Ab-Hirajoshi pentatonic,Ab-Hirajoshi pentatonic,0.25,"Agnew, Roy, Dance of the Wild Men, EOgmmiZ0iFE.mid",965
Ab-Hirajoshi pentatonic,Ab-phrygian hexamirror,1/3,"Agnew, Roy, Dance of the Wild Men, EOgmmiZ0iFE.mid",966
Ab-phrygian hexamirror,Eb-Balinese Pelog pentatonic,1/12,"Agnew, Roy, Dance of the Wild Men, EOgmmiZ0iFE.mid",967
Eb-Balinese Pelog pentatonic,Ab-phrygian hexamirror,7/12,"Agnew, Roy, Dance of the Wild Men, EOgmmiZ0iFE.mid",968
Ab-phrygian hexamirror,A-minor hexachord,1/12,"Agnew, Roy, Dance of the Wild Men, EOgmmiZ0iFE.mid",969
A-minor hexachord,A-minor hexachord,1/12,"Agnew, Roy, Dance of the Wild Men, EOgmmiZ0iFE.mid",970
A-minor hexachord,Eb-Hirajoshi pentatonic,1/12,"Agnew, Roy, Dance of the Wild Men, EOgmmiZ0iFE.mid",971
Eb-Hirajoshi pentatonic,G-quartal trichord,1/6,"Agnew, Roy, Dance of the Wild Men, EOgmmiZ0iFE.mid",972
G-quartal trichord,G-quartal trichord,1/12,"Agnew, Roy, Dance of the Wild Men, EOgmmiZ0iFE.mid",973
G-quartal trichord,G-quartal trichord,0.5,"Agnew, Roy, Dance of the Wild Men, EOgmmiZ0iFE.mid",974
G-quartal trichord,D-perfect-fourth minor tetrachord,1/6,"Agnew, Roy, Dance of the Wild Men, EOgmmiZ0iFE.mid",975
D-perfect-fourth minor tetrachord,G-incomplete dominant-seventh chord,1/12,"Agnew, Roy, Dance of the Wild Men, EOgmmiZ0iFE.mid",976
G-incomplete dominant-seventh chord,D-perfect-fourth minor tetrachord,0.25,"Agnew, Roy, Dance of the Wild Men, EOgmmiZ0iFE.mid",977
D-perfect-fourth minor tetrachord,G-dominant-ninth,0.5,"Agnew, Roy, Dance of the Wild Men, EOgmmiZ0iFE.mid",978
G-dominant-ninth,G-dominant-ninth,5/12,"Agnew, Roy, Dance of the Wild Men, EOgmmiZ0iFE.mid",979
G-dominant-ninth,G-dominant-ninth,1/12,"Agnew, Roy, Dance of the Wild Men, EOgmmiZ0iFE.mid",980
G-dominant-ninth,D-perfect-fourth minor tetrachord,0.25,"Agnew, Roy, Dance of the Wild Men, EOgmmiZ0iFE.mid",981
D-perfect-fourth minor tetrachord,G,2.0,"Agnew, Roy, Dance of the Wild Men, EOgmmiZ0iFE.mid",982
G,D-minor triad,1/6,"Agnew, Roy, Dance of the Wild Men, EOgmmiZ0iFE.mid",983
D-minor triad,D-minor triad,1/3,"Agnew, Roy, Dance of the Wild Men, EOgmmiZ0iFE.mid",984
D-minor triad,D-minor triad,1/6,"Agnew, Roy, Dance of the Wild Men, EOgmmiZ0iFE.mid",985
D-minor triad,Minor Third above D,1/12,"Agnew, Roy, Dance of the Wild Men, EOgmmiZ0iFE.mid",986
Minor Third above D,D-minor triad,0.5,"Agnew, Roy, Dance of the Wild Men, EOgmmiZ0iFE.mid",987
D-minor triad,B-half-diminished seventh chord,0.25,"Agnew, Roy, Dance of the Wild Men, EOgmmiZ0iFE.mid",988
B-half-diminished seventh chord,B-half-diminished seventh chord,0.5,"Agnew, Roy, Dance of the Wild Men, EOgmmiZ0iFE.mid",989
B-half-diminished seventh chord,G-dominant-ninth,1/3,"Agnew, Roy, Dance of the Wild Men, EOgmmiZ0iFE.mid",990
G-dominant-ninth,G-dominant-ninth,1/12,"Agnew, Roy, Dance of the Wild Men, EOgmmiZ0iFE.mid",991
G-dominant-ninth,G-dominant-ninth,1/3,"Agnew, Roy, Dance of the Wild Men, EOgmmiZ0iFE.mid",992
G-dominant-ninth,G-dominant-ninth,0.25,"Agnew, Roy, Dance of the Wild Men, EOgmmiZ0iFE.mid",993
G-dominant-ninth,G-dominant-ninth,0.5,"Agnew, Roy, Dance of the Wild Men, EOgmmiZ0iFE.mid",994
G-dominant-ninth,G-dominant-ninth,0.25,"Agnew, Roy, Dance of the Wild Men, EOgmmiZ0iFE.mid",995
G-dominant-ninth,G-dominant-ninth,0.25,"Agnew, Roy, Dance of the Wild Men, EOgmmiZ0iFE.mid",996
G-dominant-ninth,G-dominant seventh chord,0.25,"Agnew, Roy, Dance of the Wild Men, EOgmmiZ0iFE.mid",997
G-dominant seventh chord,G-dominant-ninth,0.25,"Agnew, Roy, Dance of the Wild Men, EOgmmiZ0iFE.mid",998
G-dominant-ninth,G-dominant-ninth,0.25,"Agnew, Roy, Dance of the Wild Men, EOgmmiZ0iFE.mid",999
G-dominant-ninth,G-dominant-ninth,0.25,"Agnew, Roy, Dance of the Wild Men, EOgmmiZ0iFE.mid",1000
G-dominant-ninth,G-dominant-ninth,0.25,"Agnew, Roy, Dance of the Wild Men, EOgmmiZ0iFE.mid",1001
G-dominant-ninth,G-dominant-ninth,0.25,"Agnew, Roy, Dance of the Wild Men, EOgmmiZ0iFE.mid",1002
G-dominant-ninth,G-dominant-ninth,0.25,"Agnew, Roy, Dance of the Wild Men, EOgmmiZ0iFE.mid",1003
G-dominant-ninth,G-dominant-ninth,7/12,"Agnew, Roy, Dance of the Wild Men, EOgmmiZ0iFE.mid",1004
G-dominant-ninth,G-dominant-eleventh,1/12,"Agnew, Roy, Dance of the Wild Men, EOgmmiZ0iFE.mid",1005
G-dominant-eleventh,G-dominant-eleventh,1/12,"Agnew, Roy, Dance of the Wild Men, EOgmmiZ0iFE.mid",1006
G-dominant-eleventh,G-dominant-eleventh,0.25,"Agnew, Roy, Dance of the Wild Men, EOgmmiZ0iFE.mid",1007
G-dominant-eleventh,G-dominant-eleventh,0.25,"Agnew, Roy, Dance of the Wild Men, EOgmmiZ0iFE.mid",1008
G-dominant-eleventh,G-dominant-eleventh,0.25,"Agnew, Roy, Dance of the Wild Men, EOgmmiZ0iFE.mid",1009
G-dominant-eleventh,G-dominant-eleventh,1/6,"Agnew, Roy, Dance of the Wild Men, EOgmmiZ0iFE.mid",1010
G-dominant-eleventh,G-dominant-eleventh,1/12,"Agnew, Roy, Dance of the Wild Men, EOgmmiZ0iFE.mid",1011
G-dominant-eleventh,G-dominant-eleventh,0.25,"Agnew, Roy, Dance of the Wild Men, EOgmmiZ0iFE.mid",1012
G-dominant-eleventh,G-dominant-eleventh,0.25,"Agnew, Roy, Dance of the Wild Men, EOgmmiZ0iFE.mid",1013
G-dominant-eleventh,G,14/3,"Agnew, Roy, Dance of the Wild Men, EOgmmiZ0iFE.mid",1014
G,B-diminished-major ninth chord,0.25,"Agnew, Roy, Dance of the Wild Men, EOgmmiZ0iFE.mid",1015
B-diminished-major ninth chord,B-diminished-major ninth chord,0.25,"Agnew, Roy, Dance of the Wild Men, EOgmmiZ0iFE.mid",1016
B-diminished-major ninth chord,F-all-interval tetrachord,1/6,"Agnew, Roy, Dance of the Wild Men, EOgmmiZ0iFE.mid",1017
F-all-interval tetrachord,B-diminished-major ninth chord,1/6,"Agnew, Roy, Dance of the Wild Men, EOgmmiZ0iFE.mid",1018
B-diminished-major ninth chord,D-minor seventh chord,1/6,"Agnew, Roy, Dance of the Wild Men, EOgmmiZ0iFE.mid",1019
D-minor seventh chord,D-minor seventh chord,0.25,"Agnew, Roy, Dance of the Wild Men, EOgmmiZ0iFE.mid",1020
D-minor seventh chord,D-minor seventh chord,1/6,"Agnew, Roy, Dance of the Wild Men, EOgmmiZ0iFE.mid",1021
D-minor seventh chord,D-minor seventh chord,1/12,"Agnew, Roy, Dance of the Wild Men, EOgmmiZ0iFE.mid",1022
D-minor seventh chord,D-minor seventh chord,0.5,"Agnew, Roy, Dance of the Wild Men, EOgmmiZ0iFE.mid",1023
D-minor seventh chord,Bb-major-ninth chord,1/3,"Agnew, Roy, Dance of the Wild Men, EOgmmiZ0iFE.mid",1024
Bb-major-ninth chord,Bb-major-ninth chord,1/6,"Agnew, Roy, Dance of the Wild Men, EOgmmiZ0iFE.mid",1025
Bb-major-ninth chord,Bb-major-ninth chord,0.25,"Agnew, Roy, Dance of the Wild Men, EOgmmiZ0iFE.mid",1026
Bb-major-ninth chord,Bb-major-ninth chord,1/6,"Agnew, Roy, Dance of the Wild Men, EOgmmiZ0iFE.mid",1027
Bb-major-ninth chord,Bb-major-ninth chord,1/12,"Agnew, Roy, Dance of the Wild Men, EOgmmiZ0iFE.mid",1028
Bb-major-ninth chord,Bb-major-second major tetrachord,0.25,"Agnew, Roy, Dance of the Wild Men, EOgmmiZ0iFE.mid",1029
Bb-major-second major tetrachord,Bb-major-second major tetrachord,5/12,"Agnew, Roy, Dance of the Wild Men, EOgmmiZ0iFE.mid",1030
Bb-major-second major tetrachord,Bb-major-second major tetrachord,0.25,"Agnew, Roy, Dance of the Wild Men, EOgmmiZ0iFE.mid",1031
Bb-major-second major tetrachord,Bb-whole-tone trichord,1/12,"Agnew, Roy, Dance of the Wild Men, EOgmmiZ0iFE.mid",1032
Bb-whole-tone trichord,C,5/6,"Agnew, Roy, Dance of the Wild Men, EOgmmiZ0iFE.mid",1033
C,Bb-major triad,0.25,"Agnew, Roy, Dance of the Wild Men, EOgmmiZ0iFE.mid",1034
Bb-major triad,G-minor seventh chord,1/6,"Agnew, Roy, Dance of the Wild Men, EOgmmiZ0iFE.mid",1035
G-minor seventh chord,G-minor seventh chord,1/12,"Agnew, Roy, Dance of the Wild Men, EOgmmiZ0iFE.mid",1036
G-minor seventh chord,G-minor seventh chord,1/6,"Agnew, Roy, Dance of the Wild Men, EOgmmiZ0iFE.mid",1037
G-minor seventh chord,G-minor seventh chord,1/3,"Agnew, Roy, Dance of the Wild Men, EOgmmiZ0iFE.mid",1038
G-minor seventh chord,C-dominant-eleventh,0.25,"Agnew, Roy, Dance of the Wild Men, EOgmmiZ0iFE.mid",1039
C-dominant-eleventh,C-dominant-eleventh,0.25,"Agnew, Roy, Dance of the Wild Men, EOgmmiZ0iFE.mid",1040
C-dominant-eleventh,C-dominant-eleventh,0.25,"Agnew, Roy, Dance of the Wild Men, EOgmmiZ0iFE.mid",1041
C-dominant-eleventh,C-dominant-eleventh,0.25,"Agnew, Roy, Dance of the Wild Men, EOgmmiZ0iFE.mid",1042
C-dominant-eleventh,C-dominant-eleventh,1/6,"Agnew, Roy, Dance of the Wild Men, EOgmmiZ0iFE.mid",1043
C-dominant-eleventh,C-dominant-eleventh,1/6,"Agnew, Roy, Dance of the Wild Men, EOgmmiZ0iFE.mid",1044
C-dominant-eleventh,C-dominant-eleventh,1/6,"Agnew, Roy, Dance of the Wild Men, EOgmmiZ0iFE.mid",1045
C-dominant-eleventh,C-dominant-eleventh,0.25,"Agnew, Roy, Dance of the Wild Men, EOgmmiZ0iFE.mid",1046
C-dominant-eleventh,C-dominant-eleventh,0.75,"Agnew, Roy, Dance of the Wild Men, EOgmmiZ0iFE.mid",1047
C-dominant-eleventh,C-dominant-eleventh,0.25,"Agnew, Roy, Dance of the Wild Men, EOgmmiZ0iFE.mid",1048
C-dominant-eleventh,C-major pentachord,1/12,"Agnew, Roy, Dance of the Wild Men, EOgmmiZ0iFE.mid",1049
C-major pentachord,C-major-second major tetrachord,1/6,"Agnew, Roy, Dance of the Wild Men, EOgmmiZ0iFE.mid",1050
C-major-second major tetrachord,D,11/12,"Agnew, Roy, Dance of the Wild Men, EOgmmiZ0iFE.mid",1051
D,C-major triad,1/3,"Agnew, Roy, Dance of the Wild Men, EOgmmiZ0iFE.mid",1052
C-major triad,C-major triad,1/3,"Agnew, Roy, Dance of the Wild Men, EOgmmiZ0iFE.mid",1053
C-major triad,C-major triad,1/3,"Agnew, Roy, Dance of the Wild Men, EOgmmiZ0iFE.mid",1054
C-major triad,A-minor seventh chord,1/3,"Agnew, Roy, Dance of the Wild Men, EOgmmiZ0iFE.mid",1055
A-minor seventh chord,A-minor seventh chord,5/12,"Agnew, Roy, Dance of the Wild Men, EOgmmiZ0iFE.mid",1056
A-minor seventh chord,A-minor seventh chord,1/12,"Agnew, Roy, Dance of the Wild Men, EOgmmiZ0iFE.mid",1057
A-minor seventh chord,A-minor seventh chord,5/12,"Agnew, Roy, Dance of the Wild Men, EOgmmiZ0iFE.mid",1058
A-minor seventh chord,A-major pentatonic,0.25,"Agnew, Roy, Dance of the Wild Men, EOgmmiZ0iFE.mid",1059
A-major pentatonic,A-dorian hexachord,0.25,"Agnew, Roy, Dance of the Wild Men, EOgmmiZ0iFE.mid",1060
A-dorian hexachord,A-dorian hexachord,1/6,"Agnew, Roy, Dance of the Wild Men, EOgmmiZ0iFE.mid",1061
A-dorian hexachord,A-dorian hexachord,1/6,"Agnew, Roy, Dance of the Wild Men, EOgmmiZ0iFE.mid",1062
A-dorian hexachord,G-dorian pentachord,1/6,"Agnew, Roy, Dance of the Wild Men, EOgmmiZ0iFE.mid",1063
G-dorian pentachord,A-dorian hexachord,0.25,"Agnew, Roy, Dance of the Wild Men, EOgmmiZ0iFE.mid",1064
A-dorian hexachord,A-dorian hexachord,0.5,"Agnew, Roy, Dance of the Wild Men, EOgmmiZ0iFE.mid",1065
A-dorian hexachord,C,4.25,"Agnew, Roy, Dance of the Wild Men, EOgmmiZ0iFE.mid",1066
C,A-dorian hexachord,5/12,"Agnew, Roy, Dance of the Wild Men, EOgmmiZ0iFE.mid",1067
A-dorian hexachord,A-minor-diminished ninth chord,1/12,"Agnew, Roy, Dance of the Wild Men, EOgmmiZ0iFE.mid",1068
A-minor-diminished ninth chord,A-dorian hexachord,0.25,"Agnew, Roy, Dance of the Wild Men, EOgmmiZ0iFE.mid",1069
A-dorian hexachord,A-dorian hexachord,0.25,"Agnew, Roy, Dance of the Wild Men, EOgmmiZ0iFE.mid",1070
A-dorian hexachord,A-dorian hexachord,1/6,"Agnew, Roy, Dance of the Wild Men, EOgmmiZ0iFE.mid",1071
A-dorian hexachord,A-dorian hexachord,1/6,"Agnew, Roy, Dance of the Wild Men, EOgmmiZ0iFE.mid",1072
A-dorian hexachord,A-dorian hexachord,1/6,"Agnew, Roy, Dance of the Wild Men, EOgmmiZ0iFE.mid",1073
A-dorian hexachord,A-dorian hexachord,1/6,"Agnew, Roy, Dance of the Wild Men, EOgmmiZ0iFE.mid",1074
A-dorian hexachord,A-dorian hexachord,1/12,"Agnew, Roy, Dance of the Wild Men, EOgmmiZ0iFE.mid",1075
A-dorian hexachord,A-dorian hexachord,0.25,"Agnew, Roy, Dance of the Wild Men, EOgmmiZ0iFE.mid",1076
A-dorian hexachord,A-dorian hexachord,1/3,"Agnew, Roy, Dance of the Wild Men, EOgmmiZ0iFE.mid",1077
A-dorian hexachord,A-dorian hexachord,2/3,"Agnew, Roy, Dance of the Wild Men, EOgmmiZ0iFE.mid",1078
A-dorian hexachord,A-minor-diminished ninth chord,0.25,"Agnew, Roy, Dance of the Wild Men, EOgmmiZ0iFE.mid",1079
A-minor-diminished ninth chord,A-dorian hexachord,0.75,"Agnew, Roy, Dance of the Wild Men, EOgmmiZ0iFE.mid",1080
A-dorian hexachord,Major Sixth above C,1/6,"Agnew, Roy, Dance of the Wild Men, EOgmmiZ0iFE.mid",1081
Major Sixth above C,A,5/6,"Agnew, Roy, Dance of the Wild Men, EOgmmiZ0iFE.mid",1082
A,E-half-diminished seventh chord,0.25,"Agnew, Roy, Dance of the Wild Men, EOgmmiZ0iFE.mid",1083
E-half-diminished seventh chord,C-dominant-ninth,5/12,"Agnew, Roy, Dance of the Wild Men, EOgmmiZ0iFE.mid",1084
C-dominant-ninth,C-dominant-ninth,1/6,"Agnew, Roy, Dance of the Wild Men, EOgmmiZ0iFE.mid",1085
C-dominant-ninth,G-perfect-fourth minor tetrachord,1/6,"Agnew, Roy, Dance of the Wild Men, EOgmmiZ0iFE.mid",1086
G-perfect-fourth minor tetrachord,C-dominant-ninth,1/6,"Agnew, Roy, Dance of the Wild Men, EOgmmiZ0iFE.mid",1087
C-dominant-ninth,C-dominant-ninth,1/12,"Agnew, Roy, Dance of the Wild Men, EOgmmiZ0iFE.mid",1088
C-dominant-ninth,C-dominant-ninth,1/12,"Agnew, Roy, Dance of the Wild Men, EOgmmiZ0iFE.mid",1089
C-dominant-ninth,C-dominant-ninth,1/6,"Agnew, Roy, Dance of the Wild Men, EOgmmiZ0iFE.mid",1090
C-dominant-ninth,forte class 7-29B above G,0.25,"Agnew, Roy, Dance of the Wild Men, EOgmmiZ0iFE.mid",1091
forte class 7-29B above G,A-dorian hexachord,1/6,"Agnew, Roy, Dance of the Wild Men, EOgmmiZ0iFE.mid",1092
A-dorian hexachord,A-dorian hexachord,1/12,"Agnew, Roy, Dance of the Wild Men, EOgmmiZ0iFE.mid",1093
A-dorian hexachord,A-dorian hexachord,0.25,"Agnew, Roy, Dance of the Wild Men, EOgmmiZ0iFE.mid",1094
A-dorian hexachord,A-dorian hexachord,1/12,"Agnew, Roy, Dance of the Wild Men, EOgmmiZ0iFE.mid",1095
A-dorian hexachord,A-dorian hexachord,1/3,"Agnew, Roy, Dance of the Wild Men, EOgmmiZ0iFE.mid",1096
A-dorian hexachord,A-dorian hexachord,1/12,"Agnew, Roy, Dance of the Wild Men, EOgmmiZ0iFE.mid",1097
A-dorian hexachord,A-dorian hexachord,1/6,"Agnew, Roy, Dance of the Wild Men, EOgmmiZ0iFE.mid",1098
A-dorian hexachord,A-dorian hexachord,1/12,"Agnew, Roy, Dance of the Wild Men, EOgmmiZ0iFE.mid",1099
A-dorian hexachord,A-dorian hexachord,1/6,"Agnew, Roy, Dance of the Wild Men, EOgmmiZ0iFE.mid",1100
A-dorian hexachord,A-minor-diminished ninth chord,1/12,"Agnew, Roy, Dance of the Wild Men, EOgmmiZ0iFE.mid",1101
A-minor-diminished ninth chord,A-dorian hexachord,0.25,"Agnew, Roy, Dance of the Wild Men, EOgmmiZ0iFE.mid",1102
A-dorian hexachord,A-dorian hexachord,1/6,"Agnew, Roy, Dance of the Wild Men, EOgmmiZ0iFE.mid",1103
A-dorian hexachord,A-dorian hexachord,1/12,"Agnew, Roy, Dance of the Wild Men, EOgmmiZ0iFE.mid",1104
A-dorian hexachord,A-dorian hexachord,0.25,"Agnew, Roy, Dance of the Wild Men, EOgmmiZ0iFE.mid",1105
A-dorian hexachord,G,4.0,"Agnew, Roy, Dance of the Wild Men, EOgmmiZ0iFE.mid",1106
G,A-dorian hexachord,0.5,"Agnew, Roy, Dance of the Wild Men, EOgmmiZ0iFE.mid",1107
A-dorian hexachord,A-dorian hexachord,1/6,"Agnew, Roy, Dance of the Wild Men, EOgmmiZ0iFE.mid",1108
A-dorian hexachord,A-dorian hexachord,1/12,"Agnew, Roy, Dance of the Wild Men, EOgmmiZ0iFE.mid",1109
A-dorian hexachord,A-dorian hexachord,0.25,"Agnew, Roy, Dance of the Wild Men, EOgmmiZ0iFE.mid",1110
A-dorian hexachord,A-dorian hexachord,0.25,"Agnew, Roy, Dance of the Wild Men, EOgmmiZ0iFE.mid",1111
A-dorian hexachord,A-dorian hexachord,1/6,"Agnew, Roy, Dance of the Wild Men, EOgmmiZ0iFE.mid",1112
A-dorian hexachord,A-dorian hexachord,1/12,"Agnew, Roy, Dance of the Wild Men, EOgmmiZ0iFE.mid",1113
A-dorian hexachord,A-dorian hexachord,0.25,"Agnew, Roy, Dance of the Wild Men, EOgmmiZ0iFE.mid",1114
A-dorian hexachord,A-dorian hexachord,1/12,"Agnew, Roy, Dance of the Wild Men, EOgmmiZ0iFE.mid",1115
A-dorian hexachord,C-dominant-ninth,1/6,"Agnew, Roy, Dance of the Wild Men, EOgmmiZ0iFE.mid",1116
C-dominant-ninth,C-dominant-ninth,0.25,"Agnew, Roy, Dance of the Wild Men, EOgmmiZ0iFE.mid",1117
C-dominant-ninth,C-dominant-ninth,0.25,"Agnew, Roy, Dance of the Wild Men, EOgmmiZ0iFE.mid",1118
C-dominant-ninth,C-dominant-ninth,0.75,"Agnew, Roy, Dance of the Wild Men, EOgmmiZ0iFE.mid",1119
C-dominant-ninth,forte class 7-36B above C#,0.25,"Agnew, Roy, Dance of the Wild Men, EOgmmiZ0iFE.mid",1120
forte class 7-36B above C#,A-minor hexachord,0.25,"Agnew, Roy, Dance of the Wild Men, EOgmmiZ0iFE.mid",1121
A-minor hexachord,A-locrian pentachord,1/6,"Agnew, Roy, Dance of the Wild Men, EOgmmiZ0iFE.mid",1122
A-locrian pentachord,C-lydian tetrachord,1/12,"Agnew, Roy, Dance of the Wild Men, EOgmmiZ0iFE.mid",1123
C-lydian tetrachord,Diminished Sixth above C#,1/3,"Agnew, Roy, Dance of the Wild Men, EOgmmiZ0iFE.mid",1124
Diminished Sixth above C#,A-,2/3,"Agnew, Roy, Dance of the Wild Men, EOgmmiZ0iFE.mid",1125
START,B,1.0,"Agnew, Roy, Prelude No.1, gHtoiDC0hpk.mid",0
B,C,0.75,"Agnew, Roy, Prelude No.1, gHtoiDC0hpk.mid",1
C,B,0.75,"Agnew, Roy, Prelude No.1, gHtoiDC0hpk.mid",2
B,F,0.75,"Agnew, Roy, Prelude No.1, gHtoiDC0hpk.mid",3
F,E,1.75,"Agnew, Roy, Prelude No.1, gHtoiDC0hpk.mid",4
E,D,2/3,"Agnew, Roy, Prelude No.1, gHtoiDC0hpk.mid",5
D,E,2/3,"Agnew, Roy, Prelude No.1, gHtoiDC0hpk.mid",6
E,E,1/12,"Agnew, Roy, Prelude No.1, gHtoiDC0hpk.mid",7
E,D,0.75,"Agnew, Roy, Prelude No.1, gHtoiDC0hpk.mid",8
D,Minor Seventh above D,0.25,"Agnew, Roy, Prelude No.1, gHtoiDC0hpk.mid",9
Minor Seventh above D,C,0.75,"Agnew, Roy, Prelude No.1, gHtoiDC0hpk.mid",10
C,B,1.0,"Agnew, Roy, Prelude No.1, gHtoiDC0hpk.mid",11
B,Perfect Fifth above E,1.0,"Agnew, Roy, Prelude No.1, gHtoiDC0hpk.mid",12
Perfect Fifth above E,E-incomplete dominant-seventh chord,1.25,"Agnew, Roy, Prelude No.1, gHtoiDC0hpk.mid",13
E-incomplete dominant-seventh chord,B,1/12,"Agnew, Roy, Prelude No.1, gHtoiDC0hpk.mid",14
B,enharmonic equivalent to diminished triad above D,1.5,"Agnew, Roy, Prelude No.1, gHtoiDC0hpk.mid",15
enharmonic equivalent to diminished triad above D,enharmonic equivalent to diminished triad above D,0.75,"Agnew, Roy, Prelude No.1, gHtoiDC0hpk.mid",16
enharmonic equivalent to diminished triad above D,G#-diminished seventh chord,1/12,"Agnew, Roy, Prelude No.1, gHtoiDC0hpk.mid",17
G#-diminished seventh chord,G#-diminished seventh chord,1/6,"Agnew, Roy, Prelude No.1, gHtoiDC0hpk.mid",18
G#-diminished seventh chord,G#-diminished seventh chord,0.5,"Agnew, Roy, Prelude No.1, gHtoiDC0hpk.mid",19
G#-diminished seventh chord,G#-diminished minor-ninth chord,0.75,"Agnew, Roy, Prelude No.1, gHtoiDC0hpk.mid",20
G#-diminished minor-ninth chord,G#-diminished minor-ninth chord,0.75,"Agnew, Roy, Prelude No.1, gHtoiDC0hpk.mid",21
G#-diminished minor-ninth chord,G#-diminished minor-ninth chord,0.75,"Agnew, Roy, Prelude No.1, gHtoiDC0hpk.mid",22
G#-diminished minor-ninth chord,Perfect Fourth above C,1/12,"Agnew, Roy, Prelude No.1, gHtoiDC0hpk.mid",23
Perfect Fourth above C,F,1/6,"Agnew, Roy, Prelude No.1, gHtoiDC0hpk.mid",24
F,C,1.0,"Agnew, Roy, Prelude No.1, gHtoiDC0hpk.mid",25
C,C,0.5,"Agnew, Roy, Prelude No.1, gHtoiDC0hpk.mid",26
C,G#,2/3,"Agnew, Roy, Prelude No.1, gHtoiDC0hpk.mid",27
G#,B,0.75,"Agnew, Roy, Prelude No.1, gHtoiDC0hpk.mid",28
B,C,2/3,"Agnew, Roy, Prelude No.1, gHtoiDC0hpk.mid",29
C,Major Second above D,0.5,"Agnew, Roy, Prelude No.1, gHtoiDC0hpk.mid",30
Major Second above D,Major Second above D,0.25,"Agnew, Roy, Prelude No.1, gHtoiDC0hpk.mid",31
Major Second above D,D-minor trichord,0.25,"Agnew, Roy, Prelude No.1, gHtoiDC0hpk.mid",32
D-minor trichord,Minor Third above D,0.5,"Agnew, Roy, Prelude No.1, gHtoiDC0hpk.mid",33
Minor Third above D,Major Second above D,0.75,"Agnew, Roy, Prelude No.1, gHtoiDC0hpk.mid",34
Major Second above D,C-whole-tone trichord,0.25,"Agnew, Roy, Prelude No.1, gHtoiDC0hpk.mid",35
C-whole-tone trichord,Minor Seventh above D,0.5,"Agnew, Roy, Prelude No.1, gHtoiDC0hpk.mid",36
Minor Seventh above D,D,1/6,"Agnew, Roy, Prelude No.1, gHtoiDC0hpk.mid",37
D,Major Sixth above D,4/3,"Agnew, Roy, Prelude No.1, gHtoiDC0hpk.mid",38
Major Sixth above D,D,1/6,"Agnew, Roy, Prelude No.1, gHtoiDC0hpk.mid",39
D,Major Second above A,1/6,"Agnew, Roy, Prelude No.1, gHtoiDC0hpk.mid",40
Major Second above A,A,7/12,"Agnew, Roy, Prelude No.1, gHtoiDC0hpk.mid",41
A,B,0.75,"Agnew, Roy, Prelude No.1, gHtoiDC0hpk.mid",42
B,A,0.75,"Agnew, Roy, Prelude No.1, gHtoiDC0hpk.mid",43
A,F,0.75,"Agnew, Roy, Prelude No.1, gHtoiDC0hpk.mid",44
F,E,1.0,"Agnew, Roy, Prelude No.1, gHtoiDC0hpk.mid",45
E,Minor Third above C#,0.75,"Agnew, Roy, Prelude No.1, gHtoiDC0hpk.mid",46
Minor Third above C#,C#-incomplete minor-seventh chord,11/12,"Agnew, Roy, Prelude No.1, gHtoiDC0hpk.mid",47
C#-incomplete minor-seventh chord,Minor Seventh above C#,1/12,"Agnew, Roy, Prelude No.1, gHtoiDC0hpk.mid",48
Minor Seventh above C#,Major Sixth above F,1.75,"Agnew, Roy, Prelude No.1, gHtoiDC0hpk.mid",49
Major Sixth above F,Minor Seventh above E,0.5,"Agnew, Roy, Prelude No.1, gHtoiDC0hpk.mid",50
Minor Seventh above E,Minor Seventh above E,1/3,"Agnew, Roy, Prelude No.1, gHtoiDC0hpk.mid",51
Minor Seventh above E,D-minor trichord,5/6,"Agnew, Roy, Prelude No.1, gHtoiDC0hpk.mid",52
D-minor trichord,Major Sixth above F,1/12,"Agnew, Roy, Prelude No.1, gHtoiDC0hpk.mid",53
Major Sixth above F,D-minor trichord,1.0,"Agnew, Roy, Prelude No.1, gHtoiDC0hpk.mid",54
D-minor trichord,C-diminished-augmented ninth chord,1.0,"Agnew, Roy, Prelude No.1, gHtoiDC0hpk.mid",55
C-diminished-augmented ninth chord,Minor Second above E,1/12,"Agnew, Roy, Prelude No.1, gHtoiDC0hpk.mid",56
Minor Second above E,B-perfect-fourth diminished tetrachord,1/6,"Agnew, Roy, Prelude No.1, gHtoiDC0hpk.mid",57
B-perfect-fourth diminished tetrachord,Major Sixth above D,0.5,"Agnew, Roy, Prelude No.1, gHtoiDC0hpk.mid",58
Major Sixth above D,Major Sixth above D,4/3,"Agnew, Roy, Prelude No.1, gHtoiDC0hpk.mid",59
Major Sixth above D,C#,7/6,"Agnew, Roy, Prelude No.1, gHtoiDC0hpk.mid",60
C#,Minor Second above C#,1/12,"Agnew, Roy, Prelude No.1, gHtoiDC0hpk.mid",61
Minor Second above C#,Major Seventh above D,0.75,"Agnew, Roy, Prelude No.1, gHtoiDC0hpk.mid",62
Major Seventh above D,D,1/6,"Agnew, Roy, Prelude No.1, gHtoiDC0hpk.mid",63
D,Perfect Fifth above D,0.5,"Agnew, Roy, Prelude No.1, gHtoiDC0hpk.mid",64
Perfect Fifth above D,Perfect Fifth above D,0.75,"Agnew, Roy, Prelude No.1, gHtoiDC0hpk.mid",65
Perfect Fifth above D,Perfect Fourth above E,1.0,"Agnew, Roy, Prelude No.1, gHtoiDC0hpk.mid",66
Perfect Fourth above E,A,0.25,"Agnew, Roy, Prelude No.1, gHtoiDC0hpk.mid",67
A,B,0.25,"Agnew, Roy, Prelude No.1, gHtoiDC0hpk.mid",68
B,Augmented Second above F,17/12,"Agnew, Roy, Prelude No.1, gHtoiDC0hpk.mid",69
Augmented Second above F,G-harmonic minor tetrachord,1/3,"Agnew, Roy, Prelude No.1, gHtoiDC0hpk.mid",70
G-harmonic minor tetrachord,G-harmonic minor tetrachord,2/3,"Agnew, Roy, Prelude No.1, gHtoiDC0hpk.mid",71
G-harmonic minor tetrachord,Augmented Second above F,1/12,"Agnew, Roy, Prelude No.1, gHtoiDC0hpk.mid",72
Augmented Second above F,G-harmonic minor tetrachord,1.25,"Agnew, Roy, Prelude No.1, gHtoiDC0hpk.mid",73
G-harmonic minor tetrachord,G-harmonic minor tetrachord,1.0,"Agnew, Roy, Prelude No.1, gHtoiDC0hpk.mid",74
G-harmonic minor tetrachord,G-tritone-symmetric pentamirror,0.75,"Agnew, Roy, Prelude No.1, gHtoiDC0hpk.mid",75
G-tritone-symmetric pentamirror,G-combinatorial RI (RI6),0.25,"Agnew, Roy, Prelude No.1, gHtoiDC0hpk.mid",76
G-combinatorial RI (RI6),Augmented Second above F,11/12,"Agnew, Roy, Prelude No.1, gHtoiDC0hpk.mid",77
Augmented Second above F,G-dominant-ninth,0.25,"Agnew, Roy, Prelude No.1, gHtoiDC0hpk.mid",78
G-dominant-ninth,G-dominant-ninth,0.5,"Agnew, Roy, Prelude No.1, gHtoiDC0hpk.mid",79
G-dominant-ninth,E-dorian hexachord,0.25,"Agnew, Roy, Prelude No.1, gHtoiDC0hpk.mid",80
E-dorian hexachord,Perfect Fourth above E,1/3,"Agnew, Roy, Prelude No.1, gHtoiDC0hpk.mid",81
Perfect Fourth above E,Perfect Fourth above E,11/12,"Agnew, Roy, Prelude No.1, gHtoiDC0hpk.mid",82
Perfect Fourth above E,A-minor triad,0.75,"Agnew, Roy, Prelude No.1, gHtoiDC0hpk.mid",83
A-minor triad,A-minor seventh chord,0.75,"Agnew, Roy, Prelude No.1, gHtoiDC0hpk.mid",84
A-minor seventh chord,A-minor seventh chord,1/12,"Agnew, Roy, Prelude No.1, gHtoiDC0hpk.mid",85
A-minor seventh chord,A-minor seventh chord,1/6,"Agnew, Roy, Prelude No.1, gHtoiDC0hpk.mid",86
A-minor seventh chord,A-minor seventh chord,2/3,"Agnew, Roy, Prelude No.1, gHtoiDC0hpk.mid",87
A-minor seventh chord,A-minor seventh chord,7/12,"Agnew, Roy, Prelude No.1, gHtoiDC0hpk.mid",88
A-minor seventh chord,A-minor-ninth chord,0.75,"Agnew, Roy, Prelude No.1, gHtoiDC0hpk.mid",89
A-minor-ninth chord,A-minor-ninth chord,2.0,"Agnew, Roy, Prelude No.1, gHtoiDC0hpk.mid",90
A-minor-ninth chord,A-minor seventh chord,2.5,"Agnew, Roy, Prelude No.1, gHtoiDC0hpk.mid",91
A-minor seventh chord,A-incomplete minor-seventh chord,5/6,"Agnew, Roy, Prelude No.1, gHtoiDC0hpk.mid",92
A-incomplete minor-seventh chord,C,1/6,"Agnew, Roy, Prelude No.1, gHtoiDC0hpk.mid",93
C,C,1.5,"Agnew, Roy, Prelude No.1, gHtoiDC0hpk.mid",94
C,E-minor triad,1.5,"Agnew, Roy, Prelude No.1, gHtoiDC0hpk.mid",95
E-minor triad,Eb-minor-augmented tetrachord,7/6,"Agnew, Roy, Prelude No.1, gHtoiDC0hpk.mid",96
Eb-minor-augmented tetrachord,E-minor-augmented tetrachord,2/3,"Agnew, Roy, Prelude No.1, gHtoiDC0hpk.mid",97
E-minor-augmented tetrachord,E-minor-augmented tetrachord,1/12,"Agnew, Roy, Prelude No.1, gHtoiDC0hpk.mid",98
E-minor-augmented tetrachord,Diminished Fourth above B,1/12,"Agnew, Roy, Prelude No.1, gHtoiDC0hpk.mid",99
Diminished Fourth above B,Augmented Fourth above F,0.25,"Agnew, Roy, Prelude No.1, gHtoiDC0hpk.mid",100
Augmented Fourth above F,B,0.25,"Agnew, Roy, Prelude No.1, gHtoiDC0hpk.mid",101
B,B,0.5,"Agnew, Roy, Prelude No.1, gHtoiDC0hpk.mid",102
B,G-major-minor trichord,0.5,"Agnew, Roy, Prelude No.1, gHtoiDC0hpk.mid",103
G-major-minor trichord,Major Sixth above Bb,0.25,"Agnew, Roy, Prelude No.1, gHtoiDC0hpk.mid",104
Major Sixth above Bb,E-major-third diminished tetrachord,0.75,"Agnew, Roy, Prelude No.1, gHtoiDC0hpk.mid",105
E-major-third diminished tetrachord,D,1.0,"Agnew, Roy, Prelude No.1, gHtoiDC0hpk.mid",106
D,Minor Second above C#,0.75,"Agnew, Roy, Prelude No.1, gHtoiDC0hpk.mid",107
Minor Second above C#,D-chromatic trimirror,0.25,"Agnew, Roy, Prelude No.1, gHtoiDC0hpk.mid",108
D-chromatic trimirror,D-chromatic trimirror,0.5,"Agnew, Roy, Prelude No.1, gHtoiDC0hpk.mid",109
D-chromatic trimirror,Diminished Octave above C#,0.25,"Agnew, Roy, Prelude No.1, gHtoiDC0hpk.mid",110
Diminished Octave above C#,Minor Third above G#,11/12,"Agnew, Roy, Prelude No.1, gHtoiDC0hpk.mid",111
Minor Third above G#,enharmonic equivalent to diminished triad above F,1/12,"Agnew, Roy, Prelude No.1, gHtoiDC0hpk.mid",112
enharmonic equivalent to diminished triad above F,Augmented Fourth above F,11/12,"Agnew, Roy, Prelude No.1, gHtoiDC0hpk.mid",113
Augmented Fourth above F,B,1/12,"Agnew, Roy, Prelude No.1, gHtoiDC0hpk.mid",114
B,Perfect Fifth above E,1.25,"Agnew, Roy, Prelude No.1, gHtoiDC0hpk.mid",115
Perfect Fifth above E,Perfect Fifth above E,0.5,"Agnew, Roy, Prelude No.1, gHtoiDC0hpk.mid",116
Perfect Fifth above E,B-,1.0,"Agnew, Roy, Prelude No.1, gHtoiDC0hpk.mid",117
B-,B,7/6,"Agnew, Roy, Prelude No.1, gHtoiDC0hpk.mid",118
B,Perfect Fourth above B,1/12,"Agnew, Roy, Prelude No.1, gHtoiDC0hpk.mid",119
Perfect Fourth above B,E,11/12,"Agnew, Roy, Prelude No.1, gHtoiDC0hpk.mid",120
E,Perfect Fourth above A,1/3,"Agnew, Roy, Prelude No.1, gHtoiDC0hpk.mid",121
Perfect Fourth above A,Perfect Fourth above A,0.75,"Agnew, Roy, Prelude No.1, gHtoiDC0hpk.mid",122
Perfect Fourth above A,G-major-second major tetrachord,7/12,"Agnew, Roy, Prelude No.1, gHtoiDC0hpk.mid",123
G-major-second major tetrachord,Major Third above G,1/12,"Agnew, Roy, Prelude No.1, gHtoiDC0hpk.mid",124
Major Third above G,Perfect Fifth above D,2/3,"Agnew, Roy, Prelude No.1, gHtoiDC0hpk.mid",125
Perfect Fifth above D,B-incomplete minor-seventh chord,0.75,"Agnew, Roy, Prelude No.1, gHtoiDC0hpk.mid",126
B-incomplete minor-seventh chord,Perfect Fifth above D,1/12,"Agnew, Roy, Prelude No.1, gHtoiDC0hpk.mid",127
Perfect Fifth above D,Diminished Fourth above C#,0.75,"Agnew, Roy, Prelude No.1, gHtoiDC0hpk.mid",128
Diminished Fourth above C#,Diminished Fourth above C#,0.25,"Agnew, Roy, Prelude No.1, gHtoiDC0hpk.mid",129
Diminished Fourth above C#,Minor Third above C#,13/12,"Agnew, Roy, Prelude No.1, gHtoiDC0hpk.mid",130
Minor Third above C#,C#-diminished triad,17/12,"Agnew, Roy, Prelude No.1, gHtoiDC0hpk.mid",131
C#-diminished triad,A-dominant seventh chord,1.0,"Agnew, Roy, Prelude No.1, gHtoiDC0hpk.mid",132
A-dominant seventh chord,A-dominant-ninth,0.25,"Agnew, Roy, Prelude No.1, gHtoiDC0hpk.mid",133
A-dominant-ninth,forte class 6-46B above C#,1/12,"Agnew, Roy, Prelude No.1, gHtoiDC0hpk.mid",134
forte class 6-46B above C#,forte class 6-46B above C#,0.25,"Agnew, Roy, Prelude No.1, gHtoiDC0hpk.mid",135
forte class 6-46B above C#,forte class 6-46B above C#,1/12,"Agnew, Roy, Prelude No.1, gHtoiDC0hpk.mid",136
forte class 6-46B above C#,C-major seventh chord,1/12,"Agnew, Roy, Prelude No.1, gHtoiDC0hpk.mid",137
C-major seventh chord,C-Hirajoshi pentatonic,1/12,"Agnew, Roy, Prelude No.1, gHtoiDC0hpk.mid",138
C-Hirajoshi pentatonic,C-minor-second quartal tetrachord,17/12,"Agnew, Roy, Prelude No.1, gHtoiDC0hpk.mid",139
C-minor-second quartal tetrachord,B-phrygian pentachord,7/6,"Agnew, Roy, Prelude No.1, gHtoiDC0hpk.mid",140
B-phrygian pentachord,C-phrygian tetrachord,1/12,"Agnew, Roy, Prelude No.1, gHtoiDC0hpk.mid",141
C-phrygian tetrachord,B-dorian hexachord,0.25,"Agnew, Roy, Prelude No.1, gHtoiDC0hpk.mid",142
B-dorian hexachord,B-dorian hexachord,0.5,"Agnew, Roy, Prelude No.1, gHtoiDC0hpk.mid",143
B-dorian hexachord,B-dorian hexachord,0.25,"Agnew, Roy, Prelude No.1, gHtoiDC0hpk.mid",144
B-dorian hexachord,B-dorian hexachord,0.5,"Agnew, Roy, Prelude No.1, gHtoiDC0hpk.mid",145
B-dorian hexachord,B-dorian hexachord,0.75,"Agnew, Roy, Prelude No.1, gHtoiDC0hpk.mid",146
B-dorian hexachord,D-major scale,0.25,"Agnew, Roy, Prelude No.1, gHtoiDC0hpk.mid",147
D-major scale,D-major scale,1/12,"Agnew, Roy, Prelude No.1, gHtoiDC0hpk.mid",148
D-major scale,D-major scale,2/3,"Agnew, Roy, Prelude No.1, gHtoiDC0hpk.mid",149
D-major scale,D-dominant-eleventh,1/6,"Agnew, Roy, Prelude No.1, gHtoiDC0hpk.mid",150
D-dominant-eleventh,D-major pentachord,1/12,"Agnew, Roy, Prelude No.1, gHtoiDC0hpk.mid",151
D-major pentachord,F-dominant seventh chord,1.25,"Agnew, Roy, Prelude No.1, gHtoiDC0hpk.mid",152
F-dominant seventh chord,F-diminished pentacluster,0.25,"Agnew, Roy, Prelude No.1, gHtoiDC0hpk.mid",153
F-diminished pentacluster,F-diminished pentacluster,1.0,"Agnew, Roy, Prelude No.1, gHtoiDC0hpk.mid",154
F-diminished pentacluster,E,1/12,"Agnew, Roy, Prelude No.1, gHtoiDC0hpk.mid",155
E,E-major-second major tetrachord,1.5,"Agnew, Roy, Prelude No.1, gHtoiDC0hpk.mid",156
E-major-second major tetrachord,Augmented Fourth above G,0.75,"Agnew, Roy, Prelude No.1, gHtoiDC0hpk.mid",157
Augmented Fourth above G,Augmented Fourth above G,1/3,"Agnew, Roy, Prelude No.1, gHtoiDC0hpk.mid",158
Augmented Fourth above G,C#-Italian augmented sixth chord,0.75,"Agnew, Roy, Prelude No.1, gHtoiDC0hpk.mid",159
C#-Italian augmented sixth chord,Augmented Fourth above G,1/6,"Agnew, Roy, Prelude No.1, gHtoiDC0hpk.mid",160
Augmented Fourth above G,C#-German augmented sixth chord,1.0,"Agnew, Roy, Prelude No.1, gHtoiDC0hpk.mid",161
C#-German augmented sixth chord,C#-German augmented sixth chord,1.5,"Agnew, Roy, Prelude No.1, gHtoiDC0hpk.mid",162
C#-German augmented sixth chord,C#-flat-ninth pentachord,0.25,"Agnew, Roy, Prelude No.1, gHtoiDC0hpk.mid",163
C#-flat-ninth pentachord,Diminished Fifth above C#,59/12,"Agnew, Roy, Prelude No.1, gHtoiDC0hpk.mid",164
Diminished Fifth above C#,Eb-major-diminished tetrachord,4.0,"Agnew, Roy, Prelude No.1, gHtoiDC0hpk.mid",165
Eb-major-diminished tetrachord,Eb-major-diminished tetrachord,0.75,"Agnew, Roy, Prelude No.1, gHtoiDC0hpk.mid",166
Eb-major-diminished tetrachord,Perfect Fifth above Eb,1/6,"Agnew, Roy, Prelude No.1, gHtoiDC0hpk.mid",167
Perfect Fifth above Eb,G,1.25,"Agnew, Roy, Prelude No.1, gHtoiDC0hpk.mid",168
G,G#,1.0,"Agnew, Roy, Prelude No.1, gHtoiDC0hpk.mid",169
G#,G,0.75,"Agnew, Roy, Prelude No.1, gHtoiDC0hpk.mid",170
G,C#,0.75,"Agnew, Roy, Prelude No.1, gHtoiDC0hpk.mid",171
C#,Perfect Fourth above C,0.25,"Agnew, Roy, Prelude No.1, gHtoiDC0hpk.mid",172
Perfect Fourth above C,C,13/12,"Agnew, Roy, Prelude No.1, gHtoiDC0hpk.mid",173
C,B-,0.75,"Agnew, Roy, Prelude No.1, gHtoiDC0hpk.mid",174
B-,Major Second above Bb,0.25,"Agnew, Roy, Prelude No.1, gHtoiDC0hpk.mid",175
Major Second above Bb,C,0.5,"Agnew, Roy, Prelude No.1, gHtoiDC0hpk.mid",176
C,B-,0.25,"Agnew, Roy, Prelude No.1, gHtoiDC0hpk.mid",177
B-,B-,2/3,"Agnew, Roy, Prelude No.1, gHtoiDC0hpk.mid",178
B-,Augmented Sixth above Bb,1/12,"Agnew, Roy, Prelude No.1, gHtoiDC0hpk.mid",179
Augmented Sixth above Bb,G#,2/3,"Agnew, Roy, Prelude No.1, gHtoiDC0hpk.mid",180
G#,G,0.75,"Agnew, Roy, Prelude No.1, gHtoiDC0hpk.mid",181
G,Perfect Fifth above C,1.0,"Agnew, Roy, Prelude No.1, gHtoiDC0hpk.mid",182
Perfect Fifth above C,C-incomplete dominant-seventh chord,0.75,"Agnew, Roy, Prelude No.1, gHtoiDC0hpk.mid",183
C-incomplete dominant-seventh chord,C-incomplete dominant-seventh chord,0.5,"Agnew, Roy, Prelude No.1, gHtoiDC0hpk.mid",184
C-incomplete dominant-seventh chord,C#-diminished triad,2.25,"Agnew, Roy, Prelude No.1, gHtoiDC0hpk.mid",185
C#-diminished triad,Augmented Fourth above G,11/12,"Agnew, Roy, Prelude No.1, gHtoiDC0hpk.mid",186
Augmented Fourth above G,C#-tritone-fourth,1/3,"Agnew, Roy, Prelude No.1, gHtoiDC0hpk.mid",187
C#-tritone-fourth,G,0.75,"Agnew, Roy, Prelude No.1, gHtoiDC0hpk.mid",188
G,C#-tritone-fourth,1/3,"Agnew, Roy, Prelude No.1, gHtoiDC0hpk.mid",189
C#-tritone-fourth,C#-tritone-fourth,1/12,"Agnew, Roy, Prelude No.1, gHtoiDC0hpk.mid",190
C#-tritone-fourth,C#-tritone-fourth,7/12,"Agnew, Roy, Prelude No.1, gHtoiDC0hpk.mid",191
C#-tritone-fourth,C#-minor-second diminished tetrachord,1/12,"Agnew, Roy, Prelude No.1, gHtoiDC0hpk.mid",192
C#-minor-second diminished tetrachord,C#-incomplete minor-seventh chord,1/12,"Agnew, Roy, Prelude No.1, gHtoiDC0hpk.mid",193
C#-incomplete minor-seventh chord,Augmented Second above Bb,5/6,"Agnew, Roy, Prelude No.1, gHtoiDC0hpk.mid",194
Augmented Second above Bb,C#-incomplete minor-seventh chord,1.5,"Agnew, Roy, Prelude No.1, gHtoiDC0hpk.mid",195
C#-incomplete minor-seventh chord,Perfect Fourth above G#,0.25,"Agnew, Roy, Prelude No.1, gHtoiDC0hpk.mid",196
Perfect Fourth above G#,Major Sixth above E,0.25,"Agnew, Roy, Prelude No.1, gHtoiDC0hpk.mid",197
Major Sixth above E,C#,1.0,"Agnew, Roy, Prelude No.1, gHtoiDC0hpk.mid",198
C#,E,1.0,"Agnew, Roy, Prelude No.1, gHtoiDC0hpk.mid",199
E,Minor Third above E,0.75,"Agnew, Roy, Prelude No.1, gHtoiDC0hpk.mid",200
Minor Third above E,A-incomplete dominant-seventh chord,0.5,"Agnew, Roy, Prelude No.1, gHtoiDC0hpk.mid",201
A-incomplete dominant-seventh chord,Major Second above G,1/6,"Agnew, Roy, Prelude No.1, gHtoiDC0hpk.mid",202
Major Second above G,G,1/12,"Agnew, Roy, Prelude No.1, gHtoiDC0hpk.mid",203
G,Major Second above Bb,1.0,"Agnew, Roy, Prelude No.1, gHtoiDC0hpk.mid",204
Major Second above Bb,C-minor trichord,1/3,"Agnew, Roy, Prelude No.1, gHtoiDC0hpk.mid",205
C-minor trichord,C-minor trichord,2/3,"Agnew, Roy, Prelude No.1, gHtoiDC0hpk.mid",206
C-minor trichord,C-minor trichord,0.75,"Agnew, Roy, Prelude No.1, gHtoiDC0hpk.mid",207
C-minor trichord,C,1/3,"Agnew, Roy, Prelude No.1, gHtoiDC0hpk.mid",208
C,C-whole-tone trichord,1.0,"Agnew, Roy, Prelude No.1, gHtoiDC0hpk.mid",209
C-whole-tone trichord,C-phrygian tetrachord,1.0,"Agnew, Roy, Prelude No.1, gHtoiDC0hpk.mid",210
C-phrygian tetrachord,C-locrian pentachord,0.25,"Agnew, Roy, Prelude No.1, gHtoiDC0hpk.mid",211
C-locrian pentachord,C-locrian pentachord,1.0,"Agnew, Roy, Prelude No.1, gHtoiDC0hpk.mid",212
C-locrian pentachord,F-incomplete half-diminished seventh chord,1.0,"Agnew, Roy, Prelude No.1, gHtoiDC0hpk.mid",213
F-incomplete half-diminished seventh chord,C#-major-third diminished tetrachord,2/3,"Agnew, Roy, Prelude No.1, gHtoiDC0hpk.mid",214
C#-major-third diminished tetrachord,C#-diminished triad,1/12,"Agnew, Roy, Prelude No.1, gHtoiDC0hpk.mid",215
C#-diminished triad,C#-major-third diminished tetrachord,1/3,"Agnew, Roy, Prelude No.1, gHtoiDC0hpk.mid",216
C#-major-third diminished tetrachord,C#-major-third diminished tetrachord,5/12,"Agnew, Roy, Prelude No.1, gHtoiDC0hpk.mid",217
C#-major-third diminished tetrachord,C#-major-third diminished tetrachord,0.5,"Agnew, Roy, Prelude No.1, gHtoiDC0hpk.mid",218
C#-major-third diminished tetrachord,C#-major-third diminished tetrachord,1/6,"Agnew, Roy, Prelude No.1, gHtoiDC0hpk.mid",219
C#-major-third diminished tetrachord,Major Sixth above G,1/6,"Agnew, Roy, Prelude No.1, gHtoiDC0hpk.mid",220
Major Sixth above G,C-major-second major tetrachord,1/6,"Agnew, Roy, Prelude No.1, gHtoiDC0hpk.mid",221
C-major-second major tetrachord,C-quartal trichord,1/3,"Agnew, Roy, Prelude No.1, gHtoiDC0hpk.mid",222
C-quartal trichord,Perfect Fourth above G,1/6,"Agnew, Roy, Prelude No.1, gHtoiDC0hpk.mid",223
Perfect Fourth above G,Minor Third above A,1.0,"Agnew, Roy, Prelude No.1, gHtoiDC0hpk.mid",224
Minor Third above A,A-incomplete minor-seventh chord,0.75,"Agnew, Roy, Prelude No.1, gHtoiDC0hpk.mid",225
A-incomplete minor-seventh chord,Perfect Fourth above G,1/12,"Agnew, Roy, Prelude No.1, gHtoiDC0hpk.mid",226
Perfect Fourth above G,G,1/6,"Agnew, Roy, Prelude No.1, gHtoiDC0hpk.mid",227
G,enharmonic equivalent to diminished triad above C#,1.0,"Agnew, Roy, Prelude No.1, gHtoiDC0hpk.mid",228
enharmonic equivalent to diminished triad above C#,enharmonic equivalent to diminished triad above C#,0.5,"Agnew, Roy, Prelude No.1, gHtoiDC0hpk.mid",229
enharmonic equivalent to diminished triad above C#,C-perfect-fourth diminished tetrachord,5/6,"Agnew, Roy, Prelude No.1, gHtoiDC0hpk.mid",230
C-perfect-fourth diminished tetrachord,C-perfect-fourth diminished tetrachord,5/6,"Agnew, Roy, Prelude No.1, gHtoiDC0hpk.mid",231
C-perfect-fourth diminished tetrachord,enharmonic equivalent to diminished triad above C#,1/12,"Agnew, Roy, Prelude No.1, gHtoiDC0hpk.mid",232
enharmonic equivalent to diminished triad above C#,C-perfect-fourth diminished tetrachord,0.75,"Agnew, Roy, Prelude No.1, gHtoiDC0hpk.mid",233
C-perfect-fourth diminished tetrachord,C-double-phrygian hexachord,0.25,"Agnew, Roy, Prelude No.1, gHtoiDC0hpk.mid",234
C-double-phrygian hexachord,C-double-phrygian hexachord,0.25,"Agnew, Roy, Prelude No.1, gHtoiDC0hpk.mid",235
C-double-phrygian hexachord,C-diminished-augmented ninth chord,0.5,"Agnew, Roy, Prelude No.1, gHtoiDC0hpk.mid",236
C-diminished-augmented ninth chord,Major Third above E,1/3,"Agnew, Roy, Prelude No.1, gHtoiDC0hpk.mid",237
Major Third above E,E-major-third diminished tetrachord,5/3,"Agnew, Roy, Prelude No.1, gHtoiDC0hpk.mid",238
E-major-third diminished tetrachord,E-minor-third pentacluster,1.0,"Agnew, Roy, Prelude No.1, gHtoiDC0hpk.mid",239
E-minor-third pentacluster,Major Sixth above Bb,1/12,"Agnew, Roy, Prelude No.1, gHtoiDC0hpk.mid",240
Major Sixth above Bb,B-,11/12,"Agnew, Roy, Prelude No.1, gHtoiDC0hpk.mid",241
B-,Perfect Fifth above Bb,1.0,"Agnew, Roy, Prelude No.1, gHtoiDC0hpk.mid",242
Perfect Fifth above Bb,Bb-quartal trichord,0.75,"Agnew, Roy, Prelude No.1, gHtoiDC0hpk.mid",243
Bb-quartal trichord,Perfect Fourth above C,0.25,"Agnew, Roy, Prelude No.1, gHtoiDC0hpk.mid",244
Perfect Fourth above C,G,0.25,"Agnew, Roy, Prelude No.1, gHtoiDC0hpk.mid",245
G,C#-diminished triad,13/12,"Agnew, Roy, Prelude No.1, gHtoiDC0hpk.mid",246
C#-diminished triad,C#-harmonic minor tetrachord,2/3,"Agnew, Roy, Prelude No.1, gHtoiDC0hpk.mid",247
C#-harmonic minor tetrachord,C#-harmonic minor tetrachord,0.5,"Agnew, Roy, Prelude No.1, gHtoiDC0hpk.mid",248
C#-harmonic minor tetrachord,C#-harmonic minor tetrachord,1.0,"Agnew, Roy, Prelude No.1, gHtoiDC0hpk.mid",249
C#-harmonic minor tetrachord,C#-minor trichord,1/6,"Agnew, Roy, Prelude No.1, gHtoiDC0hpk.mid",250
C#-minor trichord,C#-harmonic minor tetrachord,1.0,"Agnew, Roy, Prelude No.1, gHtoiDC0hpk.mid",251
C#-harmonic minor tetrachord,C#-tritone-symmetric pentamirror,5/6,"Agnew, Roy, Prelude No.1, gHtoiDC0hpk.mid",252
C#-tritone-symmetric pentamirror,C#-combinatorial RI (RI6),0.5,"Agnew, Roy, Prelude No.1, gHtoiDC0hpk.mid",253
C#-combinatorial RI (RI6),Augmented Unison above Eb,13/12,"Agnew, Roy, Prelude No.1, gHtoiDC0hpk.mid",254
Augmented Unison above Eb,E,1/6,"Agnew, Roy, Prelude No.1, gHtoiDC0hpk.mid",255
E,enharmonic equivalent to half-diminished seventh chord above C#,0.75,"Agnew, Roy, Prelude No.1, gHtoiDC0hpk.mid",256
enharmonic equivalent to half-diminished seventh chord above C#,G-Kumoi pentachord,1/6,"Agnew, Roy, Prelude No.1, gHtoiDC0hpk.mid",257
G-Kumoi pentachord,C#-perfect-fourth diminished tetrachord,1/12,"Agnew, Roy, Prelude No.1, gHtoiDC0hpk.mid",258
C#-perfect-fourth diminished tetrachord,C-phrygian pentachord,1/6,"Agnew, Roy, Prelude No.1, gHtoiDC0hpk.mid",259
C-phrygian pentachord,C-perfect-fourth minor tetrachord,1/12,"Agnew, Roy, Prelude No.1, gHtoiDC0hpk.mid",260
C-perfect-fourth minor tetrachord,F-incomplete dominant-seventh chord,0.75,"Agnew, Roy, Prelude No.1, gHtoiDC0hpk.mid",261
F-incomplete dominant-seventh chord,F-incomplete dominant-seventh chord,0.25,"Agnew, Roy, Prelude No.1, gHtoiDC0hpk.mid",262
F-incomplete dominant-seventh chord,enharmonic equivalent to minor seventh chord above G#,0.5,"Agnew, Roy, Prelude No.1, gHtoiDC0hpk.mid",263
enharmonic equivalent to minor seventh chord above G#,enharmonic equivalent to minor triad above G#,0.25,"Agnew, Roy, Prelude No.1, gHtoiDC0hpk.mid",264
enharmonic equivalent to minor triad above G#,enharmonic equivalent to minor seventh chord above G#,2/3,"Agnew, Roy, Prelude No.1, gHtoiDC0hpk.mid",265
enharmonic equivalent to minor seventh chord above G#,enharmonic equivalent to minor seventh chord above G#,1/3,"Agnew, Roy, Prelude No.1, gHtoiDC0hpk.mid",266
enharmonic equivalent to minor seventh chord above G#,enharmonic equivalent to minor seventh chord above G#,1/3,"Agnew, Roy, Prelude No.1, gHtoiDC0hpk.mid",267
enharmonic equivalent to minor seventh chord above G#,enharmonic equivalent to minor seventh chord above G#,1.0,"Agnew, Roy, Prelude No.1, gHtoiDC0hpk.mid",268
enharmonic equivalent to minor seventh chord above G#,enharmonic equivalent to minor-ninth chord above G#,23/12,"Agnew, Roy, Prelude No.1, gHtoiDC0hpk.mid",269
enharmonic equivalent to minor-ninth chord above G#,enharmonic equivalent to minor-ninth chord above G#,0.75,"Agnew, Roy, Prelude No.1, gHtoiDC0hpk.mid",270
enharmonic equivalent to minor-ninth chord above G#,enharmonic equivalent to minor seventh chord above G#,0.75,"Agnew, Roy, Prelude No.1, gHtoiDC0hpk.mid",271
enharmonic equivalent to minor seventh chord above G#,enharmonic equivalent to major triad above G#,0.25,"Agnew, Roy, Prelude No.1, gHtoiDC0hpk.mid",272
enharmonic equivalent to major triad above G#,C-minor triad,17/6,"Agnew, Roy, Prelude No.1, gHtoiDC0hpk.mid",273
C-minor triad,Major Sixth above Eb,1/6,"Agnew, Roy, Prelude No.1, gHtoiDC0hpk.mid",274
Major Sixth above Eb,C-enigmatic pentachord,1.0,"Agnew, Roy, Prelude No.1, gHtoiDC0hpk.mid",275
C-enigmatic pentachord,C-enigmatic pentachord,0.25,"Agnew, Roy, Prelude No.1, gHtoiDC0hpk.mid",276
C-enigmatic pentachord,C-enigmatic pentachord,13/12,"Agnew, Roy, Prelude No.1, gHtoiDC0hpk.mid",277
C-enigmatic pentachord,C-enigmatic pentachord,1/6,"Agnew, Roy, Prelude No.1, gHtoiDC0hpk.mid",278
C-enigmatic pentachord,G-incomplete dominant-seventh chord,1/6,"Agnew, Roy, Prelude No.1, gHtoiDC0hpk.mid",279
G-incomplete dominant-seventh chord,G,13/12,"Agnew, Roy, Prelude No.1, gHtoiDC0hpk.mid",280
G,Eb-major-minor trichord,1.0,"Agnew, Roy, Prelude No.1, gHtoiDC0hpk.mid",281
Eb-major-minor trichord,C-major-minor diminished pentachord,0.25,"Agnew, Roy, Prelude No.1, gHtoiDC0hpk.mid",282
C-major-minor diminished pentachord,C-major-minor diminished pentachord,0.5,"Agnew, Roy, Prelude No.1, gHtoiDC0hpk.mid",283
C-major-minor diminished pentachord,B-,5/6,"Agnew, Roy, Prelude No.1, gHtoiDC0hpk.mid",284
B-,Minor Second above A,5/6,"Agnew, Roy, Prelude No.1, gHtoiDC0hpk.mid",285
Minor Second above A,G#-chromatic trimirror,5/6,"Agnew, Roy, Prelude No.1, gHtoiDC0hpk.mid",286
G#-chromatic trimirror,Augmented Sixth above Bb,1/6,"Agnew, Roy, Prelude No.1, gHtoiDC0hpk.mid",287
Augmented Sixth above Bb,Minor Third above E,2/3,"Agnew, Roy, Prelude No.1, gHtoiDC0hpk.mid",288
Minor Third above E,Minor Third above E,1/3,"Agnew, Roy, Prelude No.1, gHtoiDC0hpk.mid",289
Minor Third above E,C#-diminished triad,7/6,"Agnew, Roy, Prelude No.1, gHtoiDC0hpk.mid",290
C#-diminished triad,C-major-diminished tetrachord,19/12,"Agnew, Roy, Prelude No.1, gHtoiDC0hpk.mid",291
C-major-diminished tetrachord,C-tritone-fourth,0.5,"Agnew, Roy, Prelude No.1, gHtoiDC0hpk.mid",292
C-tritone-fourth,C,1/6,"Agnew, Roy, Prelude No.1, gHtoiDC0hpk.mid",293
C,F#,0.25,"Agnew, Roy, Prelude No.1, gHtoiDC0hpk.mid",294
F#,F#,1.0,"Agnew, Roy, Prelude No.1, gHtoiDC0hpk.mid",295
F#,Minor Third above E,1.0,"Agnew, Roy, Prelude No.1, gHtoiDC0hpk.mid",296
Minor Third above E,Minor Seventh above D,1/3,"Agnew, Roy, Prelude No.1, gHtoiDC0hpk.mid",297
Minor Seventh above D,C,5/12,"Agnew, Roy, Prelude No.1, gHtoiDC0hpk.mid",298
C,Bb-quartal trichord,0.25,"Agnew, Roy, Prelude No.1, gHtoiDC0hpk.mid",299
Bb-quartal trichord,Bb-quartal trichord,2/3,"Agnew, Roy, Prelude No.1, gHtoiDC0hpk.mid",300
Bb-quartal trichord,C-major pentatonic,1/3,"Agnew, Roy, Prelude No.1, gHtoiDC0hpk.mid",301
C-major pentatonic,C-major pentatonic,0.5,"Agnew, Roy, Prelude No.1, gHtoiDC0hpk.mid",302
C-major pentatonic,C-minor seventh chord,1/6,"Agnew, Roy, Prelude No.1, gHtoiDC0hpk.mid",303
C-minor seventh chord,C-major pentatonic,5/6,"Agnew, Roy, Prelude No.1, gHtoiDC0hpk.mid",304
C-major pentatonic,C-Guidonian hexachord,0.75,"Agnew, Roy, Prelude No.1, gHtoiDC0hpk.mid",305
C-Guidonian hexachord,C-perfect-fourth minor tetrachord,1/12,"Agnew, Roy, Prelude No.1, gHtoiDC0hpk.mid",306
C-perfect-fourth minor tetrachord,F-incomplete dominant-seventh chord,1/12,"Agnew, Roy, Prelude No.1, gHtoiDC0hpk.mid",307
F-incomplete dominant-seventh chord,C#,1/6,"Agnew, Roy, Prelude No.1, gHtoiDC0hpk.mid",308
C#,Major Third above A,1.0,"Agnew, Roy, Prelude No.1, gHtoiDC0hpk.mid",309
Major Third above A,A-major-minor trichord,1/3,"Agnew, Roy, Prelude No.1, gHtoiDC0hpk.mid",310
A-major-minor trichord,A-major-minor trichord,0.75,"Agnew, Roy, Prelude No.1, gHtoiDC0hpk.mid",311
A-major-minor trichord,A-major-third diminished tetrachord,13/12,"Agnew, Roy, Prelude No.1, gHtoiDC0hpk.mid",312
A-major-third diminished tetrachord,A-diminished triad,1/6,"Agnew, Roy, Prelude No.1, gHtoiDC0hpk.mid",313
A-diminished triad,F-dominant seventh chord,1.0,"Agnew, Roy, Prelude No.1, gHtoiDC0hpk.mid",314
F-dominant seventh chord,F-dominant-ninth,0.25,"Agnew, Roy, Prelude No.1, gHtoiDC0hpk.mid",315
F-dominant-ninth,F-tritone-contracting pentachord,1/12,"Agnew, Roy, Prelude No.1, gHtoiDC0hpk.mid",316
F-tritone-contracting pentachord,forte class 6-46B above Eb,5/12,"Agnew, Roy, Prelude No.1, gHtoiDC0hpk.mid",317
forte class 6-46B above Eb,A-diminished pentacluster,0.25,"Agnew, Roy, Prelude No.1, gHtoiDC0hpk.mid",318
A-diminished pentacluster,C-quartal trichord,2/3,"Agnew, Roy, Prelude No.1, gHtoiDC0hpk.mid",319
C-quartal trichord,C-quartal trichord,7/12,"Agnew, Roy, Prelude No.1, gHtoiDC0hpk.mid",320
C-quartal trichord,G-perfect-fourth minor tetrachord,13/12,"Agnew, Roy, Prelude No.1, gHtoiDC0hpk.mid",321
G-perfect-fourth minor tetrachord,G-phrygian pentachord,0.75,"Agnew, Roy, Prelude No.1, gHtoiDC0hpk.mid",322
G-phrygian pentachord,G-all-interval tetrachord,1/6,"Agnew, Roy, Prelude No.1, gHtoiDC0hpk.mid",323
G-all-interval tetrachord,G-phrygian pentachord,5/12,"Agnew, Roy, Prelude No.1, gHtoiDC0hpk.mid",324
G-phrygian pentachord,G-dorian hexachord,1/3,"Agnew, Roy, Prelude No.1, gHtoiDC0hpk.mid",325
G-dorian hexachord,G-dorian hexachord,0.25,"Agnew, Roy, Prelude No.1, gHtoiDC0hpk.mid",326
G-dorian hexachord,C-major scale,5/12,"Agnew, Roy, Prelude No.1, gHtoiDC0hpk.mid",327
C-major scale,C-major scale,1/12,"Agnew, Roy, Prelude No.1, gHtoiDC0hpk.mid",328
C-major scale,C-major scale,7/12,"Agnew, Roy, Prelude No.1, gHtoiDC0hpk.mid",329
C-major scale,C-major pentatonic,1/12,"Agnew, Roy, Prelude No.1, gHtoiDC0hpk.mid",330
C-major pentatonic,C-incomplete minor-seventh chord,1/12,"Agnew, Roy, Prelude No.1, gHtoiDC0hpk.mid",331
C-incomplete minor-seventh chord,enharmonic equivalent to minor seventh chord above C#,1.25,"Agnew, Roy, Prelude No.1, gHtoiDC0hpk.mid",332
enharmonic equivalent to minor seventh chord above C#,enharmonic equivalent to minor-ninth chord above C#,1.0,"Agnew, Roy, Prelude No.1, gHtoiDC0hpk.mid",333
enharmonic equivalent to minor-ninth chord above C#,forte class 8-27A above C,0.25,"Agnew, Roy, Prelude No.1, gHtoiDC0hpk.mid",334
forte class 8-27A above C,forte class 8-27A above C,1.25,"Agnew, Roy, Prelude No.1, gHtoiDC0hpk.mid",335
forte class 8-27A above C,C,1/6,"Agnew, Roy, Prelude No.1, gHtoiDC0hpk.mid",336
C,Augmented Fourth above Eb,7/6,"Agnew, Roy, Prelude No.1, gHtoiDC0hpk.mid",337
Augmented Fourth above Eb,A-incomplete dominant-seventh chord,13/12,"Agnew, Roy, Prelude No.1, gHtoiDC0hpk.mid",338
A-incomplete dominant-seventh chord,enharmonic to dominant seventh chord above B,0.25,"Agnew, Roy, Prelude No.1, gHtoiDC0hpk.mid",339
enharmonic to dominant seventh chord above B,enharmonic to dominant seventh chord above B,1.0,"Agnew, Roy, Prelude No.1, gHtoiDC0hpk.mid",340
enharmonic to dominant seventh chord above B,enharmonic to dominant seventh chord above B,2/3,"Agnew, Roy, Prelude No.1, gHtoiDC0hpk.mid",341
enharmonic to dominant seventh chord above B,enharmonic equivalent to dominant-ninth above B,1/12,"Agnew, Roy, Prelude No.1, gHtoiDC0hpk.mid",342
enharmonic equivalent to dominant-ninth above B,enharmonic equivalent to dominant-ninth above B,7/12,"Agnew, Roy, Prelude No.1, gHtoiDC0hpk.mid",343
enharmonic equivalent to dominant-ninth above B,enharmonic equivalent to dominant-ninth above B,5/12,"Agnew, Roy, Prelude No.1, gHtoiDC0hpk.mid",344
enharmonic equivalent to dominant-ninth above B,enharmonic equivalent to dominant-ninth above B,11/12,"Agnew, Roy, Prelude No.1, gHtoiDC0hpk.mid",345
enharmonic equivalent to dominant-ninth above B,Diminished Fifth above A,1/12,"Agnew, Roy, Prelude No.1, gHtoiDC0hpk.mid",346
Diminished Fifth above A,enharmonic to dominant seventh chord above G#,0.25,"Agnew, Roy, Prelude No.1, gHtoiDC0hpk.mid",347
enharmonic to dominant seventh chord above G#,enharmonic to dominant seventh chord above G#,1.0,"Agnew, Roy, Prelude No.1, gHtoiDC0hpk.mid",348
enharmonic to dominant seventh chord above G#,enharmonic to dominant seventh chord above G#,0.5,"Agnew, Roy, Prelude No.1, gHtoiDC0hpk.mid",349
enharmonic to dominant seventh chord above G#,G#,0.5,"Agnew, Roy, Prelude No.1, gHtoiDC0hpk.mid",350
G#,G-major-second major tetrachord,1.25,"Agnew, Roy, Prelude No.1, gHtoiDC0hpk.mid",351
G-major-second major tetrachord,enharmonic to dominant seventh chord above F#,0.5,"Agnew, Roy, Prelude No.1, gHtoiDC0hpk.mid",352
enharmonic to dominant seventh chord above F#,enharmonic to dominant seventh chord above F#,0.75,"Agnew, Roy, Prelude No.1, gHtoiDC0hpk.mid",353
enharmonic to dominant seventh chord above F#,enharmonic equivalent to dominant-ninth above F#,1.0,"Agnew, Roy, Prelude No.1, gHtoiDC0hpk.mid",354
enharmonic equivalent to dominant-ninth above F#,enharmonic equivalent to dominant-ninth above F#,0.25,"Agnew, Roy, Prelude No.1, gHtoiDC0hpk.mid",355
enharmonic equivalent to dominant-ninth above F#,G#,0.25,"Agnew, Roy, Prelude No.1, gHtoiDC0hpk.mid",356
G#,E-augmented-sixth pentachord,1.5,"Agnew, Roy, Prelude No.1, gHtoiDC0hpk.mid",357
E-augmented-sixth pentachord,forte class 7-16B above Eb,1/6,"Agnew, Roy, Prelude No.1, gHtoiDC0hpk.mid",358
forte class 7-16B above Eb,C#-German augmented sixth chord,1/12,"Agnew, Roy, Prelude No.1, gHtoiDC0hpk.mid",359
C#-German augmented sixth chord,C#-German augmented sixth chord,4/3,"Agnew, Roy, Prelude No.1, gHtoiDC0hpk.mid",360
C#-German augmented sixth chord,C#-German augmented sixth chord,17/12,"Agnew, Roy, Prelude No.1, gHtoiDC0hpk.mid",361
C#-German augmented sixth chord,D-major-second tetracluster,1/12,"Agnew, Roy, Prelude No.1, gHtoiDC0hpk.mid",362
D-major-second tetracluster,D-whole-tone trichord,7/6,"Agnew, Roy, Prelude No.1, gHtoiDC0hpk.mid",363
D-whole-tone trichord,Augmented Fourth above F,4/3,"Agnew, Roy, Prelude No.1, gHtoiDC0hpk.mid",364
Augmented Fourth above F,F,1/12,"Agnew, Roy, Prelude No.1, gHtoiDC0hpk.mid",365
F,enharmonic to dominant seventh chord above C#,13/12,"Agnew, Roy, Prelude No.1, gHtoiDC0hpk.mid",366
enharmonic to dominant seventh chord above C#,enharmonic to dominant seventh chord above C#,1/6,"Agnew, Roy, Prelude No.1, gHtoiDC0hpk.mid",367
enharmonic to dominant seventh chord above C#,enharmonic to dominant seventh chord above C#,13/12,"Agnew, Roy, Prelude No.1, gHtoiDC0hpk.mid",368
enharmonic to dominant seventh chord above C#,enharmonic to dominant seventh chord above C#,7/6,"Agnew, Roy, Prelude No.1, gHtoiDC0hpk.mid",369
enharmonic to dominant seventh chord above C#,enharmonic equivalent to major triad above C#,1/12,"Agnew, Roy, Prelude No.1, gHtoiDC0hpk.mid",370
enharmonic equivalent to major triad above C#,enharmonic to dominant seventh chord above C#,1.5,"Agnew, Roy, Prelude No.1, gHtoiDC0hpk.mid",371
enharmonic to dominant seventh chord above C#,G#-flat-ninth pentachord,1.25,"Agnew, Roy, Prelude No.1, gHtoiDC0hpk.mid",372
G#-flat-ninth pentachord,Perfect Fifth above C#,1/12,"Agnew, Roy, Prelude No.1, gHtoiDC0hpk.mid",373
Perfect Fifth above C#,Perfect Fifth above C#,0.25,"Agnew, Roy, Prelude No.1, gHtoiDC0hpk.mid",374
Perfect Fifth above C#,C#,35/12,"Agnew, Roy, Prelude No.1, gHtoiDC0hpk.mid",375
C#,B-diminished triad,1/12,"Agnew, Roy, Prelude No.1, gHtoiDC0hpk.mid",376
B-diminished triad,Minor Third above B,1/6,"Agnew, Roy, Prelude No.1, gHtoiDC0hpk.mid",377
Minor Third above B,D,1/12,"Agnew, Roy, Prelude No.1, gHtoiDC0hpk.mid",378
D,D-incomplete minor-seventh chord,13/12,"Agnew, Roy, Prelude No.1, gHtoiDC0hpk.mid",379
D-incomplete minor-seventh chord,Perfect Fifth above F,1/12,"Agnew, Roy, Prelude No.1, gHtoiDC0hpk.mid",380
Perfect Fifth above F,B-tritone-fourth,5/6,"Agnew, Roy, Prelude No.1, gHtoiDC0hpk.mid",381
B-tritone-fourth,B-tritone-fourth,1.0,"Agnew, Roy, Prelude No.1, gHtoiDC0hpk.mid",382
B-tritone-fourth,Diminished Fifth above B,1/6,"Agnew, Roy, Prelude No.1, gHtoiDC0hpk.mid",383
Diminished Fifth above B,Minor Second above E,0.5,"Agnew, Roy, Prelude No.1, gHtoiDC0hpk.mid",384
Minor Second above E,Minor Second above E,2.0,"Agnew, Roy, Prelude No.1, gHtoiDC0hpk.mid",385
Minor Second above E,D-minor trichord,7/12,"Agnew, Roy, Prelude No.1, gHtoiDC0hpk.mid",386
D-minor trichord,Major Second above D,11/12,"Agnew, Roy, Prelude No.1, gHtoiDC0hpk.mid",387
Major Second above D,Major Second above D,0.5,"Agnew, Roy, Prelude No.1, gHtoiDC0hpk.mid",388
Major Second above D,Major Second above D,0.5,"Agnew, Roy, Prelude No.1, gHtoiDC0hpk.mid",389
Major Second above D,Major Second above D,1.25,"Agnew, Roy, Prelude No.1, gHtoiDC0hpk.mid",390
Major Second above D,C-whole-tone trichord,1.75,"Agnew, Roy, Prelude No.1, gHtoiDC0hpk.mid",391
C-whole-tone trichord,G-Kumoi pentachord,1/6,"Agnew, Roy, Prelude No.1, gHtoiDC0hpk.mid",392
G-Kumoi pentachord,G-Kumoi pentachord,1/12,"Agnew, Roy, Prelude No.1, gHtoiDC0hpk.mid",393
G-Kumoi pentachord,G-incomplete dominant-seventh chord,0.25,"Agnew, Roy, Prelude No.1, gHtoiDC0hpk.mid",394
G-incomplete dominant-seventh chord,G-incomplete dominant-seventh chord,0.75,"Agnew, Roy, Prelude No.1, gHtoiDC0hpk.mid",395
G-incomplete dominant-seventh chord,G-incomplete dominant-seventh chord,1.0,"Agnew, Roy, Prelude No.1, gHtoiDC0hpk.mid",396
G-incomplete dominant-seventh chord,G-incomplete dominant-seventh chord,1.0,"Agnew, Roy, Prelude No.1, gHtoiDC0hpk.mid",397
G-incomplete dominant-seventh chord,Augmented Fourth above F,0.25,"Agnew, Roy, Prelude No.1, gHtoiDC0hpk.mid",398
Augmented Fourth above F,B-diminished triad,1.0,"Agnew, Roy, Prelude No.1, gHtoiDC0hpk.mid",399
B-diminished triad,B,1.0,"Agnew, Roy, Prelude No.1, gHtoiDC0hpk.mid",400
B,B-diminished triad,1.0,"Agnew, Roy, Prelude No.1, gHtoiDC0hpk.mid",401
B-diminished triad,B-diminished triad,0.25,"Agnew, Roy, Prelude No.1, gHtoiDC0hpk.mid",402
B-diminished triad,B-diminished triad,5/12,"Agnew, Roy, Prelude No.1, gHtoiDC0hpk.mid",403
B-diminished triad,Diminished Fifth above B,2/3,"Agnew, Roy, Prelude No.1, gHtoiDC0hpk.mid",404
Diminished Fifth above B,G#-diminished seventh chord,0.25,"Agnew, Roy, Prelude No.1, gHtoiDC0hpk.mid",405
G#-diminished seventh chord,enharmonic equivalent to diminished triad above B,1/6,"Agnew, Roy, Prelude No.1, gHtoiDC0hpk.mid",406
enharmonic equivalent to diminished triad above B,Augmented Second above F,11/12,"Agnew, Roy, Prelude No.1, gHtoiDC0hpk.mid",407
Augmented Second above F,G-minor trichord,1/3,"Agnew, Roy, Prelude No.1, gHtoiDC0hpk.mid",408
G-minor trichord,G-minor trichord,0.75,"Agnew, Roy, Prelude No.1, gHtoiDC0hpk.mid",409
G-minor trichord,G-Stravinsky's Petrushka-chord,1/6,"Agnew, Roy, Prelude No.1, gHtoiDC0hpk.mid",410
G-Stravinsky's Petrushka-chord,G-Stravinsky's Petrushka-chord,1/12,"Agnew, Roy, Prelude No.1, gHtoiDC0hpk.mid",411
G-Stravinsky's Petrushka-chord,G-major-minor trichord,13/12,"Agnew, Roy, Prelude No.1, gHtoiDC0hpk.mid",412
G-major-minor trichord,B,5/3,"Agnew, Roy, Prelude No.1, gHtoiDC0hpk.mid",413
B,B,2/3,"Agnew, Roy, Prelude No.1, gHtoiDC0hpk.mid",414
B,C,1.0,"Agnew, Roy, Prelude No.1, gHtoiDC0hpk.mid",415
C,D,1.0,"Agnew, Roy, Prelude No.1, gHtoiDC0hpk.mid",416
D,E,1.0,"Agnew, Roy, Prelude No.1, gHtoiDC0hpk.mid",417
E,F,0.25,"Agnew, Roy, Prelude No.1, gHtoiDC0hpk.mid",418
F,F,1.25,"Agnew, Roy, Prelude No.1, gHtoiDC0hpk.mid",419
F,G#,1.0,"Agnew, Roy, Prelude No.1, gHtoiDC0hpk.mid",420
G#,G#,1.25,"Agnew, Roy, Prelude No.1, gHtoiDC0hpk.mid",421
G#,A,0.25,"Agnew, Roy, Prelude No.1, gHtoiDC0hpk.mid",422
A,A,2.75,"Agnew, Roy, Prelude No.1, gHtoiDC0hpk.mid",423
A,Perfect Fifth above A,1.25,"Agnew, Roy, Prelude No.1, gHtoiDC0hpk.mid",424
Perfect Fifth above A,Perfect Fifth above A,0.5,"Agnew, Roy, Prelude No.1, gHtoiDC0hpk.mid",425
Perfect Fifth above A,E,0.25,"Agnew, Roy, Prelude No.1, gHtoiDC0hpk.mid",426
E,E-,2.0,"Agnew, Roy, Prelude No.1, gHtoiDC0hpk.mid",427
E-,B,1.0,"Agnew, Roy, Prelude No.1, gHtoiDC0hpk.mid",428
B,B,3.75,"Agnew, Roy, Prelude No.1, gHtoiDC0hpk.mid",429
B,Perfect Fifth above E,0.25,"Agnew, Roy, Prelude No.1, gHtoiDC0hpk.mid",430
Perfect Fifth above E,E,3.75,"Agnew, Roy, Prelude No.1, gHtoiDC0hpk.mid",431
E,E,4.0,"Agnew, Roy, Prelude No.1, gHtoiDC0hpk.mid",432
E,E,4.0,"Agnew, Roy, Prelude No.1, gHtoiDC0hpk.mid",433
START,A,1.0,"Agnew, Roy, Rural Sketches, ZAGQD_jcGf8.mid",0
A,Major Second above G,0.75,"Agnew, Roy, Rural Sketches, ZAGQD_jcGf8.mid",1
Major Second above G,A-chromatic trimirror,0.75,"Agnew, Roy, Rural Sketches, ZAGQD_jcGf8.mid",2
A-chromatic trimirror,A-chromatic trimirror,0.75,"Agnew, Roy, Rural Sketches, ZAGQD_jcGf8.mid",3
A-chromatic trimirror,D-mystic heptachord,5/12,"Agnew, Roy, Rural Sketches, ZAGQD_jcGf8.mid",4
D-mystic heptachord,D-augmented-eleventh,1/12,"Agnew, Roy, Rural Sketches, ZAGQD_jcGf8.mid",5
D-augmented-eleventh,D-whole-tone tetramirror,1.75,"Agnew, Roy, Rural Sketches, ZAGQD_jcGf8.mid",6
D-whole-tone tetramirror,D-whole-tone tetramirror,0.25,"Agnew, Roy, Rural Sketches, ZAGQD_jcGf8.mid",7
D-whole-tone tetramirror,F#-incomplete half-diminished seventh chord,0.75,"Agnew, Roy, Rural Sketches, ZAGQD_jcGf8.mid",8
F#-incomplete half-diminished seventh chord,F#-incomplete half-diminished seventh chord,0.25,"Agnew, Roy, Rural Sketches, ZAGQD_jcGf8.mid",9
F#-incomplete half-diminished seventh chord,F#-incomplete half-diminished seventh chord,0.75,"Agnew, Roy, Rural Sketches, ZAGQD_jcGf8.mid",10
F#-incomplete half-diminished seventh chord,F#-incomplete half-diminished seventh chord,0.25,"Agnew, Roy, Rural Sketches, ZAGQD_jcGf8.mid",11
F#-incomplete half-diminished seventh chord,Major Third above C,0.5,"Agnew, Roy, Rural Sketches, ZAGQD_jcGf8.mid",12
Major Third above C,C-major-minor trichord,0.5,"Agnew, Roy, Rural Sketches, ZAGQD_jcGf8.mid",13
C-major-minor trichord,C-major-minor trichord,1/12,"Agnew, Roy, Rural Sketches, ZAGQD_jcGf8.mid",14
C-major-minor trichord,C-major-minor trichord,2/3,"Agnew, Roy, Rural Sketches, ZAGQD_jcGf8.mid",15
C-major-minor trichord,F-diminished pentacluster,1/12,"Agnew, Roy, Rural Sketches, ZAGQD_jcGf8.mid",16
F-diminished pentacluster,F-diminished pentacluster,1/6,"Agnew, Roy, Rural Sketches, ZAGQD_jcGf8.mid",17
F-diminished pentacluster,B-incomplete half-diminished seventh chord,0.75,"Agnew, Roy, Rural Sketches, ZAGQD_jcGf8.mid",18
B-incomplete half-diminished seventh chord,B-incomplete half-diminished seventh chord,2/3,"Agnew, Roy, Rural Sketches, ZAGQD_jcGf8.mid",19
B-incomplete half-diminished seventh chord,B-half-diminished seventh chord,5/6,"Agnew, Roy, Rural Sketches, ZAGQD_jcGf8.mid",20
B-half-diminished seventh chord,G-dominant-ninth,1.0,"Agnew, Roy, Rural Sketches, ZAGQD_jcGf8.mid",21
G-dominant-ninth,B-half-diminished seventh chord,1/6,"Agnew, Roy, Rural Sketches, ZAGQD_jcGf8.mid",22
B-half-diminished seventh chord,E-dorian hexachord,1/12,"Agnew, Roy, Rural Sketches, ZAGQD_jcGf8.mid",23
E-dorian hexachord,E-minor seventh chord,11/12,"Agnew, Roy, Rural Sketches, ZAGQD_jcGf8.mid",24
E-minor seventh chord,C-major-ninth chord,1/3,"Agnew, Roy, Rural Sketches, ZAGQD_jcGf8.mid",25
C-major-ninth chord,B,0.25,"Agnew, Roy, Rural Sketches, ZAGQD_jcGf8.mid",26
B,C-major-second major tetrachord,1/3,"Agnew, Roy, Rural Sketches, ZAGQD_jcGf8.mid",27
C-major-second major tetrachord,C-major-second major tetrachord,2/3,"Agnew, Roy, Rural Sketches, ZAGQD_jcGf8.mid",28
C-major-second major tetrachord,C-major pentachord,1.0,"Agnew, Roy, Rural Sketches, ZAGQD_jcGf8.mid",29
C-major pentachord,C-diminished-augmented ninth chord,1/12,"Agnew, Roy, Rural Sketches, ZAGQD_jcGf8.mid",30
C-diminished-augmented ninth chord,enharmonic equivalent to half-diminished seventh chord above D,1/6,"Agnew, Roy, Rural Sketches, ZAGQD_jcGf8.mid",31
enharmonic equivalent to half-diminished seventh chord above D,enharmonic equivalent to half-diminished seventh chord above D,1.75,"Agnew, Roy, Rural Sketches, ZAGQD_jcGf8.mid",32
enharmonic equivalent to half-diminished seventh chord above D,D-Kumoi pentachord,0.5,"Agnew, Roy, Rural Sketches, ZAGQD_jcGf8.mid",33
D-Kumoi pentachord,D-quartal tetramirror,5/6,"Agnew, Roy, Rural Sketches, ZAGQD_jcGf8.mid",34
D-quartal tetramirror,C-major pentachord,1/6,"Agnew, Roy, Rural Sketches, ZAGQD_jcGf8.mid",35
C-major pentachord,C-major-second major tetrachord,1.0,"Agnew, Roy, Rural Sketches, ZAGQD_jcGf8.mid",36
C-major-second major tetrachord,C-center-cluster pentachord,1/12,"Agnew, Roy, Rural Sketches, ZAGQD_jcGf8.mid",37
C-center-cluster pentachord,C-major-second minor tetrachord,7/6,"Agnew, Roy, Rural Sketches, ZAGQD_jcGf8.mid",38
C-major-second minor tetrachord,C-dorian pentachord,0.25,"Agnew, Roy, Rural Sketches, ZAGQD_jcGf8.mid",39
C-dorian pentachord,Minor Seventh above D,0.25,"Agnew, Roy, Rural Sketches, ZAGQD_jcGf8.mid",40
Minor Seventh above D,C,0.75,"Agnew, Roy, Rural Sketches, ZAGQD_jcGf8.mid",41
C,Eb-whole-tone trichord,0.25,"Agnew, Roy, Rural Sketches, ZAGQD_jcGf8.mid",42
Eb-whole-tone trichord,Minor Seventh above F,0.5,"Agnew, Roy, Rural Sketches, ZAGQD_jcGf8.mid",43
Minor Seventh above F,Eb-incomplete minor-seventh chord,0.25,"Agnew, Roy, Rural Sketches, ZAGQD_jcGf8.mid",44
Eb-incomplete minor-seventh chord,Diminished Sixth above G#,0.5,"Agnew, Roy, Rural Sketches, ZAGQD_jcGf8.mid",45
Diminished Sixth above G#,Eb-quartal trichord,0.25,"Agnew, Roy, Rural Sketches, ZAGQD_jcGf8.mid",46
Eb-quartal trichord,Perfect Fourth above Bb,0.25,"Agnew, Roy, Rural Sketches, ZAGQD_jcGf8.mid",47
Perfect Fourth above Bb,B-,2/3,"Agnew, Roy, Rural Sketches, ZAGQD_jcGf8.mid",48
B-,C-incomplete minor-seventh chord,1/6,"Agnew, Roy, Rural Sketches, ZAGQD_jcGf8.mid",49
C-incomplete minor-seventh chord,Major Sixth above Eb,7/6,"Agnew, Roy, Rural Sketches, ZAGQD_jcGf8.mid",50
Major Sixth above Eb,Major Sixth above Eb,2.0,"Agnew, Roy, Rural Sketches, ZAGQD_jcGf8.mid",51
Major Sixth above Eb,C-minor triad,4/3,"Agnew, Roy, Rural Sketches, ZAGQD_jcGf8.mid",52
C-minor triad,C-minor triad,1/12,"Agnew, Roy, Rural Sketches, ZAGQD_jcGf8.mid",53
C-minor triad,C-minor triad,7/12,"Agnew, Roy, Rural Sketches, ZAGQD_jcGf8.mid",54
C-minor triad,Major Sixth above Eb,1/6,"Agnew, Roy, Rural Sketches, ZAGQD_jcGf8.mid",55
Major Sixth above Eb,C-minor triad,2/3,"Agnew, Roy, Rural Sketches, ZAGQD_jcGf8.mid",56
C-minor triad,C-perfect-fourth minor tetrachord,5/6,"Agnew, Roy, Rural Sketches, ZAGQD_jcGf8.mid",57
C-perfect-fourth minor tetrachord,enharmonic equivalent to minor-ninth chord above G#,7/6,"Agnew, Roy, Rural Sketches, ZAGQD_jcGf8.mid",58
enharmonic equivalent to minor-ninth chord above G#,C-Guidonian hexachord,1/12,"Agnew, Roy, Rural Sketches, ZAGQD_jcGf8.mid",59
C-Guidonian hexachord,C-major pentatonic,0.25,"Agnew, Roy, Rural Sketches, ZAGQD_jcGf8.mid",60
C-major pentatonic,C-minor seventh chord,1/12,"Agnew, Roy, Rural Sketches, ZAGQD_jcGf8.mid",61
C-minor seventh chord,Perfect Fourth above Bb,11/12,"Agnew, Roy, Rural Sketches, ZAGQD_jcGf8.mid",62
Perfect Fourth above Bb,E-,2/3,"Agnew, Roy, Rural Sketches, ZAGQD_jcGf8.mid",63
E-,B-,1/3,"Agnew, Roy, Rural Sketches, ZAGQD_jcGf8.mid",64
B-,C-minor seventh chord,1/3,"Agnew, Roy, Rural Sketches, ZAGQD_jcGf8.mid",65
C-minor seventh chord,C-minor triad,10/3,"Agnew, Roy, Rural Sketches, ZAGQD_jcGf8.mid",66
C-minor triad,C-minor triad,2/3,"Agnew, Roy, Rural Sketches, ZAGQD_jcGf8.mid",67
C-minor triad,C-minor triad,0.25,"Agnew, Roy, Rural Sketches, ZAGQD_jcGf8.mid",68
C-minor triad,C-minor triad,13/12,"Agnew, Roy, Rural Sketches, ZAGQD_jcGf8.mid",69
C-minor triad,C-diminished pentacluster,7/12,"Agnew, Roy, Rural Sketches, ZAGQD_jcGf8.mid",70
C-diminished pentacluster,enharmonic to dominant seventh chord above Eb,0.25,"Agnew, Roy, Rural Sketches, ZAGQD_jcGf8.mid",71
enharmonic to dominant seventh chord above Eb,Eb-incomplete dominant-seventh chord,1/6,"Agnew, Roy, Rural Sketches, ZAGQD_jcGf8.mid",72
Eb-incomplete dominant-seventh chord,enharmonic to dominant seventh chord above G#,1.0,"Agnew, Roy, Rural Sketches, ZAGQD_jcGf8.mid",73
enharmonic to dominant seventh chord above G#,Diminished Sixth above G#,2/3,"Agnew, Roy, Rural Sketches, ZAGQD_jcGf8.mid",74
Diminished Sixth above G#,Eb-quartal trichord,1/3,"Agnew, Roy, Rural Sketches, ZAGQD_jcGf8.mid",75
Eb-quartal trichord,Diminished Third above G#,1/3,"Agnew, Roy, Rural Sketches, ZAGQD_jcGf8.mid",76
Diminished Third above G#,Diminished Third above G#,1/6,"Agnew, Roy, Rural Sketches, ZAGQD_jcGf8.mid",77
Diminished Third above G#,enharmonic equivalent to minor-ninth chord above C#,5/12,"Agnew, Roy, Rural Sketches, ZAGQD_jcGf8.mid",78
enharmonic equivalent to minor-ninth chord above C#,enharmonic equivalent to major seventh chord above C#,1/12,"Agnew, Roy, Rural Sketches, ZAGQD_jcGf8.mid",79
enharmonic equivalent to major seventh chord above C#,enharmonic equivalent to major seventh chord above C#,4/3,"Agnew, Roy, Rural Sketches, ZAGQD_jcGf8.mid",80
enharmonic equivalent to major seventh chord above C#,enharmonic equivalent to minor-ninth chord above C#,1/6,"Agnew, Roy, Rural Sketches, ZAGQD_jcGf8.mid",81
enharmonic equivalent to minor-ninth chord above C#,C#-incomplete minor-seventh chord,0.5,"Agnew, Roy, Rural Sketches, ZAGQD_jcGf8.mid",82
C#-incomplete minor-seventh chord,C#-incomplete minor-seventh chord,0.25,"Agnew, Roy, Rural Sketches, ZAGQD_jcGf8.mid",83
C#-incomplete minor-seventh chord,C#-quartal tetramirror,0.75,"Agnew, Roy, Rural Sketches, ZAGQD_jcGf8.mid",84
C#-quartal tetramirror,C#-major pentatonic,1/3,"Agnew, Roy, Rural Sketches, ZAGQD_jcGf8.mid",85
C#-major pentatonic,C#-quartal tetramirror,1/6,"Agnew, Roy, Rural Sketches, ZAGQD_jcGf8.mid",86
C#-quartal tetramirror,C#-quartal tetramirror,0.5,"Agnew, Roy, Rural Sketches, ZAGQD_jcGf8.mid",87
C#-quartal tetramirror,C#-major pentachord,1/6,"Agnew, Roy, Rural Sketches, ZAGQD_jcGf8.mid",88
C#-major pentachord,C#-major pentachord,1/6,"Agnew, Roy, Rural Sketches, ZAGQD_jcGf8.mid",89
C#-major pentachord,C#-major pentachord,0.25,"Agnew, Roy, Rural Sketches, ZAGQD_jcGf8.mid",90
C#-major pentachord,F-perfect-fourth major tetrachord,0.75,"Agnew, Roy, Rural Sketches, ZAGQD_jcGf8.mid",91
F-perfect-fourth major tetrachord,C#-major pentachord,2/3,"Agnew, Roy, Rural Sketches, ZAGQD_jcGf8.mid",92
C#-major pentachord,C#,0.25,"Agnew, Roy, Rural Sketches, ZAGQD_jcGf8.mid",93
C#,Eb-minor tetramirror,0.25,"Agnew, Roy, Rural Sketches, ZAGQD_jcGf8.mid",94
Eb-minor tetramirror,C#-locrian hexachord,1/12,"Agnew, Roy, Rural Sketches, ZAGQD_jcGf8.mid",95
C#-locrian hexachord,F-Balinese Pelog pentatonic,1/6,"Agnew, Roy, Rural Sketches, ZAGQD_jcGf8.mid",96
F-Balinese Pelog pentatonic,enharmonic equivalent to major seventh chord above C#,0.5,"Agnew, Roy, Rural Sketches, ZAGQD_jcGf8.mid",97
enharmonic equivalent to major seventh chord above C#,enharmonic equivalent to minor-ninth chord above C#,0.25,"Agnew, Roy, Rural Sketches, ZAGQD_jcGf8.mid",98
enharmonic equivalent to minor-ninth chord above C#,enharmonic equivalent to minor seventh chord above C#,0.5,"Agnew, Roy, Rural Sketches, ZAGQD_jcGf8.mid",99
enharmonic equivalent to minor seventh chord above C#,enharmonic equivalent to minor seventh chord above C#,0.25,"Agnew, Roy, Rural Sketches, ZAGQD_jcGf8.mid",100
enharmonic equivalent to minor seventh chord above C#,enharmonic equivalent to major triad above C#,0.75,"Agnew, Roy, Rural Sketches, ZAGQD_jcGf8.mid",101
enharmonic equivalent to major triad above C#,enharmonic equivalent to major triad above C#,1.25,"Agnew, Roy, Rural Sketches, ZAGQD_jcGf8.mid",102
enharmonic equivalent to major triad above C#,enharmonic equivalent to major triad above C#,0.25,"Agnew, Roy, Rural Sketches, ZAGQD_jcGf8.mid",103
enharmonic equivalent to major triad above C#,enharmonic to dominant seventh chord above B,1/12,"Agnew, Roy, Rural Sketches, ZAGQD_jcGf8.mid",104
enharmonic to dominant seventh chord above B,G#-combinatorial RI (RI9),1/12,"Agnew, Roy, Rural Sketches, ZAGQD_jcGf8.mid",105
G#-combinatorial RI (RI9),G#-combinatorial RI (RI9),1/12,"Agnew, Roy, Rural Sketches, ZAGQD_jcGf8.mid",106
G#-combinatorial RI (RI9),B-major-second minor tetrachord,1/12,"Agnew, Roy, Rural Sketches, ZAGQD_jcGf8.mid",107
B-major-second minor tetrachord,B-major-second minor tetrachord,11/12,"Agnew, Roy, Rural Sketches, ZAGQD_jcGf8.mid",108
B-major-second minor tetrachord,B-major-second minor tetrachord,5/6,"Agnew, Roy, Rural Sketches, ZAGQD_jcGf8.mid",109
B-major-second minor tetrachord,B-minor-ninth chord,0.25,"Agnew, Roy, Rural Sketches, ZAGQD_jcGf8.mid",110
B-minor-ninth chord,B-minor-ninth chord,5/12,"Agnew, Roy, Rural Sketches, ZAGQD_jcGf8.mid",111
B-minor-ninth chord,forte class 7-29B above B,2/3,"Agnew, Roy, Rural Sketches, ZAGQD_jcGf8.mid",112
forte class 7-29B above B,Eb-minor-diminished ninth chord,1/12,"Agnew, Roy, Rural Sketches, ZAGQD_jcGf8.mid",113
Eb-minor-diminished ninth chord,F#-dorian hexachord,0.25,"Agnew, Roy, Rural Sketches, ZAGQD_jcGf8.mid",114
F#-dorian hexachord,enharmonic equivalent to dominant-ninth above B,1/12,"Agnew, Roy, Rural Sketches, ZAGQD_jcGf8.mid",115
enharmonic equivalent to dominant-ninth above B,A-whole-tone tetramirror,1/6,"Agnew, Roy, Rural Sketches, ZAGQD_jcGf8.mid",116
A-whole-tone tetramirror,A-incomplete half-diminished seventh chord,5/12,"Agnew, Roy, Rural Sketches, ZAGQD_jcGf8.mid",117
A-incomplete half-diminished seventh chord,enharmonic equivalent to half-diminished seventh chord above Eb,1.0,"Agnew, Roy, Rural Sketches, ZAGQD_jcGf8.mid",118
enharmonic equivalent to half-diminished seventh chord above Eb,enharmonic equivalent to half-diminished seventh chord above Eb,5/6,"Agnew, Roy, Rural Sketches, ZAGQD_jcGf8.mid",119
enharmonic equivalent to half-diminished seventh chord above Eb,enharmonic equivalent to half-diminished seventh chord above F#,0.25,"Agnew, Roy, Rural Sketches, ZAGQD_jcGf8.mid",120
enharmonic equivalent to half-diminished seventh chord above F#,F#-minor hexachord,0.5,"Agnew, Roy, Rural Sketches, ZAGQD_jcGf8.mid",121
F#-minor hexachord,F#-major scale,0.5,"Agnew, Roy, Rural Sketches, ZAGQD_jcGf8.mid",122
F#-major scale,Eb-locrian hexachord,1/6,"Agnew, Roy, Rural Sketches, ZAGQD_jcGf8.mid",123
Eb-locrian hexachord,Eb-locrian hexachord,1/12,"Agnew, Roy, Rural Sketches, ZAGQD_jcGf8.mid",124
Eb-locrian hexachord,Augmented Fourth above Eb,0.75,"Agnew, Roy, Rural Sketches, ZAGQD_jcGf8.mid",125
Augmented Fourth above Eb,F#-major scale,0.25,"Agnew, Roy, Rural Sketches, ZAGQD_jcGf8.mid",126
F#-major scale,F#-dorian hexachord,5/12,"Agnew, Roy, Rural Sketches, ZAGQD_jcGf8.mid",127
F#-dorian hexachord,F#-dorian hexachord,1/12,"Agnew, Roy, Rural Sketches, ZAGQD_jcGf8.mid",128
F#-dorian hexachord,enharmonic equivalent to half-diminished seventh chord above Eb,7/12,"Agnew, Roy, Rural Sketches, ZAGQD_jcGf8.mid",129
enharmonic equivalent to half-diminished seventh chord above Eb,enharmonic equivalent to half-diminished seventh chord above C#,2/3,"Agnew, Roy, Rural Sketches, ZAGQD_jcGf8.mid",130
enharmonic equivalent to half-diminished seventh chord above C#,enharmonic equivalent to half-diminished seventh chord above F#,0.75,"Agnew, Roy, Rural Sketches, ZAGQD_jcGf8.mid",131
enharmonic equivalent to half-diminished seventh chord above F#,F#-Kumoi pentachord,1/12,"Agnew, Roy, Rural Sketches, ZAGQD_jcGf8.mid",132
F#-Kumoi pentachord,F#-Kumoi pentachord,5/6,"Agnew, Roy, Rural Sketches, ZAGQD_jcGf8.mid",133
F#-Kumoi pentachord,F#-Kumoi pentachord,1/12,"Agnew, Roy, Rural Sketches, ZAGQD_jcGf8.mid",134
F#-Kumoi pentachord,enharmonic equivalent to half-diminished seventh chord above A,0.25,"Agnew, Roy, Rural Sketches, ZAGQD_jcGf8.mid",135
enharmonic equivalent to half-diminished seventh chord above A,enharmonic equivalent to half-diminished seventh chord above A,1/3,"Agnew, Roy, Rural Sketches, ZAGQD_jcGf8.mid",136
enharmonic equivalent to half-diminished seventh chord above A,enharmonic equivalent to half-diminished seventh chord above F#,11/12,"Agnew, Roy, Rural Sketches, ZAGQD_jcGf8.mid",137
enharmonic equivalent to half-diminished seventh chord above F#,enharmonic equivalent to half-diminished seventh chord above C#,1.0,"Agnew, Roy, Rural Sketches, ZAGQD_jcGf8.mid",138
enharmonic equivalent to half-diminished seventh chord above C#,enharmonic equivalent to half-diminished seventh chord above C#,13/12,"Agnew, Roy, Rural Sketches, ZAGQD_jcGf8.mid",139
enharmonic equivalent to half-diminished seventh chord above C#,F#-diminished-major ninth chord,1/6,"Agnew, Roy, Rural Sketches, ZAGQD_jcGf8.mid",140
F#-diminished-major ninth chord,F#-major scale,1/3,"Agnew, Roy, Rural Sketches, ZAGQD_jcGf8.mid",141
F#-major scale,F#-major scale,1/12,"Agnew, Roy, Rural Sketches, ZAGQD_jcGf8.mid",142
F#-major scale,E-major triad,1/12,"Agnew, Roy, Rural Sketches, ZAGQD_jcGf8.mid",143
E-major triad,E-major triad,0.5,"Agnew, Roy, Rural Sketches, ZAGQD_jcGf8.mid",144
E-major triad,E-major triad,5/6,"Agnew, Roy, Rural Sketches, ZAGQD_jcGf8.mid",145
E-major triad,C-augmented major tetrachord,2/3,"Agnew, Roy, Rural Sketches, ZAGQD_jcGf8.mid",146
C-augmented major tetrachord,C-combinatorial P (P6),1.0,"Agnew, Roy, Rural Sketches, ZAGQD_jcGf8.mid",147
C-combinatorial P (P6),forte class 7-3B above E,1/6,"Agnew, Roy, Rural Sketches, ZAGQD_jcGf8.mid",148
forte class 7-3B above E,forte class 7-3B above E,1/12,"Agnew, Roy, Rural Sketches, ZAGQD_jcGf8.mid",149
forte class 7-3B above E,C-augmented-diminished ninth chord,1/12,"Agnew, Roy, Rural Sketches, ZAGQD_jcGf8.mid",150
C-augmented-diminished ninth chord,E-dominant seventh chord,2/3,"Agnew, Roy, Rural Sketches, ZAGQD_jcGf8.mid",151
E-dominant seventh chord,E,8/3,"Agnew, Roy, Rural Sketches, ZAGQD_jcGf8.mid",152
E,G#-diminished triad,0.25,"Agnew, Roy, Rural Sketches, ZAGQD_jcGf8.mid",153
G#-diminished triad,E-dominant seventh chord,0.75,"Agnew, Roy, Rural Sketches, ZAGQD_jcGf8.mid",154
E-dominant seventh chord,E-dominant-ninth,2/3,"Agnew, Roy, Rural Sketches, ZAGQD_jcGf8.mid",155
E-dominant-ninth,E-whole-tone tetramirror,1/12,"Agnew, Roy, Rural Sketches, ZAGQD_jcGf8.mid",156
E-whole-tone tetramirror,E-dominant-ninth,11/12,"Agnew, Roy, Rural Sketches, ZAGQD_jcGf8.mid",157
E-dominant-ninth,E-quartal trichord,1/12,"Agnew, Roy, Rural Sketches, ZAGQD_jcGf8.mid",158
E-quartal trichord,E-major-second major tetrachord,0.25,"Agnew, Roy, Rural Sketches, ZAGQD_jcGf8.mid",159
E-major-second major tetrachord,E-major triad,1.0,"Agnew, Roy, Rural Sketches, ZAGQD_jcGf8.mid",160
E-major triad,E-major triad,1.0,"Agnew, Roy, Rural Sketches, ZAGQD_jcGf8.mid",161
E-major triad,C-combinatorial I (I7),0.25,"Agnew, Roy, Rural Sketches, ZAGQD_jcGf8.mid",162
C-combinatorial I (I7),enharmonic equivalent to diminished triad above Eb,17/12,"Agnew, Roy, Rural Sketches, ZAGQD_jcGf8.mid",163
enharmonic equivalent to diminished triad above Eb,C-major-seventh pentacluster,1/12,"Agnew, Roy, Rural Sketches, ZAGQD_jcGf8.mid",164
C-major-seventh pentacluster,C#-whole-tone trichord,1.25,"Agnew, Roy, Rural Sketches, ZAGQD_jcGf8.mid",165
C#-whole-tone trichord,C#-whole-tone trichord,1.25,"Agnew, Roy, Rural Sketches, ZAGQD_jcGf8.mid",166
C#-whole-tone trichord,C#-augmented pentacluster,1/12,"Agnew, Roy, Rural Sketches, ZAGQD_jcGf8.mid",167
C#-augmented pentacluster,C#-augmented pentacluster,1/12,"Agnew, Roy, Rural Sketches, ZAGQD_jcGf8.mid",168
C#-augmented pentacluster,Eb-augmented major tetrachord,1/12,"Agnew, Roy, Rural Sketches, ZAGQD_jcGf8.mid",169
Eb-augmented major tetrachord,G-major triad,1.25,"Agnew, Roy, Rural Sketches, ZAGQD_jcGf8.mid",170
G-major triad,G-major triad,1.25,"Agnew, Roy, Rural Sketches, ZAGQD_jcGf8.mid",171
G-major triad,E-minor seventh chord,1.0,"Agnew, Roy, Rural Sketches, ZAGQD_jcGf8.mid",172
E-minor seventh chord,E-minor-ninth chord,0.75,"Agnew, Roy, Rural Sketches, ZAGQD_jcGf8.mid",173
E-minor-ninth chord,E-minor-ninth chord,0.25,"Agnew, Roy, Rural Sketches, ZAGQD_jcGf8.mid",174
E-minor-ninth chord,E-major-second minor tetrachord,1/3,"Agnew, Roy, Rural Sketches, ZAGQD_jcGf8.mid",175
E-major-second minor tetrachord,E-minor triad,1/6,"Agnew, Roy, Rural Sketches, ZAGQD_jcGf8.mid",176
E-minor triad,E-quartal tetramirror,0.25,"Agnew, Roy, Rural Sketches, ZAGQD_jcGf8.mid",177
E-quartal tetramirror,G-quartal trichord,0.75,"Agnew, Roy, Rural Sketches, ZAGQD_jcGf8.mid",178
G-quartal trichord,G-lydian pentachord,0.25,"Agnew, Roy, Rural Sketches, ZAGQD_jcGf8.mid",179
G-lydian pentachord,G-all-interval tetrachord,1/12,"Agnew, Roy, Rural Sketches, ZAGQD_jcGf8.mid",180
G-all-interval tetrachord,B-minor trichord,1/6,"Agnew, Roy, Rural Sketches, ZAGQD_jcGf8.mid",181
B-minor trichord,Major Second above B,2/3,"Agnew, Roy, Rural Sketches, ZAGQD_jcGf8.mid",182
Major Second above B,B-minor trichord,5/6,"Agnew, Roy, Rural Sketches, ZAGQD_jcGf8.mid",183
B-minor trichord,B-lydian tetrachord,1/3,"Agnew, Roy, Rural Sketches, ZAGQD_jcGf8.mid",184
B-lydian tetrachord,Perfect Fourth above A,1/12,"Agnew, Roy, Rural Sketches, ZAGQD_jcGf8.mid",185
Perfect Fourth above A,A,5/12,"Agnew, Roy, Rural Sketches, ZAGQD_jcGf8.mid",186
A,Perfect Fifth above A,2/3,"Agnew, Roy, Rural Sketches, ZAGQD_jcGf8.mid",187
Perfect Fifth above A,A-incomplete dominant-seventh chord,1.0,"Agnew, Roy, Rural Sketches, ZAGQD_jcGf8.mid",188
A-incomplete dominant-seventh chord,A-minor seventh chord,1.0,"Agnew, Roy, Rural Sketches, ZAGQD_jcGf8.mid",189
A-minor seventh chord,F#-combinatorial RI (RI1),0.25,"Agnew, Roy, Rural Sketches, ZAGQD_jcGf8.mid",190
F#-combinatorial RI (RI1),F#-incomplete dominant-seventh chord,1/12,"Agnew, Roy, Rural Sketches, ZAGQD_jcGf8.mid",191
F#-incomplete dominant-seventh chord,Perfect Fourth above C#,2/3,"Agnew, Roy, Rural Sketches, ZAGQD_jcGf8.mid",192
Perfect Fourth above C#,Perfect Fifth above F#,0.75,"Agnew, Roy, Rural Sketches, ZAGQD_jcGf8.mid",193
Perfect Fifth above F#,enharmonic equivalent to major triad above Bb,0.25,"Agnew, Roy, Rural Sketches, ZAGQD_jcGf8.mid",194
enharmonic equivalent to major triad above Bb,enharmonic equivalent to major triad above Bb,0.5,"Agnew, Roy, Rural Sketches, ZAGQD_jcGf8.mid",195
enharmonic equivalent to major triad above Bb,C#-Kumoi pentachord,0.5,"Agnew, Roy, Rural Sketches, ZAGQD_jcGf8.mid",196
C#-Kumoi pentachord,C#-Kumoi pentachord,1/3,"Agnew, Roy, Rural Sketches, ZAGQD_jcGf8.mid",197
C#-Kumoi pentachord,forte class 6-41B above Bb,1/6,"Agnew, Roy, Rural Sketches, ZAGQD_jcGf8.mid",198
forte class 6-41B above Bb,F#-diminished triad,0.75,"Agnew, Roy, Rural Sketches, ZAGQD_jcGf8.mid",199
F#-diminished triad,D-dominant seventh chord,1.0,"Agnew, Roy, Rural Sketches, ZAGQD_jcGf8.mid",200
D-dominant seventh chord,B-dorian hexachord,1/12,"Agnew, Roy, Rural Sketches, ZAGQD_jcGf8.mid",201
B-dorian hexachord,E-incomplete dominant-seventh chord,1/6,"Agnew, Roy, Rural Sketches, ZAGQD_jcGf8.mid",202
E-incomplete dominant-seventh chord,E-incomplete dominant-seventh chord,1.0,"Agnew, Roy, Rural Sketches, ZAGQD_jcGf8.mid",203
E-incomplete dominant-seventh chord,E-incomplete dominant-seventh chord,0.5,"Agnew, Roy, Rural Sketches, ZAGQD_jcGf8.mid",204
E-incomplete dominant-seventh chord,E-incomplete dominant-seventh chord,1.0,"Agnew, Roy, Rural Sketches, ZAGQD_jcGf8.mid",205
E-incomplete dominant-seventh chord,C-tritone-expanding pentachord,0.25,"Agnew, Roy, Rural Sketches, ZAGQD_jcGf8.mid",206
C-tritone-expanding pentachord,C-tritone-expanding pentachord,0.25,"Agnew, Roy, Rural Sketches, ZAGQD_jcGf8.mid",207
C-tritone-expanding pentachord,Major Second above Bb,0.5,"Agnew, Roy, Rural Sketches, ZAGQD_jcGf8.mid",208
Major Second above Bb,C-dominant seventh chord,1.0,"Agnew, Roy, Rural Sketches, ZAGQD_jcGf8.mid",209
C-dominant seventh chord,C-dominant seventh chord,1.0,"Agnew, Roy, Rural Sketches, ZAGQD_jcGf8.mid",210
C-dominant seventh chord,A-major pentatonic,1.0,"Agnew, Roy, Rural Sketches, ZAGQD_jcGf8.mid",211
A-major pentatonic,A-combinatorial RI (RI2),0.25,"Agnew, Roy, Rural Sketches, ZAGQD_jcGf8.mid",212
A-combinatorial RI (RI2),C-augmented major tetrachord,1/12,"Agnew, Roy, Rural Sketches, ZAGQD_jcGf8.mid",213
C-augmented major tetrachord,C-augmented triad,7/6,"Agnew, Roy, Rural Sketches, ZAGQD_jcGf8.mid",214
C-augmented triad,C-augmented major tetrachord,0.25,"Agnew, Roy, Rural Sketches, ZAGQD_jcGf8.mid",215
C-augmented major tetrachord,C-augmented major tetrachord,1.25,"Agnew, Roy, Rural Sketches, ZAGQD_jcGf8.mid",216
C-augmented major tetrachord,C-augmented major tetrachord,5/3,"Agnew, Roy, Rural Sketches, ZAGQD_jcGf8.mid",217
C-augmented major tetrachord,C-augmented pentacluster,13/12,"Agnew, Roy, Rural Sketches, ZAGQD_jcGf8.mid",218
C-augmented pentacluster,Eb-tritone-fourth,1.25,"Agnew, Roy, Rural Sketches, ZAGQD_jcGf8.mid",219
Eb-tritone-fourth,E-,5/6,"Agnew, Roy, Rural Sketches, ZAGQD_jcGf8.mid",220
E-,Diminished Fifth above G#,2/3,"Agnew, Roy, Rural Sketches, ZAGQD_jcGf8.mid",221
Diminished Fifth above G#,E-flat-ninth pentachord,0.25,"Agnew, Roy, Rural Sketches, ZAGQD_jcGf8.mid",222
E-flat-ninth pentachord,E-major-diminished tetrachord,1/12,"Agnew, Roy, Rural Sketches, ZAGQD_jcGf8.mid",223
E-major-diminished tetrachord,E-major-diminished tetrachord,1.25,"Agnew, Roy, Rural Sketches, ZAGQD_jcGf8.mid",224
E-major-diminished tetrachord,E-flat-ninth pentachord,0.75,"Agnew, Roy, Rural Sketches, ZAGQD_jcGf8.mid",225
E-flat-ninth pentachord,E-flat-ninth pentachord,1/6,"Agnew, Roy, Rural Sketches, ZAGQD_jcGf8.mid",226
E-flat-ninth pentachord,E-flat-ninth pentachord,5/6,"Agnew, Roy, Rural Sketches, ZAGQD_jcGf8.mid",227
E-flat-ninth pentachord,E-combinatorial I (I1),2/3,"Agnew, Roy, Rural Sketches, ZAGQD_jcGf8.mid",228
E-combinatorial I (I1),E-Neapolitan pentachord,1/12,"Agnew, Roy, Rural Sketches, ZAGQD_jcGf8.mid",229
E-Neapolitan pentachord,forte class 7-25B above E,0.25,"Agnew, Roy, Rural Sketches, ZAGQD_jcGf8.mid",230
forte class 7-25B above E,F-minor-second quartal tetrachord,1.75,"Agnew, Roy, Rural Sketches, ZAGQD_jcGf8.mid",231
F-minor-second quartal tetrachord,E-phrygian pentachord,0.25,"Agnew, Roy, Rural Sketches, ZAGQD_jcGf8.mid",232
E-phrygian pentachord,G-whole-tone tetramirror,1.0,"Agnew, Roy, Rural Sketches, ZAGQD_jcGf8.mid",233
G-whole-tone tetramirror,G-whole-tone tetramirror,1/3,"Agnew, Roy, Rural Sketches, ZAGQD_jcGf8.mid",234
G-whole-tone tetramirror,G-tritone-contracting pentachord,1/12,"Agnew, Roy, Rural Sketches, ZAGQD_jcGf8.mid",235
G-tritone-contracting pentachord,G-all-interval tetrachord,7/3,"Agnew, Roy, Rural Sketches, ZAGQD_jcGf8.mid",236
G-all-interval tetrachord,Bb-all-interval tetrachord,0.25,"Agnew, Roy, Rural Sketches, ZAGQD_jcGf8.mid",237
Bb-all-interval tetrachord,B-incomplete dominant-seventh chord,1.0,"Agnew, Roy, Rural Sketches, ZAGQD_jcGf8.mid",238
B-incomplete dominant-seventh chord,B-incomplete dominant-seventh chord,4.0,"Agnew, Roy, Rural Sketches, ZAGQD_jcGf8.mid",239
B-incomplete dominant-seventh chord,B-incomplete dominant-seventh chord,0.75,"Agnew, Roy, Rural Sketches, ZAGQD_jcGf8.mid",240
B-incomplete dominant-seventh chord,B-incomplete dominant-seventh chord,1.5,"Agnew, Roy, Rural Sketches, ZAGQD_jcGf8.mid",241
B-incomplete dominant-seventh chord,enharmonic to dominant seventh chord above C#,0.75,"Agnew, Roy, Rural Sketches, ZAGQD_jcGf8.mid",242
enharmonic to dominant seventh chord above C#,Augmented Second above F,1/3,"Agnew, Roy, Rural Sketches, ZAGQD_jcGf8.mid",243
Augmented Second above F,G#-incomplete dominant-seventh chord,2/3,"Agnew, Roy, Rural Sketches, ZAGQD_jcGf8.mid",244
G#-incomplete dominant-seventh chord,G#-incomplete dominant-seventh chord,1/3,"Agnew, Roy, Rural Sketches, ZAGQD_jcGf8.mid",245
G#-incomplete dominant-seventh chord,G#-perfect-fourth diminished tetrachord,11/12,"Agnew, Roy, Rural Sketches, ZAGQD_jcGf8.mid",246
G#-perfect-fourth diminished tetrachord,G#-minor-diminished ninth chord,0.75,"Agnew, Roy, Rural Sketches, ZAGQD_jcGf8.mid",247
G#-minor-diminished ninth chord,G#-combinatorial I (I1),1.0,"Agnew, Roy, Rural Sketches, ZAGQD_jcGf8.mid",248
G#-combinatorial I (I1),enharmonic to dominant seventh chord above F,1/12,"Agnew, Roy, Rural Sketches, ZAGQD_jcGf8.mid",249
enharmonic to dominant seventh chord above F,enharmonic to dominant seventh chord above G#,1/6,"Agnew, Roy, Rural Sketches, ZAGQD_jcGf8.mid",250
enharmonic to dominant seventh chord above G#,B-incomplete dominant-seventh chord,1/12,"Agnew, Roy, Rural Sketches, ZAGQD_jcGf8.mid",251
B-incomplete dominant-seventh chord,Diminished Fourth above C#,1/6,"Agnew, Roy, Rural Sketches, ZAGQD_jcGf8.mid",252
Diminished Fourth above C#,F,0.5,"Agnew, Roy, Rural Sketches, ZAGQD_jcGf8.mid",253
F,B,1.25,"Agnew, Roy, Rural Sketches, ZAGQD_jcGf8.mid",254
B,Augmented Unison above Bb,5/12,"Agnew, Roy, Rural Sketches, ZAGQD_jcGf8.mid",255
Augmented Unison above Bb,B-,13/12,"Agnew, Roy, Rural Sketches, ZAGQD_jcGf8.mid",256
B-,Minor Second above A,0.5,"Agnew, Roy, Rural Sketches, ZAGQD_jcGf8.mid",257
Minor Second above A,A,5/12,"Agnew, Roy, Rural Sketches, ZAGQD_jcGf8.mid",258
A,Major Second above G,1/3,"Agnew, Roy, Rural Sketches, ZAGQD_jcGf8.mid",259
Major Second above G,Major Second above G,0.5,"Agnew, Roy, Rural Sketches, ZAGQD_jcGf8.mid",260
Major Second above G,Diminished Octave above G#,1/6,"Agnew, Roy, Rural Sketches, ZAGQD_jcGf8.mid",261
Diminished Octave above G#,G#,2/3,"Agnew, Roy, Rural Sketches, ZAGQD_jcGf8.mid",262
G#,Minor Second above G#,1/6,"Agnew, Roy, Rural Sketches, ZAGQD_jcGf8.mid",263
Minor Second above G#,A,5/6,"Agnew, Roy, Rural Sketches, ZAGQD_jcGf8.mid",264
A,Perfect Fourth above A,1/6,"Agnew, Roy, Rural Sketches, ZAGQD_jcGf8.mid",265
Perfect Fourth above A,D-dominant-ninth,1/12,"Agnew, Roy, Rural Sketches, ZAGQD_jcGf8.mid",266
D-dominant-ninth,D-whole-tone tetramirror,17/12,"Agnew, Roy, Rural Sketches, ZAGQD_jcGf8.mid",267
D-whole-tone tetramirror,D-whole-tone tetramirror,1.0,"Agnew, Roy, Rural Sketches, ZAGQD_jcGf8.mid",268
D-whole-tone tetramirror,D-whole-tone tetramirror,1/12,"Agnew, Roy, Rural Sketches, ZAGQD_jcGf8.mid",269
D-whole-tone tetramirror,F#-incomplete half-diminished seventh chord,11/12,"Agnew, Roy, Rural Sketches, ZAGQD_jcGf8.mid",270
F#-incomplete half-diminished seventh chord,F#-incomplete half-diminished seventh chord,1.0,"Agnew, Roy, Rural Sketches, ZAGQD_jcGf8.mid",271
F#-incomplete half-diminished seventh chord,F#-incomplete half-diminished seventh chord,0.25,"Agnew, Roy, Rural Sketches, ZAGQD_jcGf8.mid",272
F#-incomplete half-diminished seventh chord,F#-incomplete half-diminished seventh chord,1/12,"Agnew, Roy, Rural Sketches, ZAGQD_jcGf8.mid",273
F#-incomplete half-diminished seventh chord,F#-incomplete half-diminished seventh chord,1/6,"Agnew, Roy, Rural Sketches, ZAGQD_jcGf8.mid",274
F#-incomplete half-diminished seventh chord,F#-incomplete half-diminished seventh chord,1/6,"Agnew, Roy, Rural Sketches, ZAGQD_jcGf8.mid",275
F#-incomplete half-diminished seventh chord,F#-incomplete half-diminished seventh chord,1/6,"Agnew, Roy, Rural Sketches, ZAGQD_jcGf8.mid",276
F#-incomplete half-diminished seventh chord,Minor Sixth above E,1/6,"Agnew, Roy, Rural Sketches, ZAGQD_jcGf8.mid",277
Minor Sixth above E,E,0.25,"Agnew, Roy, Rural Sketches, ZAGQD_jcGf8.mid",278
E,C-major-minor trichord,7/12,"Agnew, Roy, Rural Sketches, ZAGQD_jcGf8.mid",279
C-major-minor trichord,Major Sixth above Eb,1/6,"Agnew, Roy, Rural Sketches, ZAGQD_jcGf8.mid",280
Major Sixth above Eb,C-major-minor trichord,0.25,"Agnew, Roy, Rural Sketches, ZAGQD_jcGf8.mid",281
C-major-minor trichord,E,0.75,"Agnew, Roy, Rural Sketches, ZAGQD_jcGf8.mid",282
E,B-incomplete half-diminished seventh chord,19/12,"Agnew, Roy, Rural Sketches, ZAGQD_jcGf8.mid",283
B-incomplete half-diminished seventh chord,B-half-diminished seventh chord,2/3,"Agnew, Roy, Rural Sketches, ZAGQD_jcGf8.mid",284
B-half-diminished seventh chord,B-half-diminished seventh chord,1/3,"Agnew, Roy, Rural Sketches, ZAGQD_jcGf8.mid",285
B-half-diminished seventh chord,G-dominant-ninth,4/3,"Agnew, Roy, Rural Sketches, ZAGQD_jcGf8.mid",286
G-dominant-ninth,G-dominant-ninth,5/12,"Agnew, Roy, Rural Sketches, ZAGQD_jcGf8.mid",287
G-dominant-ninth,Perfect Fourth above D,2/3,"Agnew, Roy, Rural Sketches, ZAGQD_jcGf8.mid",288
Perfect Fourth above D,C-quartal trichord,5/12,"Agnew, Roy, Rural Sketches, ZAGQD_jcGf8.mid",289
C-quartal trichord,Perfect Fifth above C,0.5,"Agnew, Roy, Rural Sketches, ZAGQD_jcGf8.mid",290
Perfect Fifth above C,C-major triad,1/12,"Agnew, Roy, Rural Sketches, ZAGQD_jcGf8.mid",291
C-major triad,Minor Third above E,0.25,"Agnew, Roy, Rural Sketches, ZAGQD_jcGf8.mid",292
Minor Third above E,Minor Third above E,1/3,"Agnew, Roy, Rural Sketches, ZAGQD_jcGf8.mid",293
Minor Third above E,C-major triad,1/6,"Agnew, Roy, Rural Sketches, ZAGQD_jcGf8.mid",294
C-major triad,C-perfect-fourth major tetrachord,1/6,"Agnew, Roy, Rural Sketches, ZAGQD_jcGf8.mid",295
C-perfect-fourth major tetrachord,F-quartal trichord,0.25,"Agnew, Roy, Rural Sketches, ZAGQD_jcGf8.mid",296
F-quartal trichord,Perfect Fifth above F,5/12,"Agnew, Roy, Rural Sketches, ZAGQD_jcGf8.mid",297
Perfect Fifth above F,enharmonic equivalent to minor triad above F,1/6,"Agnew, Roy, Rural Sketches, ZAGQD_jcGf8.mid",298
enharmonic equivalent to minor triad above F,enharmonic equivalent to half-diminished seventh chord above D,1/3,"Agnew, Roy, Rural Sketches, ZAGQD_jcGf8.mid",299
enharmonic equivalent to half-diminished seventh chord above D,enharmonic equivalent to half-diminished seventh chord above D,5/3,"Agnew, Roy, Rural Sketches, ZAGQD_jcGf8.mid",300
enharmonic equivalent to half-diminished seventh chord above D,D-Kumoi pentachord,0.5,"Agnew, Roy, Rural Sketches, ZAGQD_jcGf8.mid",301
D-Kumoi pentachord,D-quartal tetramirror,1.25,"Agnew, Roy, Rural Sketches, ZAGQD_jcGf8.mid",302
D-quartal tetramirror,C-major pentachord,1/12,"Agnew, Roy, Rural Sketches, ZAGQD_jcGf8.mid",303
C-major pentachord,C-major-second major tetrachord,17/12,"Agnew, Roy, Rural Sketches, ZAGQD_jcGf8.mid",304
C-major-second major tetrachord,C-center-cluster pentachord,0.5,"Agnew, Roy, Rural Sketches, ZAGQD_jcGf8.mid",305
C-center-cluster pentachord,C-major-second minor tetrachord,0.75,"Agnew, Roy, Rural Sketches, ZAGQD_jcGf8.mid",306
C-major-second minor tetrachord,C-quartal trichord,0.75,"Agnew, Roy, Rural Sketches, ZAGQD_jcGf8.mid",307
C-quartal trichord,Minor Seventh above D,0.25,"Agnew, Roy, Rural Sketches, ZAGQD_jcGf8.mid",308
Minor Seventh above D,C,2.0,"Agnew, Roy, Rural Sketches, ZAGQD_jcGf8.mid",309
C,E-,1/3,"Agnew, Roy, Rural Sketches, ZAGQD_jcGf8.mid",310
E-,Minor Seventh above F,4/3,"Agnew, Roy, Rural Sketches, ZAGQD_jcGf8.mid",311
Minor Seventh above F,Eb-incomplete minor-seventh chord,1/3,"Agnew, Roy, Rural Sketches, ZAGQD_jcGf8.mid",312
Eb-incomplete minor-seventh chord,Diminished Sixth above G#,2/3,"Agnew, Roy, Rural Sketches, ZAGQD_jcGf8.mid",313
Diminished Sixth above G#,Eb-quartal trichord,1/3,"Agnew, Roy, Rural Sketches, ZAGQD_jcGf8.mid",314
Eb-quartal trichord,Perfect Fourth above Bb,1/12,"Agnew, Roy, Rural Sketches, ZAGQD_jcGf8.mid",315
Perfect Fourth above Bb,B-,11/12,"Agnew, Roy, Rural Sketches, ZAGQD_jcGf8.mid",316
B-,C-minor seventh chord,1/3,"Agnew, Roy, Rural Sketches, ZAGQD_jcGf8.mid",317
C-minor seventh chord,C-minor triad,19/6,"Agnew, Roy, Rural Sketches, ZAGQD_jcGf8.mid",318
C-minor triad,C-minor triad,0.5,"Agnew, Roy, Rural Sketches, ZAGQD_jcGf8.mid",319
C-minor triad,C-minor triad,0.75,"Agnew, Roy, Rural Sketches, ZAGQD_jcGf8.mid",320
C-minor triad,C-minor triad,0.25,"Agnew, Roy, Rural Sketches, ZAGQD_jcGf8.mid",321
C-minor triad,enharmonic equivalent to major seventh chord above C,0.75,"Agnew, Roy, Rural Sketches, ZAGQD_jcGf8.mid",322
enharmonic equivalent to major seventh chord above C,enharmonic equivalent to major seventh chord above C,1/12,"Agnew, Roy, Rural Sketches, ZAGQD_jcGf8.mid",323
enharmonic equivalent to major seventh chord above C,enharmonic equivalent to major seventh chord above G,5/12,"Agnew, Roy, Rural Sketches, ZAGQD_jcGf8.mid",324
enharmonic equivalent to major seventh chord above G,enharmonic equivalent to minor-ninth chord above G,1/12,"Agnew, Roy, Rural Sketches, ZAGQD_jcGf8.mid",325
enharmonic equivalent to minor-ninth chord above G,enharmonic equivalent to minor-ninth chord above G,2/3,"Agnew, Roy, Rural Sketches, ZAGQD_jcGf8.mid",326
enharmonic equivalent to minor-ninth chord above G,enharmonic equivalent to minor seventh chord above F,0.25,"Agnew, Roy, Rural Sketches, ZAGQD_jcGf8.mid",327
enharmonic equivalent to minor seventh chord above F,enharmonic equivalent to minor seventh chord above G#,0.75,"Agnew, Roy, Rural Sketches, ZAGQD_jcGf8.mid",328
enharmonic equivalent to minor seventh chord above G#,enharmonic equivalent to minor seventh chord above G#,1/3,"Agnew, Roy, Rural Sketches, ZAGQD_jcGf8.mid",329
enharmonic equivalent to minor seventh chord above G#,C-major pentatonic,0.25,"Agnew, Roy, Rural Sketches, ZAGQD_jcGf8.mid",330
C-major pentatonic,C-major pentatonic,5/12,"Agnew, Roy, Rural Sketches, ZAGQD_jcGf8.mid",331
C-major pentatonic,Eb-quartal trichord,1.25,"Agnew, Roy, Rural Sketches, ZAGQD_jcGf8.mid",332
Eb-quartal trichord,C-major pentatonic,1/12,"Agnew, Roy, Rural Sketches, ZAGQD_jcGf8.mid",333
C-major pentatonic,C-major pentatonic,1/3,"Agnew, Roy, Rural Sketches, ZAGQD_jcGf8.mid",334
C-major pentatonic,C-perfect-fourth minor tetrachord,1/12,"Agnew, Roy, Rural Sketches, ZAGQD_jcGf8.mid",335
C-perfect-fourth minor tetrachord,C-minor triad,1.25,"Agnew, Roy, Rural Sketches, ZAGQD_jcGf8.mid",336
C-minor triad,C-minor triad,3.0,"Agnew, Roy, Rural Sketches, ZAGQD_jcGf8.mid",337
C-minor triad,E-,0.25,"Agnew, Roy, Rural Sketches, ZAGQD_jcGf8.mid",338
E-,C-minor triad,0.25,"Agnew, Roy, Rural Sketches, ZAGQD_jcGf8.mid",339
C-minor triad,C-minor triad,0.5,"Agnew, Roy, Rural Sketches, ZAGQD_jcGf8.mid",340
C-minor triad,E-,10/3,"Agnew, Roy, Rural Sketches, ZAGQD_jcGf8.mid",341
E-,Perfect Fifth above C,4.0,"Agnew, Roy, Rural Sketches, ZAGQD_jcGf8.mid",342
Perfect Fifth above C,Perfect Fifth above C,3.0,"Agnew, Roy, Rural Sketches, ZAGQD_jcGf8.mid",343
Perfect Fifth above C,Diminished Seventh above F#,1.5,"Agnew, Roy, Rural Sketches, ZAGQD_jcGf8.mid",344
Diminished Seventh above F#,Eb-minor tetramirror,0.75,"Agnew, Roy, Rural Sketches, ZAGQD_jcGf8.mid",345
Eb-minor tetramirror,Diminished Seventh above G#,0.75,"Agnew, Roy, Rural Sketches, ZAGQD_jcGf8.mid",346
Diminished Seventh above G#,G#-phrygian trichord,1/6,"Agnew, Roy, Rural Sketches, ZAGQD_jcGf8.mid",347
G#-phrygian trichord,G#-phrygian tetrachord,1/3,"Agnew, Roy, Rural Sketches, ZAGQD_jcGf8.mid",348
G#-phrygian tetrachord,Augmented Fifth above Bb,1.0,"Agnew, Roy, Rural Sketches, ZAGQD_jcGf8.mid",349
Augmented Fifth above Bb,Augmented Second above Bb,0.25,"Agnew, Roy, Rural Sketches, ZAGQD_jcGf8.mid",350
Augmented Second above Bb,enharmonic equivalent to major triad above Bb,1/6,"Agnew, Roy, Rural Sketches, ZAGQD_jcGf8.mid",351
enharmonic equivalent to major triad above Bb,enharmonic equivalent to major triad above C#,1/3,"Agnew, Roy, Rural Sketches, ZAGQD_jcGf8.mid",352
enharmonic equivalent to major triad above C#,Diminished Seventh above C#,1.25,"Agnew, Roy, Rural Sketches, ZAGQD_jcGf8.mid",353
Diminished Seventh above C#,A-alternating tetramirror,0.25,"Agnew, Roy, Rural Sketches, ZAGQD_jcGf8.mid",354
A-alternating tetramirror,Major Sixth above C,0.75,"Agnew, Roy, Rural Sketches, ZAGQD_jcGf8.mid",355
Major Sixth above C,Major Sixth above C,3.0,"Agnew, Roy, Rural Sketches, ZAGQD_jcGf8.mid",356
Major Sixth above C,A-diminished triad,0.5,"Agnew, Roy, Rural Sketches, ZAGQD_jcGf8.mid",357
A-diminished triad,Minor Third above C,0.5,"Agnew, Roy, Rural Sketches, ZAGQD_jcGf8.mid",358
Minor Third above C,Minor Third above C,4.0,"Agnew, Roy, Rural Sketches, ZAGQD_jcGf8.mid",359
Minor Third above C,C-center-cluster pentachord,1/3,"Agnew, Roy, Rural Sketches, ZAGQD_jcGf8.mid",360
C-center-cluster pentachord,C-major-second major tetrachord,11/3,"Agnew, Roy, Rural Sketches, ZAGQD_jcGf8.mid",361
C-major-second major tetrachord,C-major-second major tetrachord,1.25,"Agnew, Roy, Rural Sketches, ZAGQD_jcGf8.mid",362
C-major-second major tetrachord,D-Guidonian hexachord,5/12,"Agnew, Roy, Rural Sketches, ZAGQD_jcGf8.mid",363
D-Guidonian hexachord,F-major triad,7/3,"Agnew, Roy, Rural Sketches, ZAGQD_jcGf8.mid",364
F-major triad,C,1.0,"Agnew, Roy, Rural Sketches, ZAGQD_jcGf8.mid",365
C,F-major triad,1.0,"Agnew, Roy, Rural Sketches, ZAGQD_jcGf8.mid",366
F-major triad,D-Guidonian hexachord,0.25,"Agnew, Roy, Rural Sketches, ZAGQD_jcGf8.mid",367
D-Guidonian hexachord,C-major-second major tetrachord,0.25,"Agnew, Roy, Rural Sketches, ZAGQD_jcGf8.mid",368
C-major-second major tetrachord,C-major-second major tetrachord,5/6,"Agnew, Roy, Rural Sketches, ZAGQD_jcGf8.mid",369
C-major-second major tetrachord,C-major triad,5/3,"Agnew, Roy, Rural Sketches, ZAGQD_jcGf8.mid",370
C-major triad,C-major triad,4.0,"Agnew, Roy, Rural Sketches, ZAGQD_jcGf8.mid",371
C-major triad,C-major triad,4.0,"Agnew, Roy, Rural Sketches, ZAGQD_jcGf8.mid",372
C-major triad,C-major triad,1.0,"Agnew, Roy, Rural Sketches, ZAGQD_jcGf8.mid",373
